21	13
45	29
77	42
95	57
131	69
186	86
206	99
214	103
216	105
231	111
233	112
241	116
293	143
327	164
346	170
369	181
372	183
429	214
453	221
459	225
462	227
466	228
568	265
578	267
618	284
620	286
646	299
648	300
665	309
669	312
670	313
672	314
677	319
680	321
685	324
695	328
698	330
708	333
711	335
721	342
748	355
770	360
790	371
828	386
841	391
874	404
890	407
896	411
915	423
927	429
944	436
984	453
1013	469
1017	472
1044	476
1069	486
1077	491
1080	493
1111	512
1123	515
1129	518
1145	523
1164	535
1169	539
1189	544
1210	553
1221	555
1226	561
1262	575
1265	577
1274	581
1292	588
1293	589
1297	590
1303	592
1307	594
1310	595
1315	599
1324	604
1344	609
1359	614
1409	639
1412	640
1428	647
1439	655
1451	662
1464	667
1515	687
1538	692
1539	694
1561	708
1594	723
1601	726
1613	731
1615	733
1617	734
1640	742
1642	743
1645	745
1649	747
1651	748
1698	767
1702	768
1705	769
1710	772
1715	775
1749	783
1789	801
1793	802
1799	805
1800	807
1817	812
1830	815
1843	819
1898	831
1938	843
1939	844
1943	845
1952	849
1975	857
2002	867
2011	872
2026	881
2047	889
2052	892
2068	905
2088	913
2094	918
2131	934
2139	938
2150	951
2159	956
2171	963
2207	979
2221	983
2237	988
2242	991
2247	993
2252	996
2261	1000
2270	1001
2275	1004
2282	1005
2284	1007
2286	1008
2316	1032
2375	1051
2386	1060
2391	1061
2406	1063
2442	1084
2474	1105
2477	1106
2496	1115
2502	1119
2540	1129
2544	1132
2550	1133
2560	1136
2564	1139
2572	1143
2586	1150
2592	1153
2597	1157
2624	1168
2627	1172
2630	1173
2654	1182
2684	1193
2726	1202
2732	1208
2756	1221
2760	1222
2776	1228
2777	1229
2781	1233
2796	1238
2828	1253
2831	1257
2880	1275
2882	1276
2887	1278
2891	1285
2915	1295
2916	1297
2919	1299
2921	1300
2925	1301
2937	1308
2976	1324
2981	1327
3009	1340
3060	1359
3071	1363
3074	1364
3096	1370
3102	1372
3112	1379
3117	1382
3125	1385
3140	1393
3156	1403
3157	1404
3205	1425
3211	1427
3222	1433
3227	1436
3263	1449
3265	1451
3282	1461
3286	1463
3288	1464
3290	1467
3295	1471
3306	1474
3308	1476
3325	1483
3326	1485
3336	1488
3353	1495
3363	1496
3383	1503
3389	1506
3395	1509
3442	1534
3443	1537
3444	1538
3487	1557
3528	1581
3530	1582
3541	1586
3550	1590
3568	1605
3580	1612
3596	1618
3615	1623
3618	1624
3636	1638
3650	1646
3658	1648
3661	1649
3677	1655
3686	1657
3695	1660
3708	1670
3728	1676
3748	1684
3750	1686
3769	1696
3773	1699
3790	1707
3827	1718
3851	1728
3861	1738
3863	1739
3868	1741
3909	1750
3957	1777
3981	1796
4031	1823
4037	1828
4067	1845
4093	1853
4123	1861
4125	1863
4126	1864
4133	1867
4180	1884
4186	1886
4217	1898
4244	1907
4256	1910
4258	1911
4268	1912
4272	1914
4273	1915
4305	1929
4334	1943
4335	1944
4336	1947
4374	1962
4403	1983
4410	1987
4438	1999
4446	2003
4451	2005
4464	2011
4467	2013
4468	2016
4469	2017
4492	2019
4498	2023
4520	2036
4521	2038
4533	2046
4545	2054
4630	2086
4648	2103
4664	2114
4666	2115
4706	2134
4716	2138
4720	2140
4734	2147
4738	2150
4744	2153
4749	2156
4773	2170
4806	2183
4814	2188
4864	2203
4867	2206
4875	2209
4896	2218
4942	2241
4947	2243
4951	2247
4953	2248
4967	2255
5007	2274
5008	2275
5012	2276
5047	2285
5067	2295
5088	2301
5110	2311
5145	2323
5155	2326
5206	2350
5219	2359
5249	2369
5253	2374
5299	2389
5326	2402
5373	2419
5375	2420
5404	2431
5416	2434
5420	2437
5422	2441
5430	2446
5435	2450
5461	2457
5464	2458
5488	2469
5512	2479
5524	2482
5532	2483
5533	2484
5537	2488
5562	2494
5566	2497
5586	2506
5605	2513
5629	2526
5633	2529
5639	2532
5675	2554
5702	2565
5703	2567
5705	2568
5710	2573
5719	2575
5727	2579
5728	2582
5753	2599
5761	2604
5817	2627
5828	2632
5844	2644
5847	2646
5873	2655
5878	2656
5895	2661
5938	2681
5940	2685
5954	2690
5955	2691
5957	2692
5969	2698
5973	2700
5990	2707
5997	2709
6001	2713
6024	2725
6027	2727
6070	2745
6080	2750
6132	2765
6139	2766
6151	2775
6152	2776
6154	2777
6155	2779
6158	2780
6161	2781
6205	2791
6262	2817
6278	2823
6325	2840
6329	2843
6345	2851
6358	2855
6373	2859
6381	2861
6385	2864
6403	2871
6411	2881
6433	2898
6446	2908
6448	2910
6479	2918
6535	2939
6540	2941
6562	2952
6582	2960
6598	2966
6647	2980
6653	2982
6658	2985
6660	2987
6700	3000
6732	3011
6751	3020
6782	3032
6791	3034
6806	3038
6819	3043
6827	3046
6834	3050
6892	3073
6911	3079
6935	3087
7000	3122
7037	3137
7054	3141
7056	3142
7093	3156
7130	3169
7135	3171
7152	3184
7200	3215
7219	3225
7250	3242
7286	3257
7299	3261
7322	3272
7344	3274
7364	3285
7383	3294
7426	3309
7447	3324
7449	3325
7451	3328
7465	3341
7468	3342
7494	3358
7509	3364
7530	3380
7545	3384
7568	3393
7584	3395
7592	3402
7595	3405
7600	3408
7610	3409
7621	3411
7640	3420
7696	3441
7698	3442
7759	3472
7772	3475
7817	3487
7843	3495
7844	3496
7867	3509
7872	3510
7874	3512
7898	3515
7907	3519
7920	3522
7939	3536
7946	3539
7953	3543
7994	3558
8031	3574
8034	3576
8073	3594
8096	3600
8103	3603
8111	3608
8122	3614
8123	3617
8128	3621
8140	3627
8144	3630
8148	3631
8155	3636
8162	3639
8193	3656
8195	3657
8211	3663
8217	3666
8219	3667
8222	3670
8223	3671
8227	3673
8313	3718
8314	3720
8316	3723
8327	3724
8345	3738
8356	3745
8370	3750
8382	3765
8417	3782
8433	3786
8437	3788
8466	3800
8467	3801
8483	3807
8484	3808
8494	3811
8496	3812
8528	3829
8645	3877
8648	3879
8667	3895
8703	3906
8731	3921
8737	3922
8747	3925
8798	3947
8799	3949
8828	3954
8873	3975
8877	3977
8884	3979
8885	3980
8887	3981
8900	3984
8928	3991
8942	3998
8978	4009
8991	4014
8993	4015
9006	4022
9008	4024
9021	4025
9082	4050
9098	4058
9101	4060
9103	4061
9116	4066
9132	4075
9133	4076
9146	4083
9147	4084
9154	4088
9161	4092
9163	4093
9164	4095
9177	4101
9194	4108
9211	4112
9217	4113
9219	4114
9228	4118
9232	4120
9241	4124
9243	4127
9249	4131
9265	4134
9275	4138
9286	4142
9321	4151
9370	4167
9371	4168
9374	4169
9401	4181
9413	4185
9444	4189
9451	4194
9462	4199
9463	4200
9505	4218
9512	4221
9529	4237
9545	4244
9560	4256
9563	4257
9571	4260
9573	4261
9578	4263
9590	4270
9597	4274
9601	4277
9603	4278
9633	4288
9634	4291
9644	4293
9657	4297
9658	4298
9664	4299
9667	4302
9673	4306
9738	4332
9743	4336
9809	4365
9827	4374
9830	4375
9849	4388
9862	4395
9873	4399
9896	4413
9934	4424
9987	4440
9995	4444
10008	4451
10013	4454
10012	4453
10014	4455
10016	4457
10015	4456
10370	4756
10225	4629
10483	4836
10306	5040
10689	5036
10592	4935
10586	5007
10431	4804
10273	4676
10160	4580
10209	4616
10416	4793
10256	4663
10291	4692
10631	4980
10709	5058
10252	4658
10671	5023
10147	4572
10190	4602
10618	4973
10181	4593
10706	5055
10530	4884
10060	4495
10071	4503
10334	4723
10092	4821
10247	4652
10708	5057
10265	4673
10647	4995
10368	4755
10312	4708
10057	4493
10365	4751
10435	4807
10137	4563
10037	4479
10110	4539
10698	5046
10436	4809
10187	4599
10681	5030
10638	4988
10310	4706
10221	4626
10644	4994
10246	4650
10593	4934
10058	4772
10200	4612
10626	4979
10321	4465
10240	4642
10280	4681
10622	4975
10117	4547
10617	4972
10314	4709
10527	4882
10068	4501
10100	4530
10526	4880
10412	4788
10179	4590
10380	4764
10585	4928
10705	5053
10042	4482
10444	4810
10253	4659
10308	4704
10565	4766
10201	4615
10258	4666
10294	4697
10577	4926
10485	4839
10344	4731
10604	4949
10248	4653
10269	4674
10403	4784
10063	4666
10084	4783
10353	4736
10369	4754
10559	4910
10287	4586
10143	4565
10111	4540
10420	4797
10682	5031
10688	5035
10696	5045
10168	4584
10186	4597
10600	4944
10713	4527
10249	4655
10680	5029
10479	5044
10418	4707
10135	4562
10116	4545
10603	4947
10506	4853
10515	5063
10250	4656
10502	4851
10499	4847
10552	4908
10376	4760
10325	4718
12435	6166
12913	6123
12935	6490
12662	6322
12145	5992
12608	6283
12342	6113
12319	6102
11860	5815
12362	6128
12126	5977
12391	6148
13130	6598
13068	6566
12742	6366
11968	5885
11869	5823
12050	6509
13151	6612
12758	6377
11927	5861
13205	6048
12022	5919
13020	6538
12006	5910
12795	6401
11673	5700
12970	6510
13088	6571
12703	6345
12054	5938
12773	6385
12770	6384
12345	6114
12814	6417
12817	6418
12093	5958
12300	6088
12558	6249
11607	5664
11998	5903
12911	6476
13164	6441
12314	6100
12246	6050
11594	5654
11998	5903
11883	5833
12814	6417
11981	5891
13078	6567
12202	6022
12988	6525
12259	6056
12092	5957
12401	6154
12266	6062
12987	6524
12655	6312
11841	5801
12869	6456
12653	6311
12950	6501
12556	6247
12528	6226
12634	6300
11720	5733
12449	6179
12305	6092
12539	6237
12349	6120
12738	6364
11759	5754
11836	5797
12495	6207
12559	6250
12780	6392
12720	6351
12449	5676
12996	6528
12716	6350
12640	6304
12376	6135
11728	5737
12286	6077
11788	5774
11703	5721
12136	5982
12860	6450
12165	6006
12368	6132
12954	6502
11789	5775
12910	5933
12467	6191
12534	6232
12662	6322
11644	5684
12101	5962
12840	6436
12296	6086
13202	6639
12154	5999
12879	6462
12318	6101
12840	6048
12910	5933
12337	6110
11702	5719
11954	5877
13092	6574
12309	6097
12314	6100
11794	5779
12852	6442
12404	6156
13207	5894
12243	6048
12322	6104
12954	6502
12438	6171
12126	5977
12240	6169
12788	5848
13018	6537
12920	6481
12368	6132
12672	6331
12938	6491
11985	5894
12947	6500
11782	5770
12683	6338
11700	5718
11681	5704
12587	6267
12739	5882
12688	6341
13048	6553
12623	6292
12829	6430
12068	5945
11654	5692
12971	6511
13194	6635
12569	6254
12105	5964
12009	5913
13107	6583
12704	6346
12040	5929
12433	6165
12910	5658
12224	6037
11981	5891
12076	5949
11602	5933
12221	6034
11950	5876
13149	5870
12844	6437
13121	6591
12435	6166
12000	5905
12754	6375
12771	5899
12257	6055
12338	6111
12078	5950
12522	6223
12799	6403
11617	5668
12812	6415
12129	5658
12737	6362
13145	6605
11707	5809
12905	6473
12618	6287
12126	6112
12303	6090
12896	5681
13159	6616
12702	6344
11590	5651
11935	5867
11835	5796
12517	6220
11594	5654
12854	6444
11602	6224
11881	5831
12582	6262
12097	5959
13129	6595
11897	5842
13038	6548
12096	5960
12519	6221
12050	5932
11621	6366
11857	5812
12592	6271
12704	6346
11709	5726
13137	6602
11879	5830
12049	5931
13056	6558
12573	6330
12353	6122
12081	5952
12209	6025
12333	6109
12344	6305
11776	5837
12436	6167
12548	6244
12599	6275
12196	6019
12266	6062
12166	6028
13049	6554
11830	5793
12130	5979
12501	6211
13048	6553
12156	6001
12830	6429
11986	5896
11602	5658
12549	6245
12251	6052
12238	6046
11905	5848
12421	5752
12485	6201
12906	6474
12209	6025
12171	6010
12516	6219
13029	6544
12867	6453
12417	6161
12032	5924
12649	6308
12408	6157
12346	6115
11999	5904
12277	6071
12354	6123
13198	6636
12975	5702
12517	6220
11884	5834
12988	6525
13205	6642
12703	6519
11749	5888
11770	5762
12013	5915
12625	6293
11689	5712
12852	6442
11591	5652
12712	6349
12811	6414
12311	6098
12836	6433
11637	5681
11781	5769
12354	6155
11843	5803
12105	5964
12759	6378
12694	6342
12453	6181
12223	6036
12544	6241
12439	6172
12702	6344
12447	6176
12666	6324
12638	6303
13203	6641
12500	6210
12473	6195
11977	5888
13047	6552
12648	6307
12477	6197
12675	6333
12424	6163
11787	5773
12577	6258
11994	5901
13078	6567
12422	6162
12374	6134
13156	6019
12056	5939
12923	6483
11614	5667
11863	5819
12296	6086
12542	6240
12244	6049
12891	6469
12327	5992
12377	6136
13121	6591
12005	5909
13017	6536
13145	6605
13150	6611
13216	6650
12044	5930
12914	6478
12774	6387
11636	5680
12809	6412
12396	6150
12941	6494
12617	6288
11958	5878
12745	6370
12582	6262
13193	6634
11772	5763
11959	5879
12785	6626
12482	6199
11836	5797
13009	6531
12146	5994
12227	6039
12732	6360
12645	6306
11798	5783
11625	5672
12193	5850
12738	6364
12957	6504
12138	5984
11733	5738
11995	5902
13105	6581
12712	6349
12927	6485
12101	5962
11649	5687
11624	5671
11896	5841
12999	6529
12737	6362
13212	6647
11924	5858
12333	5795
12130	5979
11740	5742
11735	5739
12250	6051
13168	6620
12536	6234
11776	6385
12548	6244
12879	6462
12554	6246
11843	5803
12278	6073
11983	5893
12449	6262
12922	6484
12585	6265
11713	5728
12233	6041
12575	6187
11690	5713
12279	6072
12571	6255
11690	5713
13093	6576
12669	6327
12118	5970
11946	5875
12862	6452
11639	5683
11862	5818
13026	6543
11869	5823
12010	5914
11935	5867
12327	5992
12746	6371
12375	6594
12169	6007
13155	6615
12942	6497
12495	6597
12301	6089
12928	6486
12961	6506
12593	6272
13087	6570
12356	6125
13109	6585
12096	5958
11694	5715
12663	6323
12331	6107
12023	5920
13168	6051
12250	6051
12786	6396
12064	5944
12604	6280
12270	6067
11877	5827
12943	6122
12711	6348
12440	6174
12600	6129
11936	5868
12357	6126
12447	6176
12213	6030
11985	5894
11650	5689
12822	6424
12088	5956
12786	6396
12075	5948
12923	6483
11608	5665
13160	6617
13203	6641
12984	6521
12136	5982
11902	5846
12210	6029
13009	6531
12828	6427
11663	5694
11768	5761
13199	6637
13016	6535
12658	6317
12573	6256
12096	5878
12575	6257
12819	6421
12670	6329
12364	6600
12763	6382
12541	6239
12821	6422
13022	6542
12973	6512
13155	5983
11678	6012
12038	5928
12170	6008
13155	6615
12507	6215
12385	6143
12957	6504
13135	6601
11590	5651
11958	5878
12364	6129
12157	6002
12140	5988
13128	6594
11877	5827
12726	6353
11783	5771
12157	6002
12620	6290
12347	6117
11761	5755
11736	5741
12778	6391
12524	5933
13039	6549
12354	5702
12158	6003
11922	5856
11846	5806
12199	5895
12541	6239
12743	6367
12844	6437
12036	5926
12242	6047
12352	6121
13049	6554
12451	6180
12053	5937
11946	5875
12361	6127
12742	6366
12580	6261
12622	6291
12636	6302
12128	5978
12740	6365
12123	5974
12869	6456
11943	5873
12524	5884
12188	6210
12439	6172
12449	6179
11678	5703
12634	6321
12440	6174
12956	6503
12618	6287
13183	6627
13022	6542
12611	6284
11992	5922
11637	5681
12096	5878
12672	6331
11976	5887
12544	6241
11815	5789
12009	5913
13034	6545
12276	6070
12661	6321
12377	6136
12485	6201
12891	6469
12472	6194
12740	6365
11774	5764
12162	6005
12433	6165
12396	6150
12379	6141
12495	6207
11740	5742
12465	6190
12921	6482
12070	5946
12308	6095
12620	6290
12133	5980
12188	6015
12238	6046
11692	5714
11844	5805
11972	5886
11645	5685
12068	5945
13021	6541
12961	6506
12288	6080
12634	6300
12204	6023
12300	6088
13064	6564
12524	6224
12834	6432
12699	6343
12573	6256
12379	6141
12709	6347
12587	6267
12744	6369
12659	6318
12671	6328
12063	5943
12463	6188
12339	6505
12331	6107
11757	5751
12915	6479
12958	6505
11761	5755
11908	5849
12557	5761
11678	5703
12152	5997
13120	6590
12482	5990
11855	5811
13211	6645
11668	5698
11706	5725
12611	6284
12086	5955
11803	5786
13159	6616
12282	6074
12543	6242
12254	6053
14646	7611
14621	7892
13671	7584
13403	7430
13321	6880
13885	7240
14018	7543
14330	7466
13320	7915
13648	7691
14420	7114
14103	6749
13451	7036
14009	7669
13557	7147
13685	7163
13557	7710
13973	7058
13743	7898
14588	6704
13741	7706
14360	7775
14588	7003
14125	7333
14400	7134
13331	7677
13522	7833
14628	7417
13436	7396
13927	7283
14612	7214
13398	6963
13518	7553
14330	7370
13237	7062
13440	6940
14298	7166
14400	6872
14468	7068
14599	6883
14305	7701
14104	7673
14242	7032
14339	7639
14588	6877
14352	7215
13398	7540
13868	6786
14116	7471
13968	7831
14470	7589
14009	7741
14330	7471
13874	7742
13970	7629
13523	7145
13557	7609
14330	7411
13684	7342
13498	6829
13476	6821
13273	6704
14246	6993
13947	7463
13654	7074
13694	7097
14599	7395
13699	7604
13743	7647
13654	7536
14431	7601
14588	7826
14612	7406
14109	7194
14552	7669
13557	7576
13337	6879
14262	7261
13885	7910
14561	7589
14330	7575
14588	7480
13584	6973
13885	6740
14617	7892
14330	7320
13890	6895
14588	6847
14612	7018
13365	6941
14599	7134
14140	7254
13825	7382
13242	7678
13716	6741
13828	7012
13766	7669
14140	6830
13341	6882
14009	6821
14040	7691
13390	7739
13518	6877
13942	7819
14636	6754
13557	7382
13866	7004
14330	7770
14588	7690
13973	7465
14599	7647
13738	7070
13600	6988
13742	7144
13796	7182
14556	7168
14469	6742
13292	7278
13498	6688
14612	7406
13435	7059
13745	7350
14330	7902
13973	7185
13510	7831
13685	6684
14009	7181
14612	7418
14612	7147
13766	7443
14047	7471
13437	6993
14588	7257
13885	6821
14607	6909
14360	6963
13626	6836
14599	7396
13685	7531
13908	7257
13510	7775
14588	7642
13685	6978
14540	7312
14599	7059
14360	7163
13426	7330
13381	6884
13578	7273
14283	7897
14252	6981
14612	7725
14400	6653
14618	6807
13351	6940
14602	7062
14599	6963
13921	7288
13910	6740
13320	6839
14498	7290
13968	7471
14505	7180
14588	7521
13398	7113
13796	7346
13836	6940
13577	7239
14330	7090
14588	7062
14136	7342
14140	7589
13394	7647
13694	7575
13365	6872
14612	7059
14612	7133
14612	7382
14351	7003
13866	6718
14612	6962
13744	7686
13472	7018
13968	7604
14075	7413
14440	7733
14446	7386
13242	7667
13763	7688
14216	7360
14162	7059
14612	7082
13360	7894
13306	7187
14199	7048
13368	7553
13437	6952
13503	7195
14136	7529
14612	6728
14554	6872
13846	7669
14588	7137
14330	6907
14267	7382
13880	7312
13584	6973
13694	7455
13395	6685
14419	7478
13880	6832
14571	7036
13853	7240
13557	7892
13498	7187
14214	7433
13935	7134
13229	7892
14588	7554
14261	7164
13577	7604
13517	7133
13917	7133
14505	7669
13351	7524
14321	6877
13669	6879
14174	7669
13747	7206
13597	6963
14588	7025
13824	7133
13923	7325
14468	7102
13544	7383
13398	7291
13973	6804
14599	7697
14358	7134
13890	6973
13620	7669
14073	7471
13973	7206
14414	6904
13333	7788
13264	7110
13961	7149
13557	6907
14204	7223
13398	7134
13893	7257
13557	7214
14454	7284
13376	7471
13740	7257
14400	7775
13866	6877
13261	7189
14534	7892
13398	7134
14410	7883
14588	7312
13818	7270
13968	7223
13572	7880
13814	6937
13973	7450
14036	7671
14505	7896
13699	7036
14330	7133
14597	6768
14599	7712
13330	7471
14612	6993
14420	7471
14511	6801
13910	7252
14334	7067
14612	7133
14588	7718
14068	6877
13498	7286
13880	7135
14465	6872
13885	6865
13973	6715
14216	6874
13320	7659
13824	7159
13358	7373
14245	6872
14140	7429
13694	7514
13557	7471
13249	6684
14046	7811
14330	7302
14330	6845
13918	7026
13606	7382
13521	6877
14071	7160
14573	7581
14009	6740
14330	7564
13921	7288
13825	6822
13330	7191
13780	7709
14068	7408
13241	7355
14612	7575
14280	7739
13719	7471
13615	7059
14330	7440
14599	7110
14330	7382
13964	7136
14030	7906
13394	7036
14330	6923
14157	6664
13595	7630
13567	7852
13710	7788
13518	6993
14140	7013
13908	6799
13518	6877
13747	7335
13376	7589
13683	6993
13360	7548
13493	7159
14057	7831
13683	6766
14095	7632
13462	7382
14602	7433
14116	7558
13368	7252
14267	7852
14384	7835
13660	7686
14262	7703
14330	7433
14126	7059
14216	7630
13398	6898
13518	7471
13747	7188
13706	7471
13712	7342
13498	7059
14599	7036
13893	7832
13577	7404
14556	7355
13557	7285
14135	6940
13326	6733
14505	7382
14601	7575
13557	7018
14249	7406
14612	7325
14612	6993
13711	7272
14410	7887
13498	7056
13741	7706
13973	7411
14368	7669
13694	7731
13602	7896
13747	6794
14462	7834
14138	6797
14599	6887
14612	7059
13853	7382
14330	7849
14638	7059
14639	7203
14305	7386
14009	6882
14599	7649
14358	7134
13743	7581
13973	6909
13557	7708
13498	7907
13918	7133
13789	7176
14320	7233
14330	7059
14599	6864
14253	7512
13586	7551
13937	7182
14071	6907
14607	7290
13928	6815
14642	7529
14454	7669
14590	7475
13451	6743
13743	6883
14254	6684
14294	7059
14612	7435
13973	6910
13852	7878
13743	7134
14330	7515
13775	6776
14421	7067
14537	7312
13280	7251
13675	7089
13892	7825
14235	7500
13412	7332
13505	7149
14584	7842
13978	7896
13860	7471
13498	6685
13518	7162
13398	7293
13686	7907
13557	6977
14439	7730
14252	6712
13933	6688
13863	7532
14353	7575
13533	7691
14588	6705
13557	7589
14330	7739
14588	7135
14109	7892
13853	7417
13365	7188
13657	7604
14588	6712
13440	7133
14009	7400
14599	6833
13439	6907
14111	7266
13863	7139
13785	7909
14103	7794
13669	7133
14582	7709
13472	7832
14612	7235
13244	7217
13968	6704
13977	7059
13249	7907
13900	6993
13418	7562
14588	7599
14468	7471
13430	7096
13747	6963
14263	7264
14047	7157
13472	7334
13320	7725
14315	7136
13907	7595
14535	7133
14046	7253
13455	6855
14070	7382
14590	7803
13452	7845
13559	7021
14588	7419
13589	7253
14612	6883
14612	7667
13574	7286
13343	7827
14030	6877
14556	7251
14254	7332
14550	6980
14439	7892
13553	6993
14173	6782
14330	6715
13581	6993
13974	7477
14162	7059
13686	7196
14001	7464
14551	7851
14260	7567
14429	6940
13675	7254
14330	7130
14549	6984
13368	6685
13885	7210
14199	7658
13407	6974
14641	7471
14599	7892
13518	7225
14252	7046
14140	7253
13957	7581
13778	7280
14552	6847
13553	6754
14082	6996
13589	7059
13498	7291
13675	7089
14330	6877
13317	7178
13993	6832
13923	7036
13459	7146
13743	7279
14612	6841
14612	7896
14009	7575
13743	7286
13557	6911
13727	6759
14330	7166
13853	7437
13498	7907
14409	7429
14612	6653
13498	6687
14264	7273
13398	7332
14599	7701
14214	7527
14298	7869
13833	7272
14049	6955
14382	7575
14104	6826
14363	7695
13554	7898
14168	7339
14588	6993
13365	7335
14071	7059
13953	7692
14118	7181
13923	7679
14612	7902
14474	6876
13557	6877
14635	7036
14476	7179
14460	7788
14330	7128
14330	7262
14455	7133
13747	7604
13790	6812
14330	6832
14612	6847
13866	7159
13518	6940
13365	6805
13472	7734
14103	7133
14455	7157
13256	7686
14140	7160
14368	7471
14140	7589
14140	6821
14588	6999
13372	7838
13912	7735
14330	7593
13557	7475
13451	7133
14202	6711
13998	6993
13903	6685
13498	7414
14555	7879
14330	7075
14493	6922
13547	7535
13862	7059
13654	7074
13863	7669
13312	7211
14353	7471
13223	7615
13825	7820
14612	7092
13743	6980
14216	7159
13398	7091
13637	6849
13307	7831
13320	6714
13249	7471
14612	6964
13626	7278
13368	7153
13795	7027
13702	7669
13736	6877
13234	7619
13544	7665
13256	6983
13307	7149
13472	7543
13973	7224
14409	6740
13546	7520
14612	6785
13398	7616
13589	7892
13745	6872
13910	7382
13973	7471
13961	7134
13694	6859
13995	7665
14047	7252
13685	7701
13553	7052
13993	7890
14419	7907
13669	7819
13973	6832
13747	6980
13472	7459
13736	6941
13330	6691
13389	6784
14213	7765
13348	7471
13234	7482
13330	7185
14612	7589
14009	6937
14330	6766
14599	7089
13327	6861
14598	6740
13282	6671
13463	7575
13330	7049
13225	7706
14455	7133
14604	6812
14046	7896
13662	7199
14490	7782
14086	7252
13727	7604
14436	6980
13466	7892
14599	7318
13880	7803
13923	6880
14612	6877
14612	7669
13924	7899
14612	7057
13432	7286
13550	6993
14272	7252
13598	7356
14452	6993
13491	6832
14423	7382
13770	7253
13973	7003
13372	6870
13365	7872
13425	6840
14245	6963
14556	7468
14612	7892
13234	7669
13973	6742
14432	6870
13626	7692
13518	7705
14612	7457
13491	7692
14404	7457
13531	7171
13491	7370
13570	7530
13669	6874
14084	7774
14395	6880
13973	7278
13694	7471
13679	6872
14106	7705
14345	7471
13714	7724
13747	7209
14305	6653
13557	7372
14505	7312
13998	6754
13410	7337
13498	7787
14140	7665
14365	6877
14588	7718
14566	7907
14590	7575
13330	7130
13893	6821
13366	7357
14588	7767
13973	7367
14141	7004
13826	6941
13472	7133
13531	7284
14588	7795
14009	7768
13330	7166
14245	6835
13422	6816
14358	6963
14360	6763
14588	7561
14246	7892
14413	7253
14009	7417
13398	7406
14265	7036
13249	7471
14599	7647
14599	7471
13398	7036
13463	7774
13968	6963
13923	6653
13467	6662
13705	7471
13743	7545
13672	6812
13472	7852
14211	7604
13510	7701
14612	6655
13961	7133
13973	6897
13627	7916
13269	6693
13771	6716
14612	7625
13777	7892
13803	6907
13563	7669
14493	7402
13282	7004
13303	7706
13234	6767
14009	7896
14560	7304
14612	7217
14039	7036
14338	7665
13451	7449
13699	7653
13480	7791
13923	7111
14261	7399
13456	7896
14353	7669
13789	7555
13611	7517
14009	7534
13365	7036
13513	6940
13515	6785
14417	7669
14599	7303
14626	7059
13973	7331
14470	7670
14109	7219
13976	7335
13923	6653
14588	6940
14340	6997
14019	7484
14092	7907
14612	7705
14315	7892
14409	6940
13320	7850
13935	7663
14330	7094
14599	7278
13991	7511
13234	7278
13741	6764
14614	7543
13973	7892
13312	7460
13261	6963
14140	6907
13498	7594
13818	6652
14400	7036
13328	6915
14612	7433
14121	7426
13921	6861
14330	7561
13553	7370
13595	6893
13848	6877
13853	7429
14612	7739
14612	7092
14397	7611
13808	7266
14199	7772
13574	7036
14391	7134
13260	7706
14330	7705
13472	7474
13980	7346
13885	7520
14556	7209
13785	6992
14556	7907
13973	7059
14468	6702
14398	7874
13806	7709
13964	7136
13248	6893
14043	7003
14317	7669
13561	7133
13312	6700
13961	7133
13557	7472
13935	7822
14599	7303
13961	6858
14214	7025
14254	7303
14599	7386
14588	7471
14636	7220
13945	6720
13577	6963
14612	7411
13498	6940
13364	7347
14214	7052
14103	7794
14140	6924
13283	7059
13567	7273
14599	7736
14612	6877
14612	7561
13825	6821
13387	6884
13522	6881
13451	7346
13947	7054
14252	7003
13472	6907
13235	7431
13531	7804
14612	7147
13885	6910
14410	7471
14612	7575
13498	7386
14235	6859
13431	7744
13498	7187
14588	7784
13577	6941
14048	7182
13789	6762
13515	7683
13724	7553
13732	7044
14199	7500
14588	6836
13603	7692
13407	7691
14272	7802
13528	6663
14330	7224
14259	7566
13483	7422
13908	6818
13646	7384
14599	6755
13398	7110
14057	6883
14433	6704
14420	7471
13234	7003
13907	6844
13659	7654
13498	7303
14368	7575
13973	7059
14400	7663
14046	7734
13635	7471
13334	7708
14140	7059
14488	7898
14588	7012
14505	6832
14040	7424
13501	7406
14599	7187
14201	7728
13685	6963
14576	7231
14310	7133
13498	6856
14612	7409
13675	7896
13472	7563
13276	7168
13846	7072
14103	7893
14080	7385
13398	6775
13626	7471
13923	7386
14400	6880
14298	7575
13326	7913
14047	7159
14553	7286
14214	7018
14612	7892
13643	6940
13632	6850
14612	6940
13880	7094
13320	7669
14599	7657
14515	7467
13342	7355
14322	7059
13740	7489
14162	7892
13885	7471
14588	7757
14423	7896
14330	7367
14400	6823
13863	7036
13498	7273
14358	7691
13683	7278
14249	7557
13557	7324
13675	7537
14367	6653
14330	7025
13942	7568
14599	7414
13947	7675
14061	7401
13968	7306
13330	7575
14599	7107
13330	7185
13365	6785
13229	7409
13300	6949
14588	7060
14602	7058
13498	7458
13398	7468
13669	6877
13460	7892
14360	6872
14330	7844
14400	6895
13557	7539
13451	7647
14579	7613
13420	6888
13557	6830
13451	6901
13577	6753
13908	7240
14635	7691
13973	6836
13337	7252
13614	7230
14599	7594
14118	7182
13553	7471
14009	7338
14030	7059
14264	7286
13608	7464
13577	7754
14007	7706
13890	7134
13669	7819
13973	7130
14211	7249
13456	7778
14588	6963
14562	7662
14330	7073
13837	7313
13743	7681
14386	7696
13398	6912
14174	7575
14254	6963
14330	7514
14214	7892
14648	7682
13554	7406
14254	6941
14510	7543
13968	7907
14612	7564
13571	7134
14286	7863
14305	6932
14612	7134
14648	7411
13472	7059
13900	7664
13425	7916
13747	7134
14599	7036
14152	6683
13998	7220
14543	6872
14400	7335
13365	6772
14009	6907
13900	6832
14330	7896
13553	6832
13386	6971
14360	7604
13968	6941
14428	7774
14385	7421
14035	7173
14588	7892
14244	7592
14573	6872
14214	7669
13320	6870
14330	7795
13825	7285
14230	7858
14330	7770
13305	6934
13472	7686
13919	7529
14048	7589
14369	7676
13307	7175
14599	7581
14140	7534
13577	7335
14170	7892
13780	7892
14330	7135
13968	6872
14330	7117
14385	7686
13368	7594
14046	7665
14221	7003
13978	7254
14046	7334
13961	6940
14103	6940
13900	7575
14610	7774
13818	7004
14427	7761
14046	6749
13973	7745
13747	6889
13706	7059
14055	7494
13566	7433
14588	7538
13557	6720
14400	7404
13974	7159
14588	7433
13993	7828
13980	7273
14254	7163
13781	7589
13518	7589
13908	6739
14588	7808
13557	7852
13885	6720
13268	7720
14330	6909
14400	6732
13351	6877
13425	7036
14330	6727
13491	7133
13921	7059
14409	7240
13685	7822
13344	6917
14562	7906
13890	7059
13557	6785
13436	7267
14330	7418
14470	7471
13234	6976
13523	6943
14470	7559
13557	7273
13498	7319
13747	7310
13614	7230
13883	7250
13322	7206
13307	7907
13528	7611
13846	6877
13403	7581
14286	6817
13622	7536
13973	7475
13669	7133
14237	7288
14172	7457
13480	6932
13743	6810
14103	6940
13553	7410
14400	7134
13745	7069
13398	7333
13647	7575
14330	7564
13498	7329
13669	6800
14599	7594
13825	7471
13531	6969
14544	7492
14131	7641
13635	7058
14340	6847
14599	6684
14599	7913
13727	6672
14400	7391
13270	7341
14578	7691
13441	7471
13403	7892
13341	6968
13975	7770
13589	7471
13320	7447
14551	7335
14588	7359
13973	7100
14171	7059
13697	7892
14042	7253
13761	6907
13743	7594
13490	7045
13472	7036
14588	7646
13589	6877
13491	7185
13478	6875
13557	6894
13743	6840
14046	7324
14340	7571
13234	7674
13923	6963
13669	7471
13611	6940
13973	6832
14046	7252
14599	7710
13234	7053
13518	7059
13973	7185
14140	7708
13577	7036
14330	6769
13747	7188
13463	7128
13498	7552
13311	7691
14330	6897
13685	7163
14588	6859
14612	7185
13669	7575
14030	7787
14106	7877
13458	7078
14474	7662
13557	6907
13908	7471
14278	7725
14103	7342
14286	7257
14541	7471
13341	7059
13341	7896
14171	6774
13256	7617
13313	7417
13853	6819
13466	7059
13268	7581
13367	6877
13980	7346
13973	7100
14612	7625
13253	7036
13885	6970
14556	7907
13853	7471
13365	7134
13974	6879
13472	7471
13523	7471
13914	7710
13498	7916
13626	7521
13645	7910
14246	7575
13398	7898
14571	7691
13525	7036
14414	6904
14112	7581
14330	7709
13392	6658
14285	6877
13398	7873
14214	6832
14419	7286
14046	7164
13472	7423
14470	7212
13436	7002
14588	7012
14410	7883
14286	7182
14588	6987
13249	7058
13779	7178
13398	7089
14612	6909
14599	7293
13557	7739
13249	7564
14467	7837
13706	7890
14330	7890
14009	7240
13935	6872
14330	7066
13518	7475
14468	7846
13747	7346
14622	7863
13685	7831
14588	7894
14330	6918
13344	7106
13923	7134
13436	6740
13472	7037
13900	7010
13980	6785
13518	7892
13973	6827
14221	7455
13685	6872
14588	7726
13249	7386
14612	7367
14551	7095
14252	7575
13885	6907
13498	7604
14358	7386
14046	7471
13342	7736
13974	6879
14588	7173
14214	7166
14330	7682
13959	7041
14106	7684
14588	7300
13330	7655
13764	6932
13298	7093
13234	6751
13557	7062
13320	7725
13472	7040
14330	7262
14330	7774
13743	6723
13675	7537
13595	7917
13445	7133
13935	7907
13337	7098
14279	7582
14599	7478
14588	7436
14612	7382
13956	7607
13973	7003
13412	6963
13914	7332
14618	7691
13472	7180
13304	7059
14419	7907
13553	6742
14330	7359
14599	7611
13505	7332
13557	6899
13505	7647
13977	7907
13518	7553
13743	6772
14214	7575
14319	7275
14419	7342
13866	7728
13342	7600
13974	7528
14009	7896
13743	7907
13430	7254
14230	6704
13706	7290
13933	7039
13853	6819
13746	7529
13398	7913
13973	7682
13669	7528
14556	7872
13518	7040
14186	7572
13947	6868
13264	7174
13472	7703
13935	6880
14068	7176
13367	7059
13789	7176
14607	6712
14614	7575
14578	7342
13425	7521
14254	6872
14224	6852
14588	7278
13428	7553
13344	6703
14489	6722
14330	7130
13553	7192
13923	7242
13260	6737
13900	7059
13518	7036
14412	7471
13933	6910
13885	6846
13498	6883
13955	6695
13520	6920
14588	7548
14358	6980
14071	7121
13787	7020
14429	7889
13472	7324
14629	7424
14588	7770
13239	7464
13699	7691
14140	6940
13867	7456
13589	7164
14454	6894
14140	7155
14382	7892
13505	6872
13853	7059
14588	7151
13669	7270
13501	7557
13557	6933
14612	7909
13743	7187
13743	6895
13818	7159
14588	7062
14046	7691
13973	6905
13687	7104
14612	7132
13426	7757
13907	7059
13957	7581
13242	6799
13747	7872
14140	7892
14612	7812
14599	7091
14330	7860
14556	7687
13973	7025
14103	7699
14488	7495
14368	7230
13933	7573
14330	7709
14283	7378
13518	6740
13320	6879
14588	7059
13747	7206
13973	6712
13923	7594
14588	6791
14535	6689
14280	7471
14009	6720
14612	7254
14330	7892
13771	7471
13973	7593
13987	7780
14590	7575
13884	7291
14588	6773
13715	7711
13518	7278
13261	7059
13495	7059
13608	7342
13557	7018
14214	7185
13246	6810
14612	7686
13853	7257
13973	7266
13669	7252
13689	7017
13309	7181
14280	7059
14588	7042
13985	7705
13671	6843
14554	7290
13221	7364
13773	6872
14382	7471
13747	7059
14599	6877
13766	7003
13729	6729
13505	7134
13988	7708
14599	7691
13656	7913
14254	7358
13973	6946
14330	6695
14588	7739
13398	7710
13540	7725
13341	7669
14599	7872
13885	7708
13935	7872
14384	7433
13818	6652
13990	6877
13472	7811
14599	7589
14009	7059
13811	7189
14607	7003
13229	7177
14224	7536
14254	7657
13885	7018
13451	7907
13372	7082
14330	6710
14470	7896
13978	7896
14213	7910
14330	6993
13863	7521
14103	7253
14254	7209
13973	7705
13973	7052
13900	7669
14380	7840
13501	7533
13546	7059
14346	7181
14468	7809
14612	7254
13685	7306
14443	6879
13885	7382
14581	7059
13330	7731
13777	7059
13665	7892
14554	6941
13330	6923
13560	6690
13659	7654
14048	7471
13943	7271
13436	7709
13398	7303
13516	6877
13851	7837
14140	7471
14624	7464
13472	6877
13341	7085
13518	7670
13678	7182
14052	7043
13754	7457
14394	7036
13973	7527
14643	7425
14034	7305
14140	7708
13736	7464
13885	7252
13365	7163
14318	7622
14262	6940
14454	6907
13307	6872
13418	7313
13308	6977
13743	7907
13567	6950
14047	7431
14330	7052
14330	7809
13641	7535
14588	7138
14103	6877
14619	7179
13365	7000
14588	6832
14599	7536
13365	7604
13329	7304
14331	7856
13467	7312
14330	7188
13557	6720
14330	6712
13973	7917
14272	7001
14330	7892
14047	7665
13630	7669
14612	7710
14330	7475
14615	7471
13935	7625
13598	7471
13923	7091
14140	7214
14602	7471
13231	6847
14093	6659
14103	7563
13398	6872
14470	6940
13234	6917
13557	7559
13361	7040
13589	7705
14588	6728
13435	7059
13853	7312
13669	7665
13398	7059
14488	6823
14048	7786
14186	7305
14184	6744
13731	7570
13973	7750
13415	7133
13706	7750
13885	7891
13685	7091
14280	7669
14330	7739
13261	6685
13968	7471
14588	6836
14255	6831
13376	6779
14330	7185
14470	7254
13767	6906
13540	6839
14332	6709
13306	6963
13365	7187
13498	7471
14586	7471
14052	7397
14140	6846
13973	6993
14353	7892
14636	6742
13561	7035
13764	6932
13535	7471
13863	6940
14214	6909
14252	6728
14330	6832
13885	6708
14582	7592
13525	7163
14048	7589
13472	7254
14046	7059
14009	7885
14347	7892
14612	6956
13350	7420
13553	7797
13743	7290
13536	7266
13706	7003
13923	6772
13973	6742
13437	7076
14551	7249
14599	7187
13557	7141
13743	6980
13923	6998
14106	7705
13743	7290
14612	6897
13895	7706
14588	7619
14252	7892
14588	7315
14554	7187
13923	7217
14612	7375
13973	7380
14264	7907
13249	7793
14330	7493
14262	7133
13857	6940
13518	7253
14118	7140
14214	6780
13341	6720
14588	7729
13653	7763
13229	7383
13631	7382
13958	7344
13518	7886
14419	7691
14071	6863
14599	7258
13747	7310
14330	7465
13665	7581
13743	7471
13685	7892
13256	6765
13498	7366
14516	7464
13416	7892
13743	7611
14612	7134
14599	7641
13781	7665
13398	7676
14433	7173
14106	7059
14541	7351
13484	7254
13574	7346
14588	7161
13498	6753
13418	7686
13367	7456
13747	6872
13472	7896
13974	7004
13743	7872
13368	7553
13866	7133
14009	7382
13249	7279
13595	6975
13365	7129
13973	7103
14104	6877
14262	7563
13725	6843
13626	7204
13745	7411
13839	6879
14599	6898
13249	7581
13943	7271
14599	7291
13747	7325
14612	7128
14281	7501
13557	7883
13523	6777
13907	7059
13570	6877
14216	7270
13900	7475
14409	6720
13908	7543
14599	7188
14629	7158
14380	7831
13685	7604
14612	6867
14588	7669
13240	6954
14590	7052
13388	7149
14330	6754
14330	6849
13638	6884
13515	7878
13967	7802
14254	7722
14599	7290
13685	7697
13880	6993
14330	7322
13884	6963
14588	6930
13664	7575
14612	7896
13456	7896
15040	8497
14998	8095
15335	8052
15277	8272
15618	8340
15579	8740
15327	8636
15003	8166
15146	8076
15614	8711
14705	8435
14714	8169
14857	8452
15585	8435
15700	8636
14917	8235
14853	8214
14857	8782
14713	8130
15614	8354
14770	8740
15366	8046
14857	8324
15615	8734
15518	8521
15352	8179
15490	8274
15711	8068
14857	8102
14990	8146
15327	8046
15280	8472
15276	8828
15490	8479
15684	8340
14700	8740
14653	8145
15341	8133
15155	8108
15695	8146
15018	8827
15229	8770
15435	8063
15276	8307
15541	8146
15585	8755
15465	8594
15618	8504
15093	8654
15004	8382
14678	8078
15416	8472
14696	7970
15614	7923
15151	8301
14808	8657
15066	8464
15550	8745
15208	8679
14678	8291
15476	8393
15715	8435
15513	8104
15518	8073
15476	8649
14997	8732
15518	8732
14680	8417
14769	8316
15375	8146
15481	8548
15188	8515
15328	8098
14984	8435
14745	8291
15213	8109
15416	8341
15518	8344
15485	8500
15277	8455
15003	8351
15689	8273
15684	8723
15378	8108
15241	8561
15518	8504
15049	8046
15038	8795
15550	8635
14907	8073
14822	8046
14714	8435
15004	8420
15127	8344
14701	8016
15687	7945
14990	8234
15481	8409
15276	8325
14713	8740
15164	8346
15668	8491
15565	8685
14882	8625
15228	8344
15129	8134
15385	8718
14959	8130
14753	8165
15188	8559
14837	8106
15397	8539
15490	8291
15004	8795
14997	8098
15293	8006
14997	8103
15227	8179
15004	8822
15476	8052
15162	8546
14940	8659
15003	8740
15131	8316
15614	8350
15476	8510
15614	8504
14956	8764
15546	8078
15689	8556
14657	7963
15490	8588
15314	8341
15485	7979
15075	8344
15411	8344
14700	8229
15550	8271
15263	8788
14700	8337
14713	8486
14678	8439
15087	8109
15518	8547
15618	8564
14716	8108
15100	8790
15077	8347
15578	8357
15626	8750
15004	8625
14984	8225
15265	8105
15003	8084
14857	8146
15335	7930
14708	8472
15162	8229
15585	8534
15715	8768
15684	8472
15411	8108
14940	8146
14771	8496
15476	8472
15618	8046
15550	8130
14763	8234
15131	8028
15007	8522
15068	8048
15629	8173
15208	8724
14842	8136
15075	8354
15317	8499
15040	8405
15351	8377
14942	8586
14997	8560
15565	8560
14713	8560
15040	8201
14940	8649
15614	8443
14670	8461
15614	8513
15411	8354
15614	8316
14992	8603
15070	8378
15098	8435
15346	8195
14990	8054
15168	8343
15623	8291
14898	8732
15016	8233
14940	8125
14997	8073
15518	7971
15003	8821
15670	8800
15614	7985
15010	8105
15331	8017
14990	8355
14967	8571
15646	8405
15614	8556
15152	8095
15618	8639
15614	8179
15602	8595
15502	8261
15162	8564
14700	8413
15610	8162
15411	8344
15131	8348
15413	8519
15495	8131
15098	8504
15411	8504
15565	8557
15455	8285
15636	8146
15546	7939
15618	8386
14921	8530
14733	8423
15610	7918
14940	8052
15374	8093
14770	8249
15018	8477
15335	8467
15618	8300
15476	8745
14990	8134
14857	8426
14716	8273
15327	8036
15585	8146
15240	7918
14908	8146
14857	8277
15352	8740
15614	8363
15570	7931
15004	8099
14961	8109
15644	8755
14837	8630
15618	8167
15587	8533
15481	8274
15476	8403
15684	8673
15546	8738
15146	8273
15103	8635
14670	8400
14997	8500
15065	8379
15416	7940
15202	8105
15476	8382
15614	8782
15610	8108
15578	8758
14963	8354
15004	8740
15400	8048
15518	8337
15614	8344
15425	8730
15610	8273
15578	8676
15098	8472
15152	8289
15415	8592
15003	8277
15070	8354
15402	8504
14998	7991
15618	8352
15614	8273
15546	8740
14857	8078
15285	8146
15614	8300
14713	8146
15402	8238
15512	8560
15283	8291
15106	8294
15585	8137
15546	8344
15557	8564
14803	8347
15623	8782
15623	8625
15712	7931
14981	8755
15385	8409
14678	8383
15127	8435
15618	7918
15476	8795
14713	8183
15350	8130
15188	8117
15618	8685
15221	8146
15098	8691
15570	8105
14984	8095
15335	8729
15038	8534
14799	8561
15127	8316
14759	8405
15539	8560
14700	8096
14776	8797
15399	8409
15684	8050
15146	8418
15297	8816
15260	8826
14998	8427
15327	8432
15581	8207
14842	8073
15021	8528
15700	8504
14700	8016
15586	8732
15150	8073
15527	8632
15518	8602
14745	8759
14990	8560
15585	8751
15610	8046
15411	8017
15678	8048
15563	8329
15004	8344
14714	8344
15476	8755
15402	8405
14990	8640
15375	8740
14725	8245
14854	8772
15021	8761
15614	8817
14798	8115
15546	8163
15684	8223
15188	8264
15470	8048
15168	8435
14995	8125
15618	8501
15476	8020
15046	8219
14963	8134
14837	8821
14832	8821
15321	8706
15639	8179
15003	8078
15276	7972
15000	8419
14995	8348
15658	8354
15387	8824
15614	8518
14713	8435
14661	8016
15518	8405
15163	8105
15518	8112
15215	8134
14997	8017
15003	8409
15546	8273
15162	8046
15490	8078
14793	8270
15168	8344
15085	8704
15004	8162
15610	8160
15550	8096
14990	8435
15192	8320
15176	8244
15005	8337
15353	7931
15658	8232
14997	8130
15618	8316
14956	8019
14809	8417
15529	8242
14892	8635
15379	8048
14705	8344
15548	8508
15283	8740
15265	8401
15369	8347
14999	8109
15618	8435
15057	8260
15331	8086
15003	8252
15394	8740
14727	8616
15168	8143
15516	8640
15618	8740
15320	8740
14786	8795
15554	8338
14961	8732
14770	8020
14853	8435
15187	8757
14735	8667
15059	8262
14817	7940
14813	8105
15206	8740
15003	8053
14954	8105
15276	8291
15146	7920
15703	8829
14770	8291
15518	8811
15552	8760
15283	8250
15205	8795
15509	8664
14700	8745
15632	8146
15402	8228
14984	8231
15518	8352
15245	8108
15516	8560
15003	8068
15476	8098
15518	8308
15361	8120
14708	8776
14857	8369
15612	8121
15003	8249
14857	8588
14940	8348
15282	8450
15410	8283
14755	8388
15131	8347
14921	8248
15550	8560
15664	7971
15456	8488
15601	8096
14873	8077
14966	8566
14780	8655
14681	8517
15684	8146
15212	8083
14837	8467
15476	8774
15263	8132
15162	7996
15004	8336
15490	8630
14857	8717
15263	8418
15520	8553
15584	8420
14830	8284
14778	8146
15481	8340
15225	8159
15340	8701
15546	8079
14690	7969
15205	8052
15244	8584
14685	8587
15313	8347
15585	8151
15518	8386
15202	8198
15585	8105
15161	8717
14938	8811
15152	8513
15518	8013
15585	8293
15614	8245
15481	8216
14726	8323
15490	8324
15546	8405
15614	8769
15190	8740
15131	8209
14700	8308
15131	8513
15003	8052
14990	8504
15003	8415
14704	8806
15416	8291
15096	8183
15490	8047
15585	8409
14727	8732
15518	8095
15546	8150
15416	8349
15131	8636
15614	8246
15638	8108
15585	8078
15550	8483
14845	8513
15004	8649
15269	7972
15000	8405
15542	8046
15546	7918
14961	8561
14963	8482
15137	7957
15283	8420
15004	8052
15490	7933
15004	8802
14813	8679
15500	8532
14686	8553
14678	8060
15618	8096
15263	8146
15075	7918
14940	8106
15585	8420
14982	8435
15585	8237
14812	8066
14837	8795
15524	8638
15115	8748
15663	8553
15585	8795
15652	8214
14926	8168
15610	8394
15476	8616
14756	8435
15618	8108
15040	7998
15055	8291
14837	8223
15219	8740
15692	8026
14997	8668
15618	8630
15700	8760
15684	8098
15684	7933
15148	8177
15370	8137
14990	8616
15207	8745
15623	8479
14758	8782
15199	8340
14842	8016
14857	8184
14857	8341
15152	8155
15481	7970
14956	8143
15485	8354
14700	8027
15650	8020
15270	8697
15488	8032
15644	8198
15004	8409
14907	8096
15518	8564
14842	8344
15483	8564
14934	8435
15276	8340
15587	7966
15585	8349
15546	8594
14700	7941
15162	8160
14732	8405
15618	8769
15197	8003
15390	8539
15252	8717
14745	8354
15618	8363
15031	8241
15259	8347
15205	8409
15546	8311
15576	8711
15614	8039
15623	8222
15335	8020
15614	8517
15004	7942
15559	8690
15004	8180
14874	8564
15585	8009
15441	8354
15614	8481
15084	8282
15162	8300
15526	8021
14669	8621
15208	8105
15304	8016
15365	8185
14700	8089
15402	8354
15108	8344
15614	8487
15644	8523
14678	8048
15585	8060
15488	8517
15490	8020
15585	8340
14941	8068
15546	8115
15314	8200
15098	8286
15058	8740
15077	8417
15162	8435
15547	8048
14757	8685
15537	8489
15172	8354
15532	8743
15718	7924
14833	8105
15176	8205
15327	8344
15255	8685
15606	8556
15396	8405
15172	8130
14833	8344
14803	8404
15465	8040
15131	8344
15550	8155
15432	8064
15457	8119
15362	8815
15259	8251
15275	8513
14817	8694
14843	8308
14837	8409
15335	8795
15304	8344
15618	8246
14787	8435
15137	8818
15003	8687
14857	8167
14735	7988
15701	8097
15375	8233
15585	8052
15623	8098
14990	8602
15542	8108
14678	8340
15004	8227
15635	8449
14880	7952
15618	8612
15618	8821
15345	8540
15481	8128
15614	8146
15518	8740
15546	7979
14678	8822
15714	8653
15518	8635
15472	8101
15322	8144
14907	8125
15711	8800
14897	8498
15666	8783
14914	8628
14997	8298
15614	8405
15117	8024
15684	7963
15168	8311
15025	8108
15098	8145
14971	8593
15476	8524
15610	8036
14960	8354
14664	8435
14700	8296
14996	8744
14700	8407
15038	8015
15516	8473
15606	8727
15683	8562
15572	8581
15476	8578
14984	8513
15585	8795
14990	8745
15023	8795
15564	8692
14734	8629
15249	8347
15016	8642
15700	8040
15270	8078
15485	8705
15567	8695
14776	8123
15700	8389
15191	8352
14799	7974
14997	8745
15591	8647
14857	8340
14848	8640
15623	8409
15029	8239
15476	8825
14716	7920
15585	8162
14814	7955
15546	8288
14956	8403
15502	7980
15546	8513
14782	8130
14920	8795
15188	8344
15276	8341
14693	8439
15004	8484
15585	8804
15613	8733
15539	8685
14795	8291
15618	8560
15236	8745
14857	8718
15490	8822
15416	8409
14714	8640
15603	8654
15490	8015
15402	7954
14837	8722
15335	8716
15614	8435
14833	8622
15546	8108
15518	8027
15614	8589
14857	8336
14990	8609
14677	8782
15010	8198
14992	8560
15040	7954
15055	8340
15577	8073
15322	8617
15402	8745
14937	8560
14920	8137
14723	8078
14990	8732
15086	8105
14898	8344
14920	8166
14997	8179
15302	8489
15623	8341
15481	8184
15518	8040
14920	8348
15228	8506
15201	8266
15519	8474
15335	8762
15704	7931
15570	8551
14714	8214
15120	7982
15128	7937
15292	8560
15271	8431
15328	8760
14857	8193
14984	8685
14984	8505
15131	8230
14907	8565
15618	8146
14857	8068
14700	8435
14700	8791
15623	8414
15317	8468
14800	8487
15490	8137
14857	8479
15390	7970
15614	8040
15041	7918
15700	8276
14664	8211
15610	8146
14842	8635
15546	8490
14690	8635
15518	8347
15556	8354
15222	8487
15352	8556
15343	8758
15343	8440
14950	8016
14985	8419
15614	8649
15546	8504
14700	8405
14678	8645
15083	8213
15518	8211
14700	8615
15086	8306
15416	8420
15127	8146
14997	8205
14857	8435
14983	8685
15335	8105
15241	8134
14664	8072
15518	8016
15546	8234
15614	8347
14974	8074
15673	7955
14842	8095
14837	8321
14997	8238
14840	8435
14962	8081
14820	8409
15553	8344
15490	8645
14739	8745
14856	8103
15546	8059
14984	8711
15618	8040
15492	8052
15040	8017
15314	8667
15004	8020
14857	8403
15098	8127
15618	8339
14842	8211
14956	8145
14727	8134
15543	8285
15207	8509
15603	8309
15069	8271
14761	8700
15614	8311
15411	8323
14770	8393
14990	8111
15614	8422
15546	8591
14811	8788
15001	8419
14727	8148
14857	8256
15003	8106
15684	8184
14804	8555
15304	8347
15518	8131
15253	8098
15546	8505
15495	8405
15476	8462
15518	8096
14875	8219
15546	8560
15572	8567
15485	8017
15618	8141
15048	8106
14727	8437
15499	8050
15546	8419
14837	8340
15585	8740
14739	8796
15585	8193
15673	8673
15684	8409
15313	8794
14892	7958
15700	8145
15402	8560
15122	8179
14833	8747
15614	8036
15670	8078
15550	8038
15263	7945
15618	7945
15585	8167
15327	8637
14772	8497
15518	8745
15614	8108
14822	8046
14876	8560
15276	8256
14794	8331
15304	8485
15631	8616
15792	8894
15792	8865
15740	8842
15763	8865
15811	8908
15756	8864
15775	8837
15774	8882
15809	8862
15787	8871
15733	8842
15794	8881
15807	8874
15733	8845
15752	8865
15797	8894
15757	8865
15765	8871
15786	8865
15720	8832
15748	8845
15737	8848
15778	8907
15765	8871
15791	8880
15811	8832
15777	8879
15786	8871
15757	8894
15743	8871
15763	8841
15818	8914
15801	8907
15737	8900
15797	8843
15770	8885
15762	8868
15771	8871
15742	8905
15763	8910
15785	8892
15760	8874
15814	8843
15757	8843
15797	8897
15842	8982
15919	8980
15970	9026
16025	9067
16042	8928
15892	8938
15932	9047
15993	9034
15898	8998
15866	8949
15892	8982
16095	9032
16100	9052
15944	8960
15885	8953
16146	8961
15910	9001
16108	8982
15974	9039
16002	9002
16017	8992
16100	9052
15968	8981
16110	9065
16070	8988
16061	9018
16050	8982
15944	8969
16021	8982
15945	8935
15993	9034
15828	8971
15950	8976
16085	9048
16051	8945
16037	9017
16042	9058
16067	8985
15910	8987
16029	9006
15997	9002
15859	9021
15995	8916
15910	9001
16071	8946
15903	8932
15848	8937
15827	9002
15944	9063
15864	9033
15876	9027
15882	8980
16075	9019
16111	8980
16297	9143
16201	9090
16254	9140
16201	9119
16283	9123
16201	9102
16158	9123
16201	9140
16273	9118
16301	9160
16232	9153
16285	9091
16337	9160
16196	9129
16303	9152
16174	9165
16244	9103
16182	9076
16378	9074
16307	9133
16301	9159
16165	9123
16368	9123
16325	9155
16232	9153
16340	9080
16205	9096
16203	9159
16224	9096
16313	9123
16159	9126
16205	9072
16279	9092
16363	9090
16317	9123
16366	9123
16242	9072
16269	9144
16208	9090
16160	9096
16207	9083
16380	9169
16203	9160
16199	9123
16400	9183
16388	9175
16384	9173
16382	9172
16388	9175
16390	9177
16392	9178
16392	9178
16390	9177
16395	9180
16397	9181
16482	9243
16540	9204
16510	9215
16507	9215
16540	9249
16430	9245
16522	9196
16469	9215
16516	9194
16538	9262
16482	9216
16540	9218
16508	9220
16524	9215
16408	9260
16524	9225
16408	9209
16424	9208
16528	9215
16424	9251
16543	9215
16408	9215
16408	9195
16424	9214
16523	9188
16424	9221
16446	9218
16430	9210
16408	9218
16430	9215
16522	9249
16437	9215
16551	9195
16523	9240
16424	9227
16540	9192
16433	9230
16544	9206
16423	9201
16446	9249
16513	9191
16497	9230
16424	9251
16424	9208
16472	9209
16424	9188
16488	9206
16408	9218
16540	9206
16435	9205
16518	9262
16508	9245
16518	9240
16433	9262
16408	9191
16508	9206
16484	9206
16508	9210
16518	9200
16518	9259
16530	9195
16430	9216
16465	9222
16424	9186
16470	9206
16524	9245
16500	9239
16540	9195
16516	9209
16523	9201
16543	9215
16504	9206
16424	9204
16437	9215
16443	9188
16540	9238
16540	9232
16437	9226
16403	9206
16472	9242
16545	9206
16477	9195
16411	9188
16446	9257
16508	9207
16540	9209
16540	9186
16467	9234
16456	9215
16488	9206
16538	9230
16491	9208
16540	9243
16446	9217
16518	9199
16516	9206
16540	9191
16413	9249
16446	9218
16524	9206
16413	9195
16436	9225
16505	9222
16499	9216
16412	9219
16551	9249
16407	9222
16424	9202
16424	9234
16482	9206
16407	9222
16444	9205
16458	9215
16522	9206
16530	9249
16538	9200
16540	9246
16436	9206
16423	9240
16433	9199
16455	9234
16538	9230
16528	9234
16508	9252
16538	9222
16426	9216
16487	9216
16508	9215
16416	9220
16419	9222
16424	9244
16473	9234
16446	9195
16548	9251
16518	9222
16424	9225
16472	9256
16492	9217
16424	9209
16424	9249
16505	9259
16508	9249
16424	9240
16412	9219
16508	9226
16430	9249
16484	9234
16424	9206
16460	9230
16528	9206
16436	9234
16424	9221
16505	9199
16524	9218
16518	9262
16522	9187
16433	9199
16424	9190
16446	9206
16518	9230
16540	9216
16540	9223
16416	9210
16505	9259
16550	9206
16479	9206
16540	9232
16437	9245
16540	9209
16484	9244
16538	9240
16548	9237
16424	9202
16431	9212
16449	9206
16420	9225
16551	9215
16518	9240
16516	9245
16443	9234
16424	9237
16502	9225
16424	9215
16408	9242
16516	9215
16551	9195
16473	9215
16548	9251
16461	9216
16492	9192
16408	9255
16424	9217
16467	9206
16508	9226
16540	9212
16469	9215
16460	9259
16419	9259
16550	9234
16470	9234
16487	9215
16428	9227
16507	9216
17104	9359
17220	9591
16586	9434
16684	9405
17140	9527
16578	9522
16578	9316
16952	9372
16702	9551
16588	9477
16704	9538
17168	9473
16770	9426
16835	9491
16595	9264
16555	9265
16665	9524
16810	9491
17101	9584
16608	9538
17140	9538
17060	9537
16648	9538
16864	9320
16925	9508
16684	9558
17041	9341
16835	9576
17197	9538
17066	9451
16802	9426
16888	9264
17167	9472
16569	9538
16687	9533
16945	9342
17185	9404
17055	9286
17190	9522
17140	9591
16704	9557
16553	9403
16880	9484
17049	9582
17167	9264
17082	9337
16835	9325
16599	9366
17117	9538
17119	9409
16812	9326
17092	9499
17140	9477
16697	9264
17125	9350
17178	9409
16570	9384
17119	9497
16970	9403
17200	9543
16766	9408
16581	9326
16582	9329
16994	9432
16571	9264
17101	9267
16602	9557
16704	9538
16863	9578
16704	9477
16827	9436
16605	9326
17218	9264
17051	9570
16994	9433
16660	9359
16693	9546
16831	9484
16578	9431
16863	9317
17220	9360
17168	9473
16739	9360
17129	9420
16893	9264
16603	9534
16835	9379
16622	9507
16620	9537
16597	9528
17165	9412
16816	9479
17207	9311
16850	9524
16620	9524
16863	9316
16810	9440
16642	9333
16854	9359
16685	9360
17217	9528
17217	9361
17204	9308
17198	9541
16611	9264
16660	9518
16557	9279
16935	9563
16736	9349
17091	9340
17078	9518
16835	9491
17079	9477
16831	9454
16844	9426
16796	9538
17152	9326
16582	9329
17123	9484
17140	9328
16752	9341
16740	9304
17055	9302
16886	9359
16588	9341
17140	9477
16708	9343
16747	9538
17152	9326
16578	9578
16663	9471
17174	9265
16888	9264
16910	9283
17000	9439
16712	9286
17141	9264
16782	9306
16600	9369
16901	9377
17178	9528
16692	9544
16693	9546
16645	9439
16916	9292
17014	9359
16588	9266
16927	9391
16576	9312
16645	9538
16835	9367
16582	9498
16935	9334
16582	9269
17217	9431
17131	9422
16663	9471
17095	9361
16553	9591
17192	9497
17038	9578
16943	9264
17060	9524
17070	9306
17177	9592
16796	9426
16923	9406
16802	9360
16702	9526
16854	9359
16970	9403
16556	9484
16763	9280
16918	9497
16698	9497
16898	9546
17220	9527
16692	9306
16553	9570
16863	9509
16692	9578
16805	9578
17040	9306
16657	9487
16796	9538
16987	9419
17119	9551
16863	9308
16855	9287
16644	9438
16675	9494
16827	9477
16816	9452
16704	9426
16628	9504
16850	9539
17000	9439
17078	9518
17055	9517
16730	9302
16677	9515
16870	9538
16782	9406
16553	9461
16716	9507
16893	9588
16692	9573
16821	9463
17139	9264
16782	9406
17177	9493
16637	9565
16854	9518
16553	9264
17152	9449
17101	9367
17178	9497
17217	9409
16556	9565
16563	9282
16660	9432
16728	9399
17167	9472
16820	9425
16878	9561
16740	9340
16557	9326
16771	9265
16586	9434
16695	9547
16966	9392
16945	9360
17147	9303
16620	9308
16682	9478
17192	9295
16985	9435
17143	9366
16740	9304
16739	9302
16840	9498
17049	9567
17055	9286
16602	9302
17088	9351
17104	9374
16753	9355
16766	9267
16706	9333
17055	9360
17161	9298
17161	9298
16796	9393
16827	9591
17054	9540
16555	9265
17101	9360
16765	9542
16731	9341
16858	9521
16577	9530
16765	9379
17176	9447
17207	9311
16574	9307
16578	9275
16827	9477
16765	9379
16705	9436
16579	9325
16578	9317
17061	9270
16589	9538
17152	9264
17105	9458
17032	9359
16655	9453
16557	9367
17085	9421
17020	9314
17101	9584
16568	9537
16688	9560
16971	9564
16793	9576
16856	9556
17105	9458
16739	9439
16796	9566
17177	9333
16863	9544
16994	9538
17085	9485
16656	9306
16739	9302
16745	9465
16745	9311
16603	9534
16816	9452
17004	9448
16764	9446
17128	9417
16695	9450
16796	9557
16557	9367
16702	9569
16668	9441
16626	9524
16802	9500
16776	9359
16863	9509
17217	9578
17178	9497
16645	9360
17197	9302
16657	9487
16699	9360
16588	9300
16716	9318
16657	9264
16951	9264
16955	9265
16840	9498
16727	9273
16827	9591
16704	9393
17220	9477
17101	9367
16692	9524
16842	9529
17064	9284
16648	9538
16730	9360
16835	9325
17220	9538
16829	9479
16773	9477
17177	9333
16578	9333
17055	9439
16853	9442
16648	9557
17134	9310
16726	9538
17177	9592
16913	9288
16671	9527
16692	9308
16564	9284
16945	9439
17023	9300
16916	9278
17217	9528
16929	9319
17189	9290
16739	9360
17189	9290
16777	9523
16557	9408
16557	9267
16796	9501
16893	9588
17078	9359
16878	9561
16570	9341
16752	9300
16998	9304
16708	9343
17220	9436
16704	9426
16657	9461
16739	9439
17058	9495
16935	9563
17009	9449
16828	9593
16702	9320
16578	9317
17018	9395
16881	9414
16994	9518
16945	9360
16573	9329
17015	9585
17221	9538
17208	9563
16553	9366
17004	9448
16904	9360
16636	9403
16863	9524
17140	9436
16553	9570
16565	9477
