23	32
29	48
38	63
49	68
50	69
52	72
63	77
65	79
67	81
69	85
70	87
75	97
88	106
98	115
107	123
109	126
113	136
121	142
128	148
140	157
147	169
159	172
171	183
180	190
193	201
203	214
214	219
217	221
221	223
225	226
230	228
231	230
233	232
244	244
257	255
262	258
269	265
280	269
298	295
305	299
322	322
328	332
336	340
342	345
344	346
366	368
369	370
371	375
372	377
373	378
386	394
389	397
390	399
394	404
398	412
410	416
416	423
418	425
433	439
442	445
450	456
453	465
459	469
461	471
466	477
501	502
503	505
508	515
510	519
511	520
532	548
536	549
540	553
548	554
549	557
557	559
566	564
580	577
589	585
592	588
593	590
596	594
601	600
602	601
608	609
610	611
622	619
625	625
631	629
669	666
681	674
696	687
698	696
704	701
708	703
714	705
722	720
731	725
740	731
752	745
763	753
774	765
775	767
776	768
777	769
778	770
795	784
809	797
816	804
821	807
831	814
841	823
842	827
848	832
862	840
874	847
878	849
882	850
885	851
887	853
909	873
910	874
927	895
929	896
933	907
947	920
951	925
968	947
974	950
979	954
984	957
989	961
1007	988
1015	995
1017	998
1021	1001
1028	1003
1043	1013
1047	1017
1052	1022
1053	1023
1059	1030
1066	1040
1072	1045
1087	1051
1097	1053
1098	1054
1100	1057
1121	1067
1132	1073
1136	1077
1146	1087
1153	1099
1170	1117
1173	1119
1184	1127
1199	1139
1210	1142
1211	1146
1213	1148
1218	1150
1235	1164
1236	1165
1242	1167
1248	1172
1265	1191
1271	1193
1276	1201
1277	1202
1281	1212
1288	1214
1289	1216
1297	1221
1303	1231
1316	1242
1336	1262
1344	1267
1353	1275
1354	1278
1355	1279
1365	1290
1383	1299
1386	1301
1387	1305
1397	1313
1401	1316
1420	1328
1425	1332
1438	1346
1439	1349
1443	1353
1460	1367
1461	1368
1464	1373
1471	1379
1473	1380
1481	1386
1489	1397
1501	1408
1510	1411
1518	1416
1523	1420
1527	1423
1531	1426
1533	1427
1534	1430
1543	1443
1556	1452
1565	1458
1573	1470
1578	1472
1583	1477
1608	1498
1612	1502
1616	1507
1632	1515
1635	1517
1636	1520
1640	1525
1652	1533
1659	1541
1661	1544
1663	1545
1669	1549
1681	1562
1686	1572
1695	1578
1700	1581
1702	1583
1705	1585
1708	1588
1709	1590
1710	1591
1722	1601
1725	1606
1727	1608
1731	1610
1739	1620
1742	1623
1743	1624
1763	1645
1784	1658
1806	1678
1807	1680
1818	1685
1822	1690
1831	1695
1836	1700
1847	1710
1850	1712
1859	1722
1869	1737
1878	1741
1897	1754
1898	1755
1900	1760
1902	1761
1951	1797
1980	1819
1987	1827
1989	1830
2014	1852
2022	1857
2023	1858
2027	1864
2038	1870
2039	1871
2042	1874
2044	1876
2050	1880
2053	1881
2061	1885
2063	1893
2065	1894
2074	1901
2079	1905
2083	1909
2087	1914
2089	1916
2101	1934
2102	1935
2141	1971
2152	1985
2164	1994
2170	2002
2173	2003
2178	2007
2180	2009
2181	2011
2187	2015
2191	2019
2199	2030
2209	2051
2213	2056
2224	2067
2234	2070
2246	2085
2248	2086
2262	2096
2263	2100
2275	2109
2288	2119
2293	2126
2294	2127
2297	2135
2304	2142
2311	2147
2315	2149
2319	2152
2321	2156
2326	2159
2336	2165
2339	2168
2355	2185
2366	2189
2373	2197
2374	2198
2383	2206
2387	2212
2403	2224
2405	2225
2406	2226
2408	2230
2414	2239
2427	2250
2433	2252
2439	2258
2443	2262
2445	2268
2461	2285
2474	2301
2481	2314
2527	2352
2540	2362
2541	2364
2551	2368
2558	2370
2563	2376
2568	2385
2575	2389
2576	2391
2586	2399
2587	2400
2588	2401
2607	2416
2611	2420
2620	2430
2636	2446
2643	2450
2646	2451
2651	2457
2655	2459
2659	2464
2663	2468
2667	2470
2669	2473
2670	2474
2677	2479
2685	2486
2702	2499
2704	2500
2709	2505
2713	2509
2728	2525
2737	2538
2759	2551
2782	2567
2783	2569
2786	2571
2801	2584
2804	2585
2809	2586
2812	2588
2827	2609
2833	2615
2836	2618
2838	2619
2848	2626
2860	2635
2872	2651
2875	2657
2879	2660
2889	2668
2891	2672
2910	2690
2944	2713
2957	2734
2966	2738
2968	2741
2972	2745
3004	2766
3007	2767
3010	2773
3014	2775
3019	2778
3023	2780
3031	2788
3032	2790
3036	2797
3044	2807
3051	2815
3059	2822
3061	2825
3078	2839
3096	2849
3098	2850
3102	2855
3115	2871
3117	2874
3127	2889
3134	2893
3135	2894
3142	2900
3146	2902
3148	2909
3158	2914
3163	2915
3164	2916
3175	2933
3181	2940
3185	2949
3190	2953
3201	2960
3210	2973
3222	2984
3227	2986
3236	2995
3247	3010
3251	3013
3253	3014
3256	3016
3260	3018
3269	3029
3278	3035
3283	3040
3294	3051
3300	3057
3332	3085
3346	3092
3352	3100
3356	3102
3357	3103
3367	3107
3368	3109
3372	3113
3375	3119
3377	3121
3381	3122
3387	3131
3388	3132
3392	3137
3394	3138
3400	3145
3401	3146
3405	3147
3409	3154
3411	3155
3419	3163
3434	3174
3439	3184
3447	3201
3448	3206
3454	3210
3461	3217
3471	3226
3479	3236
3485	3241
3497	3248
3502	3256
3505	3263
3525	3286
3527	3291
3532	3293
3550	3307
3551	3309
3577	3332
3593	3346
3618	3362
3636	3393
3645	3409
3658	3419
3671	3429
3676	3434
3685	3441
3686	3443
3715	3464
3755	3488
3760	3501
3770	3513
3804	3542
3807	3546
3813	3550
3816	3553
3829	3568
3836	3577
3840	3583
3842	3586
3843	3587
3852	3597
3863	3613
3876	3621
3880	3624
3891	3634
3908	3645
3909	3646
3931	3668
3934	3675
3936	3677
3939	3678
3940	3679
3941	3680
3962	3706
3965	3711
3973	3716
3975	3718
3985	3727
3999	3737
4006	3741
4015	3749
4019	3752
4027	3759
4043	3777
4046	3781
4062	3795
4064	3798
4075	3807
4081	3809
4086	3819
4093	3825
4115	3845
4129	3860
4131	3861
4156	3896
4158	3897
4159	3898
4160	3899
4163	3903
4182	3924
4193	3936
4198	3937
4203	3941
4210	3950
4215	3953
4246	3983
4248	3984
4256	3987
4257	3988
4263	3994
4265	3995
4268	3998
4294	4015
4304	4024
4322	4038
4331	4047
4335	4051
4354	4076
4357	4078
4363	4082
4368	4085
4373	4092
4374	4094
4376	4095
4388	4110
4395	4117
4404	4123
4407	4124
4420	4134
4424	4138
4432	4151
4434	4152
4444	4157
4448	4160
4456	4166
4461	4168
4463	4171
4488	4184
4497	4197
4508	4206
4513	4211
4525	4221
4527	4223
4532	4229
4538	4242
4539	4246
4541	4248
4551	4261
4557	4270
4562	4273
4571	4283
4573	4285
4583	4288
4586	4297
4597	4309
4602	4312
4603	4313
4604	4315
4606	4316
4613	4324
4615	4326
4616	4328
4619	4329
4623	4334
4624	4335
4625	4336
4650	4367
4662	4379
4680	4398
4699	4412
4704	4420
4726	4439
4737	4446
4740	4448
4770	4468
4775	4472
4798	4496
4801	4497
4806	4502
4826	4515
4830	4519
4833	4524
4835	4528
4842	4536
4850	4545
4859	4555
4872	4570
4875	4574
4878	4580
4886	4587
4901	4607
4903	4608
4915	4619
4920	4627
4931	4637
4935	4645
4936	4647
4937	4648
4949	4659
4950	4660
4951	4661
4956	4663
4963	4674
4977	4692
4978	4694
4981	4698
4992	4712
4996	4713
4998	4715
5026	4734
5027	4736
5029	4739
5032	4742
5042	4746
5043	4748
5045	4750
5051	4755
5053	4756
5065	4770
5074	4776
5085	4786
5086	4787
5101	4811
5103	4814
5123	4831
5127	4833
5131	4836
5132	4837
5133	4839
5136	4843
5144	4854
5146	4855
5148	4856
5150	4857
5165	4870
5182	4883
5191	4891
5197	4898
5204	4901
5229	4920
5234	4924
5240	4927
5244	4932
5251	4935
5256	4938
5257	4941
5269	4946
5271	4949
5274	4954
5280	4957
5287	4965
5288	4968
5289	4969
5295	4973
5297	4975
5300	4978
5302	4981
5305	4982
5311	4988
5327	5008
5331	5015
5337	5019
5345	5027
5363	5040
5371	5063
5376	5068
5388	5078
5394	5083
5396	5086
5411	5096
5412	5097
5414	5099
5415	5101
5416	5102
5419	5107
5420	5108
5423	5110
5429	5118
5433	5123
5438	5129
5477	5153
5479	5155
5487	5158
5488	5162
5494	5170
5501	5175
5510	5179
5520	5183
5525	5190
5532	5194
5550	5210
5557	5215
5564	5219
5567	5223
5568	5225
5575	5233
5584	5240
5600	5252
5603	5257
5613	5263
5614	5264
5616	5265
5618	5267
5627	5275
5635	5281
5638	5285
5641	5287
5643	5289
5652	5301
5666	5317
5667	5318
5673	5328
5686	5336
5694	5345
5702	5350
5713	5360
5720	5365
5727	5373
5730	5377
5741	5390
5743	5393
5745	5396
5746	5398
5748	5401
5754	5410
5755	5413
5761	5419
5772	5424
5782	5438
5787	5443
5793	5449
5794	5452
5798	5456
5801	5457
5803	5460
5804	5462
5816	5472
5828	5485
5840	5504
5845	5511
5854	5520
5858	5521
5872	5528
5874	5531
5875	5532
5876	5533
5891	5548
5901	5553
5905	5558
5913	5567
5931	5582
5938	5586
5940	5589
5942	5591
5946	5594
5971	5611
5981	5615
5999	5633
6025	5660
6027	5662
6032	5667
6058	5684
6066	5688
6067	5689
6068	5690
6069	5691
6082	5702
6090	5709
6092	5710
6101	5715
6110	5726
6111	5727
6113	5729
6117	5738
6124	5739
6136	5742
6141	5748
6144	5749
6148	5757
6154	5765
6189	5788
6198	5798
6210	5801
6221	5808
6222	5809
6230	5815
6231	5816
6235	5820
6238	5821
6239	5823
6242	5831
6281	5856
6282	5858
6286	5860
6292	5864
6293	5865
6296	5867
6304	5874
6310	5878
6315	5884
6321	5887
6335	5896
6337	5901
6339	5903
6341	5907
6347	5911
6357	5922
6367	5928
6385	5941
6390	5944
6393	5947
6399	5953
6401	5958
6406	5965
6409	5968
6433	5997
6450	6014
6458	6018
6471	6024
6472	6025
6495	6047
6506	6054
6528	6085
6531	6086
6536	6092
6546	6108
6563	6124
6569	6128
6572	6131
6574	6133
6583	6146
6584	6147
6591	6153
6604	6164
6614	6175
6623	6188
6633	6193
6645	6205
6655	6214
6657	6219
6664	6224
6672	6225
6689	6241
6699	6246
6700	6248
6704	6251
6715	6266
6716	6267
6717	6268
6721	6274
6723	6277
6729	6287
6736	6291
6748	6307
6750	6308
6759	6315
6766	6326
6767	6328
6775	6337
6781	6339
6782	6340
6783	6341
6789	6346
6797	6347
6800	6348
6810	6354
6813	6358
6817	6362
6828	6370
6857	6393
6866	6400
6873	6403
6902	6423
6908	6433
6917	6441
6918	6442
6920	6443
6931	6452
6933	6455
6939	6464
6956	6487
6958	6488
6968	6498
7008	6531
7012	6536
7014	6537
7019	6548
7020	6549
7025	6552
7026	6553
7031	6557
7038	6562
7041	6566
7065	6584
7072	6588
7074	6594
7076	6595
7079	6597
7107	6616
7116	6626
7117	6627
7121	6631
7139	6641
7140	6645
7143	6650
7161	6672
7168	6676
7169	6678
7179	6685
7189	6703
7190	6704
7196	6708
7213	6729
7221	6735
7226	6741
7228	6742
7243	6749
7253	6757
7260	6771
7261	6772
7278	6785
7282	6792
7286	6798
7289	6801
7301	6813
7308	6818
7315	6822
7320	6828
7321	6829
7334	6837
7338	6838
7344	6843
7348	6847
7358	6861
7366	6867
7367	6868
7390	6889
7394	6892
7400	6896
7412	6908
7418	6912
7424	6916
7442	6936
7448	6945
7468	6960
7475	6968
7487	6970
7500	6980
7512	6991
7517	6997
7521	7002
7523	7004
7541	7017
7543	7018
7546	7021
7557	7029
7559	7030
7561	7032
7570	7038
7571	7039
7593	7048
7602	7054
7604	7056
7623	7065
7626	7068
7631	7072
7643	7088
7661	7101
7667	7104
7673	7107
7675	7108
7680	7111
7681	7112
7687	7120
7688	7123
7694	7129
7715	7153
7719	7157
7720	7158
7726	7175
7727	7176
7734	7177
7755	7195
7769	7205
7770	7206
7776	7213
7781	7220
7782	7221
7784	7224
7792	7231
7794	7232
7795	7234
7808	7243
7810	7244
7820	7256
7843	7269
7846	7272
7854	7287
7856	7289
7858	7292
7865	7296
7868	7301
7874	7306
7903	7319
7905	7320
7911	7326
7913	7327
7925	7336
7929	7345
7939	7357
7940	7358
7942	7361
7945	7365
7948	7370
7954	7382
7965	7394
7974	7402
7980	7409
7986	7413
7988	7415
7994	7420
7996	7423
8003	7430
8005	7431
8006	7432
8030	7452
8043	7464
8047	7468
8048	7470
8051	7472
8053	7475
8059	7482
8060	7483
8078	7497
8079	7498
8090	7510
8091	7511
8103	7523
8104	7524
8105	7525
8111	7533
8114	7536
8115	7537
8117	7540
8118	7541
8120	7543
8136	7563
8137	7565
8138	7566
8146	7574
8148	7576
8154	7582
8159	7584
8160	7589
8162	7591
8164	7594
8169	7601
8175	7608
8182	7615
8184	7622
8187	7625
8188	7626
8208	7638
8212	7647
8220	7655
8221	7656
8236	7678
8246	7693
8250	7694
8259	7703
8261	7704
8264	7706
8271	7713
8287	7726
8292	7733
8299	7736
8301	7741
8303	7745
8312	7760
8329	7778
8330	7779
8340	7792
8357	7806
8377	7828
8380	7833
8382	7835
8386	7840
8390	7841
8406	7851
8412	7857
8414	7861
8426	7872
8439	7883
8446	7885
8451	7888
8461	7897
8462	7900
8463	7901
8466	7906
8483	7925
8503	7949
8507	7958
8509	7959
8513	7966
8521	7975
8529	7989
8533	7991
8536	7993
8539	7997
8543	8001
8544	8002
8546	8003
8553	8010
8568	8021
8584	8038
8585	8039
8586	8040
8588	8042
8589	8043
8612	8060
8621	8068
8645	8090
8648	8095
8665	8116
8668	8117
8670	8119
8698	8141
8700	8144
8706	8153
8714	8159
8715	8164
8718	8165
8731	8184
8736	8185
8740	8187
8756	8200
8767	8205
8769	8207
8778	8215
8791	8228
8796	8234
8806	8246
8828	8265
8840	8279
8841	8281
8850	8284
8851	8286
8857	8292
8862	8300
8864	8305
8866	8306
8867	8307
8871	8314
8873	8317
8877	8322
8883	8330
8887	8332
8892	8335
8898	8342
8911	8347
8914	8349
8924	8362
8928	8368
8946	8381
8948	8385
8967	8401
8968	8402
8980	8418
9011	8449
9027	8454
9061	8481
9065	8485
9075	8489
9076	8490
9085	8496
9089	8497
9091	8500
9095	8504
9102	8511
9112	8517
9113	8519
9150	8552
9156	8564
9168	8570
9170	8571
9175	8574
9178	8577
9182	8581
9187	8587
9192	8595
9222	8616
9223	8619
9235	8627
9260	8650
9262	8652
9268	8658
9272	8663
9280	8670
9281	8671
9282	8672
9284	8673
9300	8687
9321	8700
9327	8705
9329	8709
9331	8710
9336	8713
9339	8717
9340	8718
9342	8719
9343	8721
9345	8725
9349	8731
9358	8736
9370	8744
9380	8751
9389	8759
9390	8760
9394	8764
9401	8769
9402	8771
9420	8780
9455	8806
9461	8813
9476	8837
9478	8844
9479	8846
9484	8851
9496	8862
9497	8863
9511	8871
9519	8884
9521	8885
9528	8892
9550	8915
9551	8916
9563	8920
9565	8923
9583	8940
9587	8945
9589	8949
9592	8950
9603	8957
9606	8962
9608	8964
9615	8968
9631	8985
9633	8986
9640	8990
9655	9001
9656	9002
9663	9003
9673	9012
9682	9016
9697	9030
9701	9035
9705	9038
9707	9039
9731	9057
9739	9065
9740	9066
9749	9077
9758	9082
9760	9084
9764	9090
9765	9091
9774	9098
9792	9107
9793	9109
9798	9114
9801	9117
9804	9122
9806	9123
9807	9124
9825	9141
9828	9143
9836	9157
9853	9170
9860	9175
9862	9178
9868	9186
9870	9187
9876	9202
9877	9204
9882	9211
9890	9218
9903	9225
9907	9232
9920	9238
9927	9243
9932	9248
9941	9258
9942	9259
9946	9265
9959	9274
9970	9284
9973	9286
9975	9289
10003	9312
10012	9317
10014	9319
10015	9320
10139	9460
10404	9728
10023	9705
10369	9698
10414	9736
10116	9425
10495	9428
10671	10003
10177	9491
10050	9362
10653	9985
10498	9807
10382	9474
10690	9546
10291	9618
10105	9413
10248	9568
10384	9708
10039	9350
10220	9726
10647	9979
10297	9629
10682	10013
10334	9652
10023	9625
10317	9638
10508	9818
10632	9805
10120	9431
10386	9711
10692	10025
10573	9903
10708	10047
10030	9340
10335	9650
10403	9727
10689	10019
10318	9639
10524	9839
10434	9751
10095	9404
10499	9810
10289	9615
10368	9697
10649	9980
10372	9701
10586	9992
10622	9953
10173	9897
10468	9781
10096	9409
10157	9916
10194	9509
10308	9632
10340	9656
10619	9643
10687	10017
10258	9577
10058	9368
10683	10012
10597	9925
10206	9869
10398	9722
10514	9824
10321	9331
10075	9382
10550	9874
10160	9483
10216	9531
10450	9769
10672	10004
10255	9575
10474	9786
10677	10008
10366	9695
10031	9341
10088	9894
10243	9561
10069	9377
10676	10007
10299	9631
10552	9877
10221	9535
10137	9458
10620	9952
10195	9511
10436	9756
10056	9367
10306	10021
10365	9694
10084	9394
10604	9933
10279	9597
10392	9719
10639	9971
10049	9359
10121	9433
10092	9400
10559	9882
10026	9335
10705	10041
10168	9487
10146	9467
10412	9732
10149	9360
10681	10011
10207	9522
10059	9369
10355	9681
10657	9987
10618	9950
10460	9775
10250	9571
10136	9456
10348	9671
10638	9969
10644	9977
10286	9609
10231	9547
10432	9749
10479	9790
10325	9645
10271	9590
10613	9944
10208	9523
10265	9585
10634	9963
10701	10033
10342	9658
10593	9922
10426	9743
10111	9419
10358	9686
10126	9441
10625	9955
10602	9931
10534	9850
10198	9514
10185	9500
10046	9355
10225	9540
10100	9411
10651	9981
10703	10038
12663	10851
12960	12027
11955	11107
13128	12160
12647	11725
11648	10825
12620	11702
12688	11766
12338	11450
11610	10785
11692	10858
12649	11728
11602	11116
11961	11111
12937	12007
11846	10998
11689	10854
12844	11911
11904	11052
11755	10918
12662	11747
11839	10990
12325	11435
11955	11107
12928	11999
12736	11803
11668	10837
12879	11947
12060	11195
12539	11631
11835	10987
11678	10844
12894	11966
11836	10988
12339	11451
11645	10821
11797	10953
12440	11539
12743	11809
12552	11640
13211	12220
12032	11170
12792	11856
13188	12202
12354	11322
11656	10830
12656	11738
12845	11912
12575	11659
12557	10932
13123	12155
12740	11807
13082	12122
12755	11826
12809	11873
11931	11082
12511	11600
12944	12015
12567	11652
12583	11254
12009	11149
13202	12213
11703	10868
12468	11564
12408	11511
11992	11134
12141	11265
12447	11545
12663	10851
12093	11220
13217	12227
11627	10804
12157	11286
12742	11808
12050	11185
13121	12154
12824	11892
11690	12154
12598	11686
12635	11999
13216	12226
12096	11109
12130	11248
12854	11921
11914	11062
12545	10987
12656	11007
11845	10997
13008	12063
12954	12022
12859	11928
12537	11629
12457	10859
12250	11361
12605	11692
12999	12054
13072	12115
12515	11604
11835	10987
13174	12194
11720	10884
12863	11932
11602	11732
13116	12151
12375	11190
11736	10900
12737	11804
11966	11115
12672	11272
12196	11315
12608	12047
13022	12078
12017	11159
12374	11480
11929	11081
12651	11730
12891	11961
11733	10897
11649	10826
12375	11376
12102	11225
12691	11768
13188	12202
12575	10806
11836	10988
12056	11192
12341	11452
12808	11872
12653	11735
11718	10883
11792	11317
12268	11379
12442	11540
12519	11609
13183	12198
12146	11273
12421	10921
12422	11522
12072	11048
11608	10783
12630	11714
11720	10884
13101	12137
12495	12161
13199	12211
12737	11804
13026	11056
11751	10911
12524	11613
11833	10986
13050	12096
12301	11411
12827	11895
11713	10875
13105	12139
12822	11890
12534	11625
13021	12076
11614	10791
12144	11270
12510	11689
12267	11378
11706	10871
12861	11930
12347	11457
11740	10903
12379	11488
11603	10776
12264	11375
11946	11099
12918	11987
13000	12057
12104	11226
11629	10805
12742	10798
13193	12205
12076	11207
11950	11102
12905	11976
12661	11746
13199	12211
12288	11398
11913	11061
12624	11706
13120	12153
12353	11463
12989	12050
12957	12025
12573	11657
11761	10925
11798	10956
12840	11357
12327	11437
13049	12095
13160	12185
12117	11237
11863	11018
11594	10770
12225	11341
12204	11321
12623	11705
12011	11151
12576	11660
12245	12160
12332	11443
12669	11753
12597	11685
11742	10904
13129	12159
13129	12159
11707	11003
13026	12080
12259	11371
12811	11879
12548	11636
11757	10919
11965	11114
12420	11521
12287	11397
12016	11158
12286	11395
12485	11574
12439	11538
12490	11582
12582	11666
11614	10791
12005	11144
11954	11105
11924	11071
12352	11462
12847	11915
12314	11427
11989	11130
11658	10831
12179	11300
13062	12107
13017	12072
11607	10782
12209	11324
11623	10799
13128	11190
12383	11490
12178	11299
12500	11590
12656	11738
12327	11271
13056	12103
11818	10976
12869	11939
13054	12102
12366	11474
11805	10966
12738	11805
12451	11548
12774	11845
11992	11168
12699	11773
12093	11217
13174	12194
12034	11172
12771	11186
11652	10828
12019	11160
12238	11353
12600	11689
12233	11346
12893	11963
12891	11961
12065	11199
12619	11701
12648	11726
11621	10798
12331	11442
12314	11427
11747	10910
11932	11083
13168	12189
12834	11900
12803	11867
12837	11906
12698	11772
12730	11796
12618	11698
11945	11098
12412	11515
12880	11948
11749	11131
13117	12152
12840	11908
13166	11512
11884	11036
12874	11942
12086	11728
13014	12070
11884	11036
11770	10934
11606	10780
11731	10896
11607	10782
11917	11063
13004	12059
12630	11714
12096	11109
12910	11235
12377	11484
12126	11247
12901	11972
12857	11925
12118	11238
12723	11789
12071	11203
12602	11691
12455	11550
12086	11214
12094	12178
12829	11897
11963	11112
12967	10907
11590	10766
13087	12126
12467	11563
12237	11351
12861	11930
11637	10813
11972	11119
12054	11191
11752	10912
11643	11689
12984	12046
12526	11615
12775	11846
11774	10936
12772	11841
12437	11535
12310	11422
12559	11645
12656	11404
12573	11657
12955	12023
12635	11717
11746	10908
11749	11123
11947	11100
13188	11916
12575	11834
12770	11839
12525	11614
12956	12024
12459	11551
11858	11013
13011	12067
12780	11848
12645	11724
12391	11497
12904	11975
12007	11148
12663	11749
12389	11496
12946	12016
12136	11258
11702	10866
12354	11464
12149	11276
12806	11870
12634	11716
12663	11618
12318	11964
12967	12032
12134	11256
13108	12143
11869	11025
12663	11749
12178	11299
11981	11124
13154	12177
12370	11478
12699	11773
11860	10784
12188	11590
12797	11861
12940	12009
12645	11724
12633	11715
12317	11428
12269	11380
12885	11958
11987	11129
12715	11781
11634	10871
11627	10804
11737	10901
13077	12120
12495	11585
12482	11572
12081	11211
11752	11811
11995	11136
12391	11497
12433	11530
12728	11793
13060	12105
12420	10909
12881	11950
12139	11262
11991	11133
11958	11109
13191	12204
11630	10807
12006	11145
12136	11258
11935	11085
12636	11718
12990	12051
12219	11335
12202	11320
12345	11454
11926	11072
12425	11525
12720	11785
12989	12050
12902	11973
12376	11482
11883	11035
12961	12028
12279	11387
12649	11728
12096	11217
12476	11569
13070	12114
13179	12197
13099	12136
12850	11918
12026	11165
11673	10842
12463	11556
12801	11863
12697	11771
12474	11568
12819	11887
12541	11633
12750	11820
12729	11794
12322	11434
11788	10948
11951	11103
12828	11896
12644	11723
13009	12064
12243	11357
12398	11503
13084	12125
12842	11909
12297	11408
12358	11466
12097	11219
13161	12186
11619	10797
12375	12160
12652	11733
12659	11741
12921	11989
12910	11186
12675	12219
12202	11320
13183	12198
13116	12151
12718	11783
13106	12140
12702	11775
12049	11184
13198	12210
11674	10843
12771	11133
13025	12079
12648	11726
12655	11736
11631	11659
12507	11597
12399	11504
12165	11293
12672	11756
12514	11603
12561	11648
11685	10852
12424	11524
12262	11373
11936	11086
12530	11620
12589	11676
12015	11155
11591	10767
12728	11793
12486	11577
13095	12133
12914	11983
12528	11616
12200	11319
12170	11295
13206	12217
12253	11364
12517	11606
12622	11704
12923	11990
12368	11476
12254	11365
12278	11388
13189	12203
12789	11854
12936	12005
11980	11028
11601	10774
11629	10805
11709	10873
12601	11690
12834	11900
12143	11268
12148	11275
12098	11218
13194	12206
12763	11833
12899	11969
12771	11116
12254	11365
12923	11990
12524	10775
12973	12036
11757	10919
12075	11205
12677	11760
13042	12089
13144	12167
11602	11613
12954	12022
12858	11927
11808	10967
13203	12214
12467	11563
11879	11031
12575	11659
12191	11310
11971	11118
11864	11019
12672	11272
12789	11854
12171	11297
11749	11123
13048	12094
11602	11186
12882	11952
12346	11455
13212	12222
13038	12088
12957	12025
12278	11388
11976	11122
12549	11637
12811	11879
12524	11116
12466	11562
12495	12161
12251	11362
12683	11764
12250	11361
12005	11144
11603	10776
12915	11984
12729	11794
11637	10813
12154	11281
12617	11699
13103	11558
13165	12188
11613	10788
11702	10866
12578	11662
12585	11672
11855	11005
13183	11703
12078	11209
12637	11719
12301	11411
12302	11413
12686	11765
12285	11394
13029	12082
11926	11072
12799	11862
12077	11208
12090	11216
12958	12026
12738	11805
12455	11550
13205	12216
13197	12208
12920	11988
12780	11848
11948	11101
12703	11776
12349	11461
11866	11022
12366	11474
13115	12150
12155	11282
12826	11894
12281	11390
13187	12200
12408	11511
12549	11637
13090	12128
12972	12035
12869	11939
12157	11286
12662	11747
11833	10986
12473	11567
12309	11423
12364	11689
12627	11709
12712	11780
12383	11490
11630	11547
13185	12199
12236	11349
13037	12086
11896	11042
12333	11444
11831	10984
11602	12006
12613	11695
12975	11464
12416	11518
12496	11586
13090	12128
12922	11991
12624	11706
12535	11627
13168	11361
13021	12076
12900	11970
11634	10810
12600	11983
12142	11267
13109	12144
12943	12014
12508	11598
11788	11446
13156	11315
12362	11469
12140	11264
12748	11817
12634	11716
12825	11893
12244	11359
13026	12080
11663	10833
11781	10942
11804	10964
11638	10814
13039	12087
12021	11107
12575	11555
11766	10930
12146	11109
12118	11238
11930	11080
12485	11574
11996	11138
11893	11038
12101	11224
12012	11152
12854	11921
13009	12064
12327	11271
12580	11665
12038	11176
11957	11108
12743	11809
12679	12176
11678	10844
13104	12138
11874	11027
12394	11499
12988	12049
13013	12068
12195	11314
12904	11975
12628	11711
12364	12164
12592	11679
12873	11941
11993	11135
12142	11691
12935	12004
12498	11587
12364	11472
12682	11763
12587	11674
12999	12054
11753	10917
13147	12169
12013	11153
12147	11274
13155	11042
12342	11797
11865	11020
11943	11096
12121	11240
12408	11113
11870	11026
12705	11779
12608	12047
12335	11447
12023	11162
13197	12208
12045	11182
12373	11479
12027	11166
11617	10794
12439	11538
12434	11532
11913	11061
11602	10775
11668	10837
12926	11995
12958	12026
12727	11792
12571	11656
12424	11524
12589	11676
12241	11355
13060	12105
11801	10960
13029	12082
12529	11619
12140	11264
12319	11432
13212	12222
13203	12214
11633	10809
12941	12010
11896	11042
12333	11444
11741	10905
12447	11545
12831	11899
13051	12098
11605	12142
13076	12118
12562	11649
12296	11406
12725	11790
11815	10974
11932	11083
12093	11217
12328	11438
12557	11643
12672	11663
11769	10933
13155	12178
13061	12106
11604	10779
12524	11732
12844	11911
11759	10922
12358	11466
11785	10945
12357	11465
11900	11046
12330	11441
12592	11679
11830	10982
11765	10928
11697	10863
12435	11533
12033	11171
12068	11200
12839	11907
13068	12112
13398	12490
14588	12282
13907	13233
13973	13345
14110	12542
14612	12407
13577	12824
13973	12965
14640	13233
13498	12282
13363	13106
14330	12795
13907	13149
14413	12455
14047	12956
13575	12263
14612	13307
13929	13206
13595	13144
14535	12321
13382	13270
13236	13189
13968	13233
14556	13066
13908	12270
13523	12521
14048	13104
14330	12731
13935	13294
13961	13086
14162	12328
13908	12490
14083	13129
13451	13172
13493	13301
14588	13008
14454	12656
13518	13258
13577	12903
13350	12700
13747	12824
14305	13215
13518	13135
13501	12599
14588	13004
13577	12456
13398	12593
13341	12490
13973	12682
13611	12614
13859	13092
14442	12702
13669	12461
13699	13206
13685	13157
14170	12691
13472	12341
14133	13189
14032	12789
14330	12749
14409	13235
13472	13235
14599	12384
14254	12653
14543	12951
14599	12490
13685	12799
13404	13135
14354	13233
13341	13253
13743	12537
13472	12803
13552	13233
14459	12251
13420	12490
13295	12367
14254	13172
13900	12926
14612	12874
13893	12355
14419	12846
14590	12779
14452	12489
13557	12907
13495	13233
13360	13197
14306	13345
14330	13035
13518	13253
14612	13334
14046	13131
14588	12831
13669	12647
13892	13172
14140	12926
14384	13233
14255	13233
13456	13253
14584	12722
14588	12824
13907	13215
14459	12761
13973	12795
14230	12821
14470	12276
14046	12647
13253	12959
13264	12824
13669	12600
14136	12402
13617	12951
13669	13029
13778	12265
13863	13232
13866	12604
14419	13206
13333	13082
14087	12594
13893	12926
13558	13078
13249	13157
14554	12287
14043	12927
13472	12614
14055	13289
14074	12824
13973	12820
13808	12390
13557	12428
14612	13334
14588	13073
13853	12955
14140	12250
13685	12964
13582	12965
13694	12658
14103	13323
13472	13059
14199	13233
13557	13174
13557	13050
14279	13290
13557	13235
13584	12307
13747	12456
14185	13294
13973	12914
14046	12468
13589	12357
14364	13255
14212	12327
13342	13316
13643	13235
13472	12357
13510	13084
14599	13345
13523	12324
13635	12490
14410	12874
13320	12965
14176	12645
14626	13208
13570	12699
13605	12981
13910	12955
14360	13239
13971	13030
14400	12938
13365	13172
13518	12272
14254	13084
14588	12740
13626	13198
14521	12395
14214	12472
13365	12938
14256	12730
13239	12809
13320	12874
13973	13085
14599	12283
13973	12832
13743	13329
13747	13066
14599	12425
14599	12527
13498	12824
14071	13266
14540	12747
14622	13190
13677	13135
13557	12287
14420	12458
13577	13194
13741	12852
14224	13233
14280	13345
13923	13215
13472	13135
14103	12402
13675	12596
14420	13233
13973	13319
13747	12903
13743	13239
14612	12986
14212	13345
13570	12835
13910	12863
13340	12514
13717	12723
14140	13345
14046	13253
13472	13080
14599	13293
14204	12832
14281	13230
14340	13345
13523	12316
13531	12872
13341	12926
14573	12824
13532	12979
13884	12406
13367	12264
13743	12759
13923	13233
13979	13127
13398	12244
14426	12477
14047	12647
13257	12661
13234	13345
14648	13031
14505	13233
14046	12951
14599	13084
13264	13099
13763	12907
14252	12429
13390	13233
13437	12498
14008	12682
13974	12352
14561	13253
14140	13235
13472	12396
14464	12832
13307	13215
14242	13130
14599	12657
13574	13255
13885	12926
14612	13215
13557	12656
14400	13239
14132	12779
13787	12868
13514	12712
13775	12577
14169	13117
13819	13172
14505	12682
14588	12601
13498	12367
13320	12490
14048	13135
14599	12456
13653	12708
13989	13233
14599	12759
14360	12951
13557	13061
14504	12737
13999	12894
14450	12777
13730	12824
14590	12795
14489	12782
13557	12987
14439	13233
13368	12415
13498	12317
14106	13334
14330	13144
13505	12287
14037	12744
13743	13084
13880	12618
13268	12951
13557	12327
13234	13030
14469	13254
13498	12513
14399	13269
13392	13301
13790	13035
13320	13131
14636	12272
14481	12581
14330	12395
13923	12815
14286	13174
13557	12832
13685	12312
14285	12655
13239	12299
14419	13235
13731	13233
14599	12951
13888	12979
13900	13027
14467	12906
14252	13197
14588	13035
14563	13140
14588	13100
13602	13135
14126	12443
13557	12820
14330	13004
13234	12740
14588	12491
14296	13283
13796	13015
13997	12336
13368	12844
13398	12938
14009	13233
13242	13302
13570	12490
13973	12472
14252	12247
13546	13233
13948	13239
13584	12455
13395	12824
13853	13253
14612	13026
13744	13345
13436	12647
13782	13334
13365	12334
14073	13345
14075	12677
13330	13026
14405	13255
13498	12506
13885	12618
14131	12420
13694	12779
13685	12778
14244	13253
14216	12956
13440	13235
13584	12307
14092	12824
13553	12509
13747	12938
13900	12965
13748	12328
14612	13126
14599	12415
14330	12240
13457	12490
13825	13233
14355	13194
13685	12367
14241	12791
14219	12420
14493	12391
13709	13147
14400	13215
14612	12287
13439	12428
13330	12395
14588	12831
13973	13276
13863	13215
13865	12465
13684	12824
13589	13253
13621	12957
13747	13294
13505	12456
13701	12666
14599	13233
13437	12321
14254	13293
13472	13235
13860	13345
14317	13345
13337	12514
13743	12490
14103	12724
14152	12364
13973	13077
14612	13289
14162	13233
13589	12614
13637	12347
14299	12739
13472	12832
13973	12270
14046	13233
14612	12832
13372	12491
14057	13322
14330	13345
13398	12759
14261	13253
13505	13194
14632	13345
14330	12640
13478	12664
13498	13140
14612	12682
14414	12591
13590	13096
14015	12824
13583	12960
13957	12842
14254	12719
13908	12270
13659	12683
13398	13233
13685	12824
13589	13030
14612	12926
13680	12265
14400	13239
14612	12284
13410	13345
14140	13307
13789	13235
13747	12759
13260	13307
14400	12906
14423	13253
13351	13071
13456	12392
13856	12271
14612	12681
14565	12955
13973	13132
14612	12351
13365	13215
14468	12804
13738	13014
14505	12359
13434	12824
14141	12514
14492	12901
14599	12713
13553	13345
13923	13300
13935	13172
13327	12306
13249	13099
14648	12420
13704	13035
13626	12965
14602	12579
13853	13253
13337	12777
13589	12933
13398	12563
13249	12824
13973	12389
14602	12779
14140	12327
13344	12793
14400	12475
14030	12824
14330	12801
14330	12236
13525	12682
14599	13172
14414	12591
14009	12580
13998	12911
14330	12832
13825	13253
13472	13298
14230	13034
14255	12496
13935	13215
13557	13233
13280	13101
14261	12376
14330	12805
13483	12920
13654	12536
14209	13056
14047	12812
13654	13233
14086	13235
13268	13172
13331	12432
13326	13089
13557	13135
14270	12441
13368	13206
13885	13253
13398	12990
14607	12269
13351	12490
14330	12720
14459	12292
13669	12647
13412	12824
13589	12832
14612	12720
14612	12631
13669	12650
14136	13016
13974	12832
14409	12490
14571	12824
14252	12270
14607	12420
13546	13231
14305	12561
13907	13345
13685	13239
14588	13340
14602	13340
13814	12703
13472	13253
14597	13008
13598	12980
14214	12490
13509	13345
14125	13233
13758	13172
13775	13345
13505	13239
13929	12824
14588	13149
13498	12575
14344	12926
13821	12832
13258	12759
14252	13149
13973	12637
13260	13302
13498	12824
14490	12898
14126	12779
13589	12890
14046	12684
13935	12759
14071	13235
13452	12874
13743	12832
14216	12812
13506	13144
14599	12743
14030	13253
13853	13233
13991	12490
13973	12311
13264	12899
14588	13026
13557	13233
13326	12426
13921	12647
14599	12599
13685	13172
13505	12322
14414	12855
13515	13259
14607	13197
13795	12558
13341	12863
13741	12412
13672	13345
13577	13142
14599	12995
13908	13235
13772	13175
14603	13301
13498	12257
14197	12490
13455	12486
14262	12722
13472	12647
14214	13233
13261	12490
14252	13325
14423	13026
14214	12795
14093	13233
13518	12351
13935	12367
13557	12287
14246	12314
14037	13224
13974	13301
13536	13140
13278	13213
14437	12252
13955	12721
14639	12870
14466	12625
14029	12490
13557	12561
13553	12490
14106	12829
14409	13345
13451	12824
14340	12454
13498	13206
13687	12646
13626	12937
13404	12490
14646	12824
13910	13010
14599	13135
14588	12647
13900	12944
14104	12655
14009	12395
13685	13286
14119	12926
14493	12868
14614	12490
13498	12832
13685	12561
14103	12933
13885	12490
13937	13050
14419	12824
13608	12761
14583	13125
14394	12824
14588	12965
14324	12233
13484	13135
13398	12824
14599	12832
13989	12609
13926	12918
14169	12391
13614	12395
13885	13235
13498	12513
14645	12744
13398	12464
13472	12982
13974	12949
14396	12405
13825	13044
14433	12490
13237	12277
14612	12328
14612	12838
14612	12785
14599	12798
13794	12258
14009	12373
14423	12584
13235	13301
13249	12490
14550	12824
13430	13332
13365	12334
14612	12962
14439	13233
14162	13345
14252	13085
13692	12657
14365	12824
14254	12367
13410	12571
13515	12647
14300	12891
13866	12656
13398	13194
14358	13215
13474	12554
13365	12326
14612	13004
14214	12795
13669	13333
13743	13194
13968	12759
13261	13172
13518	12440
14588	12619
14423	13233
13236	12290
13462	12955
14385	13345
13235	12647
13553	13164
14505	12926
14330	12447
14400	12904
13451	13334
14588	12720
13460	12970
13311	12824
14419	13016
13681	12409
14249	12599
14330	12431
14404	12861
13234	12831
13398	12906
14384	12985
13958	13037
13737	13233
14599	12326
14433	13345
13675	13088
13415	12647
13831	12356
13964	13230
13418	12490
13671	12824
14599	13069
13320	12352
14436	12951
14254	12824
13695	12477
13820	12872
13491	12935
14490	12898
13466	13149
13368	13172
13629	12538
13344	12832
13803	13233
14126	13334
13237	12490
13961	12618
13557	13005
13657	13090
13451	12287
13747	12483
14001	12761
13669	12955
13880	12874
13606	13345
14474	12727
14035	13273
13732	13274
14030	12639
14073	12490
13973	12350
14330	13026
14650	13131
14612	12330
13518	12474
14358	12824
14156	12841
14120	12832
14171	13345
14360	13194
13304	13233
14333	13233
14243	13181
14612	12490
13908	12500
14221	12682
13973	13148
13577	13215
13584	12281
14612	13140
14369	12482
14532	12509
14016	12347
14588	12691
14262	13135
14330	12298
13307	13180
13620	12874
14330	13140
14103	12832
14612	12684
14588	12704
14186	12591
14105	13140
14419	12686
13436	13074
14489	12824
13409	12775
13525	13194
14455	12647
13446	12832
14330	12529
14599	12904
13747	13255
13626	12647
14410	13235
14140	12490
13365	12617
13451	12951
14612	13035
14599	12930
13557	12410
14599	13193
13472	12619
14612	13189
14340	12955
14419	12384
13890	13253
13853	13345
14298	12618
13567	12400
14599	12331
14599	12414
13557	13345
14224	13233
13874	12559
13344	13345
14103	13278
14176	12395
14588	12414
14612	12428
13741	12797
13344	12666
13747	12653
13425	13222
13767	12641
13766	12566
13261	12351
13696	12296
14246	12795
14599	12753
13923	13255
13520	13177
13973	13115
13510	12815
13237	13345
13961	12654
13557	13302
13436	12832
13280	12555
13472	12647
13403	12955
13880	12942
13675	12596
14516	12872
13800	13206
14046	12600
13521	12647
13425	13223
13907	12693
14330	12914
13743	12466
14330	12490
14246	12955
14602	13085
13836	12402
13236	12824
13822	13083
14588	12451
13860	13233
13635	12395
13348	12470
13912	13233
13973	13334
14047	13029
14459	13233
13910	12463
13313	13345
14505	12874
14010	12334
14590	13152
14009	12690
13242	12500
13249	13345
14535	12577
13557	12258
14449	13253
13800	13154
13961	12955
13360	13026
14360	13140
13669	12965
13234	13295
14330	12489
13973	12420
13900	12774
13398	13140
13620	12490
14588	12934
13435	13233
14330	12811
14400	12287
13463	12407
13953	12656
13900	13233
13933	12647
14046	12888
13455	12351
14562	12639
13991	12675
14009	12682
14437	12878
13531	13230
14389	12309
14298	12472
14035	12873
13351	12832
13818	13029
13885	12490
14254	12574
13907	13116
13268	12974
13365	13255
13398	12561
14224	13172
13927	13332
13885	12379
13968	12824
14213	12643
14485	12885
13967	12874
14038	12827
13880	12647
13714	13253
14068	12933
14543	13239
14260	13237
13911	13072
13669	12874
13333	13082
13675	13005
13803	12336
13330	12377
13935	12824
14005	13233
14558	13345
13952	12832
14588	12595
13626	12490
14254	12874
13498	13206
13256	12832
14612	12599
13498	13233
13968	12367
13417	13085
14612	12906
13706	12529
13557	12733
13565	12965
13455	12824
13561	12437
13694	13233
14420	12485
13518	13172
14386	12541
14216	13029
13269	13253
13553	13035
14141	12956
13907	12490
13557	12580
14165	12928
14599	12409
14556	12824
14340	12874
13488	13234
13856	13169
13893	12490
13491	12955
14330	13197
14573	13194
14018	12305
14551	12367
14118	13030
14453	12748
13743	13308
14411	12890
14047	12259
13863	12824
13365	13066
13968	13215
13546	13345
14588	13233
13908	12366
13973	13253
13531	12539
13249	13288
13577	12996
14033	13336
14009	12968
13685	12589
14099	12391
13895	12852
14330	13334
13581	12731
14599	13312
13365	12903
13577	12326
13711	12514
14216	13029
14629	12409
13574	12642
14612	12270
14047	12303
13390	12736
14599	12906
14432	12565
14410	12965
14264	12824
13281	12824
13744	13035
13372	13235
13978	12652
14046	12832
14217	12824
13330	13233
14214	12874
14009	13174
13779	13030
13669	12977
13523	13058
13531	12736
13492	12649
13827	13026
13747	12575
14342	12461
14098	13034
13498	13292
14139	12459
13365	12938
14074	12743
14588	13108
13935	13255
13518	12832
14057	12868
14286	12831
13372	12490
14118	12831
13908	12878
14588	12624
13685	13233
14452	12389
13747	13066
14204	13215
14504	12664
14330	12965
13521	13323
13398	13294
13675	13233
13230	12490
13343	12424
13724	12569
14604	13215
14103	13235
13890	12973
13626	12438
14214	12770
13743	13233
13557	13135
13923	12561
13515	13233
13669	12651
13415	12795
13372	12874
14252	12873
13789	12933
13777	13233
14599	12657
14358	12930
13330	13345
14423	13135
13236	12774
13345	13238
14454	12462
13330	12615
13522	12755
14261	12832
14468	13002
13347	12604
14385	13215
13853	12373
13702	13345
14423	13253
14607	13233
14470	13135
14599	12326
13583	12960
13743	13255
13523	12832
14419	13232
13747	12287
13743	12597
13973	13035
13418	12490
13472	13299
14612	12878
14141	13094
14612	12477
14282	12367
13764	12342
14186	13233
13436	12892
13685	12682
13800	12629
14360	13084
13416	13233
13984	13117
13685	12527
13498	13215
13308	13253
13351	12832
13675	13135
13518	13172
14620	12951
13973	12490
13671	13235
13498	13305
13237	12358
14588	12647
14588	12378
13570	13235
13387	12824
14214	13225
14612	12955
14612	13126
13253	12824
13669	12878
14599	12588
13557	12862
14106	13334
13412	13194
13973	12489
13740	13278
14434	12823
13367	13051
13896	12473
13788	12839
13645	12545
14599	12800
13341	13028
13260	13233
13311	13233
13574	13215
13249	12951
13425	12824
13685	13140
13518	12490
14423	12379
13736	13118
14599	12951
14452	13345
14599	13233
14236	12824
13407	12824
14556	12573
14450	13345
13505	12599
13900	12308
13494	13146
14046	12522
14612	12639
14046	12656
13330	13108
14420	12490
14599	13206
13236	13172
14157	12297
14448	12350
13973	13009
13987	12567
13440	12832
14410	12916
13968	12367
14047	12603
14347	13233
13237	12395
13840	13172
14553	13233
14048	12336
13472	12922
13973	12779
13307	12951
14599	13172
13256	12971
13647	12490
13459	13093
13341	13097
14427	12717
13268	12490
14588	12832
14410	13345
13520	13215
14030	13233
13974	13216
14646	13206
13631	12570
14263	12678
13498	13297
14532	13164
13491	12874
13885	12530
14455	12772
14629	12409
13678	12831
13505	13140
13472	13005
14385	13233
14214	13345
14262	12712
13973	12731
14410	12917
13685	13215
13476	12417
13553	12831
13713	12395
13234	12490
14121	13210
13933	12369
13490	12490
14046	13104
14106	13233
13472	13333
13523	13186
14588	13085
13900	12874
13993	12490
14588	12926
13662	13045
14173	13123
13993	13233
13418	12325
14057	13294
14330	12270
13451	13239
13330	12779
13268	12351
14176	12907
14214	13220
14245	12653
13973	12658
13527	12514
14535	13345
13880	13315
13553	12647
14330	13233
13590	12525
13897	13172
13398	12367
13693	13320
13462	13225
14612	12381
13853	12926
13577	13172
13398	13204
14176	12776
14419	12455
14196	12828
13754	12784
13518	12647
13626	12878
13573	12335
13952	12550
13483	12490
13646	12490
14140	13030
13501	12599
13498	12323
13564	12833
13368	12544
14330	12350
14588	12350
14173	13289
14599	13153
13747	12406
14106	12328
13444	13224
13685	12287
13706	13197
14024	12786
13249	13157
13342	12334
14588	13021
13908	13253
13414	13233
13685	13084
13974	12709
14140	13278
13498	13267
13557	12258
13685	12421
13540	12795
14462	13050
13472	12410
13360	13085
13935	13194
13505	12561
14242	12868
13472	12463
14214	12874
13683	13345
14259	12925
13498	13293
13641	12966
14071	13182
14599	12597
14505	12863
13249	12561
13296	12647
14590	12490
14047	12647
14186	12591
13518	13189
13498	12722
14252	13345
14474	13187
13978	13253
13993	12601
14599	12490
13577	13230
14599	13308
13669	12419
14313	12979
13669	12350
13304	13233
13923	12641
14315	13230
14598	12545
14629	13172
13908	13174
13973	12998
13685	13345
13669	13341
13996	12477
14109	13122
14646	13206
14599	12251
14030	12393
13360	12420
13766	12682
13398	12367
13907	12433
14453	13115
13557	12327
13472	12379
13767	12832
13851	12906
14508	13037
13706	13085
13342	12824
13787	12391
13234	12311
13880	12779
13314	12346
14305	12326
14554	13140
14173	13092
14058	12490
13968	12287
14328	13307
13686	13131
14057	12824
14070	13253
13835	12488
14240	13311
14599	13215
13463	13345
13742	12796
14441	12869
14009	12515
14141	13047
13743	12824
14264	12642
14254	12391
13964	13230
13826	13140
14330	12463
14612	12873
13307	13304
13505	13084
13249	12367
13669	12874
14208	12824
14474	13189
14381	12832
14360	12502
14330	12874
13885	12955
14612	12546
14360	13239
13891	13289
14140	13135
13956	12537
14612	12489
14599	12882
14196	13104
13467	13345
14518	13234
13656	13123
13472	12662
13922	12490
13840	12287
13723	13233
14599	12597
13266	12235
14588	12357
14599	12367
13498	13293
13437	12321
14052	12602
13719	12931
13256	13235
14484	12988
13521	12972
13699	12824
14599	13239
14140	13011
13492	12550
13963	12599
14571	12256
14199	12692
14588	13345
13472	12684
14350	13345
13577	12988
14474	12793
13669	12310
13398	12406
14384	12958
14330	12934
14588	13165
13978	12832
14027	13251
14016	12278
13518	13323
14588	12731
14612	12395
14640	13233
13518	13233
13824	12647
13886	12673
13771	12758
13923	12824
13246	12319
13589	12639
13498	12260
14635	13253
13384	12474
13261	13294
14634	13256
13341	12434
13503	12292
13863	13017
13280	12824
13365	12287
14046	12824
13557	12647
13451	13233
13398	13194
13885	12373
14109	12585
14337	13020
14419	13172
14037	12448
13589	12395
14636	13164
13685	13224
14216	12887
13312	12474
14360	13233
13866	12832
14205	12965
13743	12882
14385	12413
13787	13130
14048	13333
14118	12647
13923	13172
13675	13249
14286	13228
14330	13085
13935	13233
14470	13235
13350	12564
13685	12264
14202	12479
14588	12289
14061	12627
14154	12592
14305	12759
13518	13030
14330	12793
13524	13253
13234	12528
13921	13233
14630	13239
14245	12367
14552	13233
14587	12367
14566	12351
14635	12299
14588	12874
13327	12306
13557	13215
13557	12687
14360	12824
13360	12612
14103	12864
13268	12951
14417	12582
13890	12307
13554	12561
13685	12955
14636	13024
13398	13171
13365	12287
13553	12503
14556	12588
14330	12932
13729	13337
14214	12618
13557	12468
13694	12395
13557	12682
13525	13255
13307	12561
13985	13233
14066	12795
13451	12938
14612	13120
14518	13345
13386	13048
13968	12490
13463	12490
14046	13023
14330	12311
14118	12831
14262	13104
14272	12636
13518	12458
13665	12955
13993	13295
14599	12908
13589	13235
13557	13307
14367	12824
13973	12801
14474	12639
14367	12575
13517	12647
14046	13235
13472	12832
13900	12618
14590	12955
13557	13182
13334	12832
14264	12722
14118	13074
14254	13140
14140	12862
14103	13314
14537	13233
13973	12793
13825	13235
13935	12973
14599	12561
13510	12951
13736	12351
13603	12972
14459	12824
13365	13140
14202	12391
14330	12874
14047	12514
13553	13336
13699	13172
14454	12736
14400	12822
14531	12713
14400	13294
13880	12770
13796	12518
13747	13194
14452	13026
14203	12821
14612	12298
14187	13311
13557	12948
13589	12351
13436	13030
13398	13233
13341	12288
13683	13233
13463	12321
13371	12490
13766	13330
13276	12518
14599	12537
13518	12909
14284	12997
14339	12361
13884	13345
13662	13215
13747	13215
13725	12926
13923	13215
13492	12550
13973	13050
13981	12726
14405	12964
13589	12832
14485	12885
14599	12906
13372	12965
14599	13089
14454	13253
14009	13050
14390	13135
13307	12334
14032	12824
14474	13343
13824	12310
13537	13241
13885	12968
13848	12832
13463	12795
14209	12824
13520	13177
13256	12357
14171	13345
13727	13239
14034	13219
13961	12647
13747	13172
14429	12777
13365	13235
13893	13135
14477	13016
13452	13115
13923	13066
13514	12490
14409	12434
14505	12965
13498	13255
13466	12763
13366	13039
13874	12559
13709	13147
14599	12713
13472	12991
14264	12351
14470	13028
14268	13065
14344	12543
13933	12614
13961	12647
14274	12906
13540	12874
14636	12509
14036	13268
14111	13140
14414	12855
13668	13019
14030	13233
13634	12849
13249	12490
13747	12906
14046	12293
13853	12333
13973	12831
13699	12249
13523	13189
13553	12795
13472	12600
14057	12641
13395	12575
14612	12522
14400	13233
14588	13257
13249	13140
13755	13335
14137	12416
13557	13112
13747	13293
13437	12571
13529	12712
13766	13035
13743	12456
13330	13336
13365	12597
14400	12638
13973	12428
13743	13215
14588	12250
14626	13208
14599	13084
13540	12955
13557	12621
13866	12605
13472	12357
13365	12951
14556	12597
13320	12514
13339	13092
14524	13278
13367	13051
14273	12691
13761	13135
13472	12599
13866	12956
13685	12490
14588	12795
14140	12428
14010	12617
13403	12891
14112	12955
13811	12983
13429	13087
13398	12860
14556	13293
14470	13131
14113	12821
13394	13206
14262	12614
13766	13234
13645	13345
13907	13035
14330	12658
14347	12862
13813	12515
13775	12321
14360	12367
14506	13016
14602	12490
13518	12614
14330	12805
13900	12863
13557	13162
14330	12490
14599	13215
14588	12816
14612	12351
13584	12281
14588	13149
14140	13333
14612	13233
15583	14105
14920	14097
15188	14262
14837	14136
15314	14262
14842	14275
14824	13513
15516	14166
14809	13889
15087	13704
14974	13540
15490	13910
15399	13563
14699	13380
15001	14069
14940	14149
15585	14066
14714	13426
15615	14211
14961	14134
15623	13609
14907	13933
15646	13836
15254	13867
14727	13430
15457	13703
15495	13550
15210	14036
14857	13435
15518	13820
14678	13952
15614	14262
15476	13826
15687	13766
14833	13526
15103	14197
15614	13970
15270	14036
15585	14016
15132	14298
14857	13371
15314	14086
15684	13910
14910	13567
14713	14051
14946	14248
14714	14272
14857	14199
15712	14143
15490	13609
14722	13650
15610	14100
15168	13521
15700	14066
14984	13743
15623	14125
14690	14061
15210	14125
15518	14213
14874	13680
15585	14078
15641	14220
15284	13917
15623	14290
15099	14068
14678	13630
15402	13467
15010	13563
14920	13435
15292	14286
15106	13746
15476	13863
15034	13928
14996	13571
14948	13765
14745	14115
14837	13668
15146	14240
15585	13568
14797	13571
15486	14305
15476	13557
15715	14303
14940	13487
15518	13480
15394	14094
15595	13770
15623	14166
15485	13870
14731	13863
15614	14256
15550	14166
15179	13376
14713	13380
15476	13435
14713	14099
15108	14272
14990	13868
14866	13863
15476	13554
15077	13889
14868	13543
15614	14268
14875	13880
14764	13996
14842	13571
14700	13409
15606	14204
14700	14202
14804	14130
15129	14120
14919	14166
15322	14118
15578	14179
14692	13435
15137	13718
14961	14019
15352	13457
15614	14054
15131	13961
15614	14119
15614	14073
14972	13387
15390	13479
15481	13590
15040	13649
15513	13903
14823	13900
15546	13501
15546	13604
15614	13439
14914	13984
15618	13677
14998	14202
15155	13380
14857	13863
15546	14047
14857	13986
15352	13617
15624	13571
15546	14152
15485	13611
14888	13398
15519	13806
15172	14087
14984	13771
14984	13411
15402	13686
14972	14004
15546	14040
15671	14214
15627	13980
14842	14292
14708	13690
14833	13584
15543	13965
15172	14106
14842	13490
15618	13631
15327	14214
15614	14102
15610	13743
15136	13642
15231	13560
15614	14152
15038	13668
15615	13938
14713	14087
14984	14112
15550	13535
15259	14121
15644	13413
14798	13571
15146	14149
15614	13722
14732	13459
15618	13805
15585	14214
15376	14185
15526	13517
15518	13739
15198	13700
15411	13987
14861	13510
15614	14148
15546	13743
14688	13667
15513	13479
15490	13560
15616	13880
14714	14214
14700	13557
15352	13380
15041	14275
15098	13479
15002	13491
15411	14272
15706	13571
14678	14005
15578	13433
15335	13910
14794	13459
15490	14036
15715	13448
14940	13557
15546	14266
15546	14103
15123	13447
14798	14100
14990	13876
15192	13772
15476	14134
14837	13863
15516	14214
15546	14272
15386	13870
15168	13751
14956	14046
14971	13537
14745	14088
15512	13870
14988	13755
15334	13571
15585	13491
15202	14017
15117	13870
15363	13633
15433	14262
14842	13395
15416	13560
15302	13743
15700	13438
15614	13522
15434	13749
15618	13586
15294	13554
15595	13457
14956	13817
15165	14214
15003	13643
15556	13700
15004	13910
14700	14201
15075	13522
15067	13466
15567	14214
15002	13630
15131	13987
15664	13810
15205	13870
15352	13623
15518	14112
15004	13378
15048	13444
15317	13962
15162	14272
15546	13384
15004	14159
15585	13986
15384	13439
14997	13766
15614	13426
15402	13611
14896	13480
15591	14214
15476	13380
15040	13973
15546	14214
15546	13824
14984	13380
15614	13696
14673	14182
14912	14254
15276	13798
14969	13425
15550	14042
15127	13769
15276	14256
14700	14131
14718	14214
14829	13870
14747	14217
14997	14145
15403	13494
15618	13866
15614	13446
15127	14214
15369	13804
14824	13414
14857	13462
15614	14225
15115	14039
14700	13380
15308	14306
15618	14118
15618	14149
15610	13538
15402	13749
15518	13593
15402	14214
15513	13669
15614	13380
15589	13350
15216	14073
14922	14147
15618	13380
14700	13706
15490	14214
14713	14217
15162	13384
15276	14220
15140	13779
15585	13435
14817	14125
14983	13476
15198	13700
15172	13864
14714	13661
15335	13998
14696	13673
14705	14064
15154	13785
14742	14175
15682	14015
15314	13604
14757	14286
15565	14278
15539	14179
15455	13965
15263	14214
15330	14015
15614	14066
15489	14099
15618	14051
15046	14214
15585	13556
15546	13571
14714	13916
15618	13696
15476	13468
14888	13550
14803	13804
14738	13542
15280	13859
15585	13348
15423	14166
15002	13967
15045	14036
14963	13523
15614	14064
15577	13666
14716	14214
15585	14140
15411	14214
14857	13643
15005	13601
14889	13877
15542	14064
14837	13840
14671	14136
14940	13444
15071	13710
15600	13995
15241	13629
14820	14306
15372	14023
15692	13598
15502	13571
15664	13380
15517	14267
15614	14052
15476	14148
15016	14224
15162	14064
14990	13935
14756	13738
14837	14159
15186	13870
14709	13788
15375	14094
15610	13380
14798	14303
15189	13470
15642	14076
14959	13633
15180	14295
15550	13700
15490	13903
15518	13989
15152	13613
15546	13459
14737	14198
15447	13910
15131	14115
15550	14217
14898	13455
15098	13870
15150	13787
14680	14214
14796	14269
15095	14256
15212	13838
14898	14002
15578	13365
14813	13671
15152	13391
15202	13804
15441	13700
15416	13910
14857	14054
15476	13444
15578	14021
15411	14275
14857	14220
15003	14220
14842	13732
15206	13722
15004	14220
15320	13804
15485	13547
15618	13526
15319	14150
15004	14066
15614	13769
15619	13462
15627	13862
15481	13479
15495	14108
14990	13430
15585	13768
14714	13972
14699	13826
15550	13902
15668	14186
14984	14181
15673	14036
15204	13380
15222	13670
15352	14103
15280	13414
15326	13910
14699	13435
15684	13609
14898	13430
14700	13809
14699	13870
15614	14112
15683	14085
15618	13610
14700	13459
14997	13611
15618	14046
15213	13804
15476	14306
15066	13479
15146	13927
14837	14000
15416	14220
15086	14106
15554	13644
15003	13557
15546	13507
14984	13992
15546	14260
15327	14150
14856	14077
15127	13380
15585	14206
15003	13858
15550	14134
15337	13642
15614	13457
14831	14127
14663	14160
15610	14064
15546	14114
14898	14307
14842	13459
14961	13571
15621	13561
14856	13750
15623	13895
15476	14015
15065	14194
14679	13857
15614	13848
15476	13438
15341	13965
14990	13554
15416	14125
15618	13538
15283	13348
14700	13925
15086	13870
15202	13633
15476	13590
15077	13869
15614	14059
15172	14024
14990	13870
14984	14272
15618	14147
15122	13804
15336	13393
14790	14300
15106	13927
14857	13491
15093	13380
15188	14055
15490	13590
15146	13507
14998	13849
14681	13995
14857	13609
15144	13781
14700	13427
14787	13895
15402	13590
15131	14204
14700	14063
15366	13607
14805	13785
15075	13700
15476	14214
14857	14221
15614	14257
15283	13722
14880	14214
15473	13599
15283	14290
15546	13947
15327	13654
14833	13633
14669	13752
14713	14214
14982	13559
15618	14054
14937	13870
15023	13840
15411	14052
15485	13535
15495	14256
15452	14226
15075	14272
15623	14066
15283	14205
15327	14150
15402	13870
14739	13535
15265	13413
14845	13384
14770	13462
14700	13772
15232	13932
14998	14220
14772	13600
15614	14094
15573	13890
15585	14192
15335	13403
14956	13731
15004	13491
15708	13800
14998	13804
15151	13676
14824	14166
15037	14166
15152	13743
15614	14050
15277	14262
15299	14042
15546	13526
15623	14036
15684	14036
15546	13426
14907	13647
14976	13630
15013	13609
14728	13804
14950	14153
15004	14136
15029	13673
15222	13571
14970	14045
15518	13782
15075	13507
15261	14147
14984	14191
15137	14208
15402	14108
15120	13565
15146	13538
15618	13439
14990	14297
15320	13439
15188	14272
14700	13712
14972	13459
15220	14166
15077	13804
15064	13459
14906	14301
14708	13493
15040	13853
15518	13543
15042	13689
15280	14306
15614	13538
14678	14301
15098	13571
14842	13522
15623	13568
15098	14046
15461	14266
14941	14117
15542	13380
15518	13716
14857	14095
15070	13796
15550	14179
15476	13396
14967	14056
15162	14239
14857	13547
14990	13956
15585	14136
15657	13469
14990	13732
14990	13497
15519	14217
15402	14250
15205	14220
14705	14100
15411	14108
15585	13684
14846	13914
14811	13880
15063	13550
14940	13643
15055	14095
15614	13480
14892	13380
15257	14306
14984	14214
15458	13980
15583	13590
15474	14066
15500	13863
15488	13748
14997	13750
15041	13637
15241	14120
14832	13863
14713	13870
14973	13509
15245	14203
15207	14108
15679	14285
14996	14219
15077	13646
15004	13571
15416	13479
15614	14010
14700	14209
15569	13350
15069	13870
15162	13380
14857	13407
14963	14248
15495	13706
15040	13772
14727	14248
15585	13566
15614	13534
14745	14053
15003	14066
15644	14017
14963	13634
15476	13870
14857	13895
14792	13993
14799	13893
15490	14262
15476	13372
15098	14262
15500	14170
15614	14272
15402	14261
15189	14254
15623	14090
15490	13856
15146	13349
15646	14197
15585	13668
14700	13480
15623	13507
15568	14176
15490	14220
15040	13370
14857	14262
15004	14166
14736	13442
14820	13863
15485	14106
14977	14167
15684	14043
15670	14166
15276	13910
14956	14066
14786	14166
15382	13357
15276	13870
14857	13708
15098	14066
15712	13863
15550	13479
15413	13863
15550	14254
15485	14217
15100	13769
15614	13804
15618	13787
15000	13426
15590	14190
14990	13570
14713	13743
15004	14214
15623	13479
15003	13888
15003	13348
15253	13863
15276	13609
15585	13826
15274	13975
15402	13535
14745	14272
15546	14066
15009	13520
14984	13384
15205	13435
15402	13367
15131	14272
15410	13536
14984	14051
15670	13435
14857	14036
15197	13552
15610	14147
15550	14233
15283	13831
15304	14219
14851	13863
14700	13590
15046	14266
15245	14147
15623	14078
15004	14262
15168	13460
15203	13432
15263	14149
15566	14108
14657	13479
15597	13721
15285	14214
15040	13380
15614	13384
15485	14145
15526	14129
14824	14170
15689	13380
14671	13479
14857	13664
15518	13571
15614	14201
15031	13675
14907	13927
15359	13633
15004	13863
14842	13663
14700	13611
15481	13564
15206	14205
15542	13714
15481	14220
15618	13804
15546	13753
14756	13416
15614	14235
14954	13863
15394	13380
15614	13560
15168	14147
15571	13775
14763	13523
14657	13402
15315	13791
15098	13557
15614	14025
15700	14103
14990	14248
14837	14005
14857	13513
14803	13459
15565	13804
15614	13386
14907	14115
14842	14272
15610	13457
14700	13716
14704	13410
15397	14000
15146	14272
15280	13863
14907	14217
15268	13863
14995	13557
15516	14118
15631	13554
14700	14272
15636	14214
15443	13863
15545	14284
15275	13930
15335	14017
15546	14112
15168	14009
15546	13571
15233	13483
15004	14306
15476	13669
15614	14214
15280	13462
14682	14272
15610	14150
14694	13979
15585	14107
15546	14201
15086	14217
14756	13870
15163	13804
14680	13804
15614	14303
14701	13459
15681	13948
15490	13525
15069	13709
14713	13700
15003	13609
15623	13491
14700	13974
15206	14036
15419	14120
15276	13643
15411	13405
15542	14011
15618	14066
15585	13571
14857	14128
15172	13951
15585	13798
14656	13545
14837	14125
14700	13804
15658	14240
14997	13535
14799	13943
15191	14059
14885	13455
15476	14166
15162	13405
14934	13571
15610	13850
15036	13436
15233	14017
14671	13816
15131	13832
15490	13557
15228	13677
15481	13548
15662	13672
14678	13457
14997	14208
14832	13438
15313	13362
14715	13353
14842	14064
15292	14087
14857	14136
15327	14147
15276	14136
15040	13367
14898	14214
15423	13609
14820	14136
14982	14214
15172	14217
15402	14017
15016	13804
15155	13552
15481	13371
14770	14166
14857	13525
15564	13557
15369	14051
15002	14301
15529	13499
14700	13455
15623	13883
15040	13459
14940	13966
14745	14169
14899	13482
15267	13481
14997	13633
15618	14214
15585	13354
15549	14287
14940	13934
14713	13919
15490	13643
15585	13710
14716	14272
15638	13770
15206	13658
15366	13380
15583	14183
14990	14307
14741	14220
14803	13921
15083	13776
14700	14060
15172	13467
15573	14214
15610	14126
14877	14214
15546	13538
14745	13700
14700	13388
15614	13870
14732	13810
15290	14214
15543	13700
15684	13517
15423	14036
15585	14306
15550	13804
15164	13802
15652	13682
15490	13479
14658	14146
15003	13871
15546	13832
15205	13462
14906	13630
14857	13668
14940	14136
15618	13746
15297	13504
15546	13744
14713	14208
15546	13995
15063	14004
14657	14036
14680	13870
15432	13804
15365	14072
15003	13568
14700	13431
15481	13609
15585	14262
14817	13840
15700	13478
14716	13508
15352	14214
14978	13976
15025	13879
15652	13795
15618	13571
14949	13614
15040	13804
14713	14170
14735	13630
14976	14301
15614	14150
15619	14046
15600	13571
15416	13863
15614	14147
14907	13700
14837	13568
15614	13450
14842	13832
14699	13910
15684	13479
15003	14136
15543	13430
15578	14165
15111	13757
14731	14225
15439	13804
15402	13804
14956	14262
15162	14039
15098	14035
14997	13700
15411	13380
15623	13910
14678	13479
14734	13845
15411	13507
15247	13736
15283	14007
15062	13432
15618	13522
14713	14300
15004	14005
14837	14306
14798	14214
14817	13558
14700	14273
15618	13578
15476	13589
15481	13369
14722	13865
14727	13700
15402	13497
15003	13479
15542	13581
15618	13626
15172	13576
15625	14166
15476	14066
15585	13728
15189	13821
15435	13694
15375	13380
14727	13724
15546	13705
15472	13844
15580	13859
14770	14214
14700	13367
14848	14243
15263	13439
14803	13350
15018	13380
15618	13459
14891	14214
15168	14150
14941	13397
14727	13570
15581	14262
15102	13870
14963	13554
14678	14066
15359	13968
15131	13457
15546	13870
14907	13367
15037	13435
15606	13677
14837	13435
15546	13771
14998	14217
15614	14158
15541	13459
14713	13951
14721	13628
15416	14046
14935	13380
15402	13459
15565	13954
15276	13479
15623	13607
14990	13574
14956	13571
15331	14150
14898	13463
14857	13434
14700	13450
15757	14373
15794	14338
15765	14332
15779	14338
15811	14390
15775	14338
15745	14314
15809	14313
15792	14373
15789	14372
15777	14361
15807	14338
15768	14351
15787	14347
15765	14337
15792	14380
15786	14320
15752	14333
15778	14358
15786	14370
15742	14338
15794	14374
15809	14386
15772	14338
15811	14375
15793	14383
15765	14347
15802	14347
15814	14338
15738	14316
15809	14357
15814	14380
15808	14352
15765	14347
15811	14345
15779	14360
15811	14355
15811	14338
15772	14347
15792	14375
15739	14367
15799	14347
15797	14380
15763	14348
15778	14387
15809	14358
15763	14349
16021	14465
15892	14551
16042	14653
15870	14582
16075	14488
16085	14715
15860	14518
16035	14611
15862	14459
15859	14495
16114	14639
15876	14462
15860	14458
16029	14394
15910	14554
15970	14651
15982	14580
15884	14433
16028	14466
16015	14597
15939	14425
16034	14398
15930	14716
15968	14560
15953	14404
16123	14412
16057	14690
16030	14561
16089	14632
16009	14713
16051	14532
15859	14663
15932	14520
15885	14477
15942	14484
16010	14457
15903	14593
15903	14593
16135	14458
15849	14603
16047	14460
16019	14663
15991	14436
15935	14648
15847	14428
16007	14511
16102	14565
15976	14577
16071	14589
16125	14718
16111	14663
16089	14557
16050	14394
15927	14620
15825	14589
15895	14599
16051	14626
16028	14484
16002	14693
16091	14609
16051	14521
16018	14525
15907	14454
15899	14551
15930	14614
16111	14663
16085	14547
15910	14616
15854	14484
16111	14594
15975	14566
15854	14484
15873	14464
15908	14552
15902	14495
15866	14529
15965	14503
16041	14521
15827	14458
15892	14616
15945	14582
15892	14616
16029	14465
15860	14459
16137	14663
16329	14798
16185	14775
16286	14819
16201	14757
16267	14796
16333	14946
16286	14858
16340	14904
16203	14935
16318	14878
16211	14835
16321	14891
16206	14934
16244	14894
16330	14752
16164	14908
16284	14735
16254	14760
16370	14858
16228	14748
16286	14790
16203	14814
16337	14800
16201	14734
16313	14858
16232	14919
16173	14780
16378	14948
16296	14935
16201	14935
16287	14872
16201	14726
16244	14894
16242	14797
16250	14948
16246	14810
16232	14919
16307	14855
16347	14926
16286	14885
16207	14941
16230	14759
16203	14935
16207	14941
16380	14877
16169	14733
16269	14945
16361	14732
16350	14845
16293	14935
16377	14741
16160	14790
16293	14814
16305	14866
16340	14904
16181	14841
16293	14859
16289	14915
16242	14841
16343	14756
16301	14935
16214	14951
16201	14832
16285	14840
16159	14793
16159	14793
16376	14867
16337	14917
16380	14877
16227	14909
16307	14921
16371	14758
16178	14882
16363	14809
16160	14800
16337	14917
16378	14948
16279	14824
16245	14801
16280	14827
16281	14803
16344	14773
16397	14969
16383	14954
16391	14962
16381	14952
16388	14959
16392	14963
16387	14958
16390	14961
16381	14952
16395	14968
16385	14956
16399	14973
16390	14961
16393	14965
16435	15088
16508	15045
16540	15056
16540	15007
16540	14987
16446	14976
16484	15017
16460	15020
16545	15026
16466	15075
16516	15063
16540	14994
16447	15012
16522	15059
16522	14975
16487	15085
16522	15074
16538	15079
16505	15082
16410	15016
16540	14986
16446	14980
16513	15088
16507	15063
16540	14980
16424	15018
16436	14997
16424	15026
16446	15061
16540	15057
16492	15026
16446	15026
16446	15013
16540	15044
16482	15088
16473	15088
16540	15046
16424	15012
16502	15045
16540	15035
16551	15012
16540	15059
16522	14999
16423	15038
16430	15000
16407	14982
16419	15038
16523	15062
16528	14993
16540	15012
16540	15088
16530	15026
16443	15056
16516	15003
16449	15088
16444	15047
16508	15039
16519	15064
16540	15012
16516	15074
16518	15062
16550	15088
16419	15038
16424	14997
16426	15026
16408	15007
16540	15044
16425	15023
16505	14979
16538	15062
16524	14999
16550	15088
16424	15017
16518	15082
16540	15000
16413	15035
16545	15026
16465	14979
16437	15085
16469	15007
16540	14991
16540	15017
16550	15056
16522	15003
16449	15003
16540	15088
16470	15007
16426	15026
16493	15026
16416	15043
16524	15035
16435	15047
16420	15007
16408	15025
16416	15003
16443	15007
16523	15082
16524	15088
16465	15038
16424	15089
16492	14994
16510	15007
16454	15009
16540	14985
16492	15007
16538	15020
16428	15088
16538	15082
16442	15007
16447	15035
16422	15058
16523	15079
16505	14979
16446	15012
16408	15026
16518	15079
16491	15017
16540	15072
16548	15003
16424	15055
16425	15088
16470	15056
16408	15088
16403	15026
16446	15070
16446	15026
16424	15064
16423	15082
16505	15020
16491	15056
16426	15088
16540	14996
16484	15088
16482	15074
16443	15012
16472	15000
16521	14981
16500	15058
16528	15088
16524	15066
16430	14999
16540	14976
16540	14977
16434	15035
16408	14985
16528	15056
16549	14995
16416	15007
16446	15007
16518	15029
16493	15039
16430	14975
16425	15088
16424	15007
16540	15037
16403	15088
16411	15051
16505	15079
16424	15089
16551	15012
16440	15000
16472	14984
16508	15037
16431	15088
16444	15047
16472	15003
16469	15026
16492	15043
16436	15003
16433	15082
16540	14975
16408	15026
16473	15056
16528	15088
16528	15056
16443	15003
16460	15020
16523	15038
16507	14991
16550	15017
16472	15003
16507	14999
16522	15063
16426	15046
16524	14985
16518	15079
16470	15003
16522	15007
16538	15079
16528	15007
16661	15283
17060	15570
17026	15476
16712	15524
16973	15262
16768	15324
16812	15427
16692	15262
16931	15644
16805	15245
17040	15166
17092	15521
16615	15515
16863	15510
17220	15483
16651	15559
16730	15404
17218	15656
16553	15095
16737	15207
16978	15344
16578	15184
17152	15427
16912	15483
17200	15590
16879	15601
16579	15192
16557	15117
17190	15565
16969	15237
16805	15384
17119	15570
17011	15473
16745	15176
16556	15164
17100	15554
16692	15385
17000	15404
17004	15276
16913	15596
16811	15298
16878	15618
16603	15204
16863	15111
16937	15212
16964	15556
17002	15288
16827	15483
16581	15193
16578	15334
16648	15371
16739	15242
16613	15426
16971	15625
17051	15505
16704	15280
16850	15543
17080	15209
17038	15524
16745	15456
17055	15381
16851	15272
17057	15289
16987	15366
17055	15638
17207	15176
16741	15402
17211	15483
16688	15174
17126	15423
16692	15591
17099	15253
16560	15106
16958	15386
17119	15570
17198	15593
16845	15531
17013	15479
17163	15459
16779	15268
16570	15152
16782	15332
16729	15112
17140	15218
17126	15111
16879	15601
16704	15403
16817	15598
16591	15270
16711	15480
17119	15575
17101	15258
17195	15240
17095	15120
17109	15633
17166	15302
16844	15381
16597	15662
16564	15126
17135	15383
16696	15472
17217	15647
16827	15483
16573	15196
17126	15591
17204	15170
17037	15594
17101	15258
16786	15604
16987	15188
16975	15384
16821	15452
16730	15156
16692	15158
16809	15405
17032	15387
16692	15423
16704	15524
16767	15294
16888	15256
16603	15582
17142	15129
16677	15365
16820	15379
16802	15371
16553	15095
16820	15447
17192	15322
16854	15122
17101	15098
16994	15166
17134	15586
16831	15494
16970	15215
17014	15311
16800	15183
16665	15570
16556	15383
16863	15184
16831	15627
16578	15565
17178	15336
16605	15427
16820	15379
16578	15474
16855	15557
16553	15258
17017	15511
16818	15364
17161	15148
17091	15640
16945	15242
16928	15208
16704	15585
16702	15572
16584	15380
17051	15460
16937	15212
16870	15381
16808	15095
17104	15169
16858	15436
16702	15575
16881	15357
16844	15585
16620	15334
17145	15575
17197	15381
16601	15261
16693	15595
17079	15381
17082	15464
16766	15098
16770	15358
17009	15453
16983	15352
16739	15217
17078	15556
16557	15098
16620	15612
16854	15556
16599	15400
16620	15543
17192	15662
17078	15311
17101	15657
16840	15519
17174	15275
16657	15448
16704	15114
16850	15543
16764	15418
16976	15524
16553	15644
17143	15256
17197	15381
16945	15249
16829	15487
16796	15186
16853	15457
16854	15240
17119	15336
17118	15331
16899	15635
17178	15543
16943	15233
16842	15576
16835	15138
16731	15299
17221	15371
17007	15242
16852	15553
17159	15193
16872	15541
16649	15367
16663	15469
16732	15546
16586	15388
16994	15240
17022	15176
16692	15591
16797	15171
16910	15211
16599	15256
16560	15133
17055	15156
16998	15162
17042	15483
16830	15508
16854	15240
16739	15156
16775	15387
16853	15102
16952	15554
16945	15129
17212	15497
16796	15371
16569	15144
17000	15242
16760	15135
16708	15219
16851	15547
17177	15515
17032	15122
16750	15393
16835	15508
16970	15196
17078	15122
17101	15657
16802	15508
16769	15483
17140	15483
16556	15627
17192	15575
16853	15270
16578	15180
17178	15591
17045	15613
16812	15427
17131	15370
16858	15436
16776	15387
17155	15299
16776	15387
16557	15258
17074	15619
17140	15381
16863	15570
16761	15266
17018	15317
16688	15471
16793	15644
16816	15487
17064	15126
17055	15207
16557	15427
17021	15381
16771	15097
16763	15627
16847	15537
16898	15101
17185	15548
16855	15447
16896	15213
16955	15275
16954	15295
16948	15324
16735	15153
16939	15627
16581	15566
16704	15217
16934	15199
16853	15554
16613	15302
17178	15518
17218	15305
16835	15199
16887	15643
16887	15583
16833	15500
17004	15424
16835	15644
16712	15544
16687	15579
16663	15469
16855	15130
17001	15412
16860	15562
16993	15524
16844	15585
16802	15371
17132	15508
16806	15168
16582	15196
17197	15638
17152	15453
17158	15258
16870	15524
17183	15157
17014	15499
17078	15387
16675	15105
16802	15585
16702	15609
16602	15404
16623	15293
17129	15297
16781	15432
16863	15246
16900	15159
16729	15316
16566	15639
17104	15269
17217	15543
16747	15585
16648	15524
17101	15335
17055	15665
16969	15237
17140	15573
16749	15149
17078	15240
17055	15217
16752	15299
17055	15129
17192	15543
16796	15313
17197	15371
17190	15565
17217	15543
16835	15508
16881	15357
16581	15453
16709	15605
17155	15653
16828	15629
16773	15483
16563	15125
17140	15299
16581	15193
16850	15570
16660	15122
16816	15376
16666	15096
16945	15242
17124	15222
17208	15620
16745	15176
16955	15570
16796	15585
16583	15203
17032	15311
16863	15170
16948	15495
16863	15647
16945	15404
16566	15639
16951	15150
17090	15252
17006	15314
16994	15387
16898	15101
16849	15160
16912	15664
16719	15655
16684	15329
17126	15158
16944	15311
17200	15590
17060	15543
16819	15446
16688	15581
17142	15404
16802	15381
16930	15187
17014	15556
16910	15105
16796	15524
16923	15332
16722	15659
17085	15565
17055	15404
16994	15311
16578	15467
17179	15520
16745	15456
16739	15404
16566	15341
16708	15219
16665	15138
17165	15465
16860	15562
16819	15446
16863	15158
17153	15429
16704	15585
16816	15431
17196	15350
16913	15596
17139	15392
16796	15114
16682	15484
17190	15279
17220	15664
17197	15585
17177	15199
16864	15609
16769	15218
16987	15188
16974	15420
16553	15483
16739	15242
17103	15662
16840	15519
16752	15485
16887	15583
