6	13
20	26
22	27
39	53
40	54
51	62
52	63
55	67
74	89
75	91
100	111
104	112
113	124
126	136
131	140
132	141
133	144
136	146
145	153
149	158
154	162
162	168
175	180
183	192
191	201
195	205
212	217
214	219
215	221
222	229
232	235
237	240
241	247
243	250
244	251
261	270
266	276
272	286
273	288
279	291
285	295
287	301
290	302
292	308
293	309
295	311
316	328
319	336
320	338
326	344
328	346
333	353
349	368
351	372
359	380
363	386
366	390
369	394
377	404
385	415
389	420
406	440
412	442
415	450
419	455
422	461
426	464
450	480
455	490
470	509
474	517
476	518
480	523
483	525
484	527
485	529
505	552
522	573
553	587
559	590
563	597
568	603
580	613
581	614
589	623
602	631
603	633
616	650
621	652
624	659
634	671
641	677
644	683
646	685
658	692
662	700
672	708
680	720
698	739
701	742
708	746
713	750
714	752
719	757
723	764
724	766
725	768
730	772
736	780
742	785
743	786
750	794
760	802
761	805
768	814
776	820
781	821
786	827
787	828
793	832
804	840
813	850
815	854
826	862
828	864
831	868
841	880
853	890
854	891
856	893
864	906
868	911
874	915
876	916
888	933
898	942
906	952
909	953
911	956
913	957
917	959
922	969
926	972
931	979
932	980
945	997
962	1009
965	1010
970	1015
973	1016
975	1017
976	1018
988	1029
989	1030
996	1046
998	1050
1005	1059
1008	1061
1010	1062
1014	1067
1015	1068
1025	1076
1035	1088
1046	1090
1055	1098
1059	1102
1060	1103
1062	1104
1068	1115
1074	1117
1078	1120
1080	1124
1082	1127
1087	1132
1088	1133
1095	1138
1111	1150
1127	1161
1130	1163
1132	1167
1136	1169
1145	1178
1148	1184
1156	1196
1158	1197
1164	1201
1168	1206
1174	1216
1179	1217
1180	1218
1202	1233
1203	1234
1205	1235
1208	1238
1211	1243
1214	1245
1220	1252
1223	1256
1233	1259
1237	1261
1238	1262
1283	1313
1290	1318
1293	1321
1300	1332
1305	1338
1313	1347
1325	1356
1329	1360
1344	1367
1351	1371
1358	1379
1362	1383
1367	1391
1370	1392
1373	1396
1377	1407
1391	1420
1392	1423
1402	1431
1406	1435
1407	1436
1411	1440
1420	1449
1425	1454
1429	1462
1443	1476
1454	1482
1458	1486
1463	1489
1465	1491
1467	1493
1472	1494
1498	1521
1504	1527
1507	1530
1510	1534
1511	1536
1521	1549
1532	1554
1536	1559
1538	1562
1544	1571
1546	1573
1553	1581
1558	1587
1560	1588
1561	1589
1565	1592
1568	1601
1574	1608
1582	1616
1585	1619
1587	1622
1588	1624
1592	1627
1606	1642
1608	1645
1610	1649
1630	1668
1633	1670
1637	1676
1648	1687
1654	1693
1661	1699
1667	1704
1673	1709
1675	1711
1676	1712
1692	1732
1707	1742
1709	1745
1710	1746
1716	1750
1726	1762
1731	1765
1747	1778
1759	1793
1776	1804
1779	1809
1781	1812
1785	1817
1790	1819
1799	1828
1800	1829
1803	1831
1810	1836
1812	1839
1815	1841
1821	1850
1834	1861
1836	1864
1850	1877
1853	1881
1859	1891
1862	1895
1863	1896
1867	1900
1872	1904
1873	1905
1878	1908
1891	1920
1898	1926
1900	1930
1902	1931
1908	1937
1921	1951
1925	1956
1947	1966
1948	1968
1956	1978
1980	1995
1984	2002
1986	2003
2004	2019
2013	2026
2018	2029
2019	2030
2021	2033
2032	2047
2038	2050
2047	2053
2058	2063
2067	2073
2068	2077
2076	2084
2085	2096
2086	2099
2087	2100
2088	2101
2092	2105
2103	2114
2106	2118
2122	2134
2129	2138
2134	2143
2143	2156
2146	2161
2152	2166
2155	2173
2157	2174
2164	2181
2175	2192
2193	2206
2198	2213
2201	2218
2213	2239
2216	2241
2231	2252
2235	2254
2237	2256
2238	2259
2248	2272
2253	2275
2261	2283
2262	2284
2271	2290
2272	2292
2274	2295
2276	2296
2281	2300
2285	2306
2321	2329
2335	2342
2363	2371
2365	2373
2366	2375
2373	2385
2375	2387
2383	2394
2389	2402
2393	2407
2406	2412
2423	2433
2427	2446
2435	2455
2439	2457
2445	2469
2461	2488
2467	2500
2472	2506
2480	2514
2484	2521
2487	2525
2501	2543
2530	2560
2535	2565
2537	2567
2540	2569
2541	2574
2556	2582
2560	2588
2575	2607
2581	2610
2586	2615
2587	2616
2589	2619
2592	2621
2595	2624
2599	2631
2602	2632
2611	2643
2613	2646
2632	2665
2635	2671
2638	2674
2640	2677
2641	2678
2642	2680
2646	2687
2657	2704
2660	2706
2664	2709
2667	2711
2677	2722
2686	2727
2689	2736
2690	2737
2697	2744
2703	2753
2711	2757
2712	2758
2715	2762
2717	2763
2719	2765
2723	2769
2724	2771
2734	2780
2738	2783
2739	2786
2741	2788
2742	2789
2750	2795
2756	2798
2760	2801
2766	2808
2775	2821
2780	2822
2796	2836
2803	2839
2817	2849
2829	2862
2837	2877
2840	2880
2843	2881
2851	2888
2854	2890
2869	2905
2874	2910
2880	2917
2883	2920
2885	2922
2888	2924
2898	2935
2908	2943
2916	2952
2923	2956
2924	2957
2931	2968
2932	2969
2936	2971
2946	2984
2954	2995
2957	3000
2977	3013
2982	3020
2989	3022
2991	3023
2994	3025
2996	3026
2999	3029
3003	3033
3004	3034
3007	3035
3016	3047
3027	3058
3032	3060
3036	3068
3042	3075
3046	3081
3047	3083
3050	3087
3054	3089
3062	3100
3065	3103
3070	3109
3078	3116
3085	3122
3100	3134
3106	3142
3131	3185
3133	3186
3142	3197
3145	3198
3149	3205
3156	3207
3157	3209
3158	3210
3159	3212
3163	3214
3167	3220
3176	3227
3181	3232
3193	3247
3194	3249
3196	3251
3197	3253
3215	3272
3225	3279
3226	3280
3229	3282
3232	3285
3240	3291
3261	3316
3263	3318
3264	3319
3265	3323
3268	3328
3271	3331
3276	3339
3278	3343
3280	3346
3283	3349
3286	3351
3299	3369
3303	3371
3304	3372
3309	3378
3313	3384
3315	3389
3316	3390
3323	3393
3326	3394
3328	3396
3337	3407
3340	3412
3344	3414
3351	3418
3369	3426
3390	3442
3391	3443
3395	3446
3398	3448
3400	3451
3402	3454
3408	3456
3424	3467
3432	3475
3435	3478
3441	3488
3444	3498
3451	3505
3454	3506
3462	3515
3463	3516
3464	3518
3472	3521
3478	3527
3480	3529
3482	3533
3485	3538
3488	3540
3492	3544
3499	3552
3500	3558
3512	3577
3513	3578
3530	3591
3532	3592
3535	3594
3537	3595
3541	3596
3543	3602
3545	3605
3550	3607
3554	3611
3559	3617
3562	3620
3566	3627
3575	3635
3582	3641
3584	3642
3586	3643
3592	3649
3593	3650
3601	3660
3606	3664
3609	3665
3629	3686
3635	3694
3639	3698
3643	3705
3656	3717
3660	3720
3664	3724
3668	3730
3673	3733
3676	3738
3677	3739
3679	3742
3682	3746
3683	3747
3686	3753
3687	3754
3691	3763
3694	3765
3695	3766
3699	3772
3703	3777
3711	3787
3713	3789
3714	3791
3717	3794
3720	3799
3728	3808
3731	3812
3748	3821
3750	3827
3753	3830
3756	3832
3760	3841
3763	3845
3767	3849
3769	3850
3778	3859
3780	3863
3785	3868
3787	3869
3788	3870
3804	3886
3808	3895
3814	3900
3829	3914
3830	3916
3834	3921
3853	3942
3878	3964
3881	3967
3883	3970
3892	3976
3905	3981
3906	3984
3907	3986
3910	3989
3917	3997
3921	4001
3933	4019
3939	4028
3951	4033
3955	4036
3957	4037
3968	4053
3970	4055
3973	4057
3975	4058
3976	4059
3983	4063
3984	4065
3989	4066
3991	4067
4004	4084
4013	4096
4015	4097
4017	4099
4019	4100
4027	4112
4032	4120
4037	4126
4038	4127
4039	4128
4057	4146
4059	4148
4060	4150
4065	4152
4067	4154
4068	4155
4085	4170
4094	4175
4101	4178
4106	4186
4110	4192
4115	4198
4121	4204
4122	4205
4125	4208
4127	4210
4130	4213
4133	4216
4156	4244
4183	4280
4184	4281
4189	4292
4193	4296
4195	4299
4200	4306
4211	4319
4223	4327
4231	4344
4241	4356
4245	4360
4251	4365
4258	4369
4259	4371
4263	4374
4271	4380
4278	4385
4280	4386
4285	4392
4289	4396
4290	4399
4292	4405
4296	4413
4302	4423
4309	4431
4312	4433
4314	4435
4322	4445
4324	4448
4329	4458
4342	4472
4347	4474
4356	4477
4359	4479
4360	4480
4363	4485
4364	4489
4368	4492
4371	4494
4378	4502
4380	4504
4398	4519
4402	4522
4403	4525
4404	4527
4408	4529
4416	4539
4423	4551
4432	4561
4437	4562
4443	4571
4457	4583
4468	4595
4478	4602
4484	4604
4515	4639
4519	4642
4530	4655
4548	4681
4553	4687
4554	4688
4555	4693
4566	4698
4570	4701
4572	4704
4577	4707
4587	4714
4600	4725
4613	4731
4625	4739
4627	4740
4646	4766
4649	4769
4650	4770
4663	4787
4668	4789
4669	4792
4670	4794
4680	4802
4682	4806
4685	4809
4691	4814
4693	4821
4694	4822
4696	4823
4700	4831
4709	4841
4718	4847
4719	4850
4732	4864
4736	4869
4742	4876
4755	4886
4773	4909
4789	4924
4791	4925
4793	4926
4803	4935
4819	4944
4826	4955
4829	4957
4843	4972
4849	4981
4864	5004
4873	5018
4875	5023
4876	5027
4882	5030
4895	5042
4898	5047
4904	5057
4906	5058
4911	5066
4922	5078
4927	5085
4945	5103
4946	5105
4948	5110
4953	5115
4954	5118
4956	5120
4962	5127
4967	5133
4969	5137
4975	5146
4977	5151
4978	5155
4983	5161
4987	5173
4989	5175
4990	5179
4991	5181
5000	5186
5007	5199
5009	5200
5016	5206
5022	5208
5025	5214
5029	5223
5031	5225
5036	5231
5037	5232
5043	5237
5055	5242
5056	5244
5065	5253
5069	5255
5074	5257
5080	5259
5090	5274
5094	5279
5106	5290
5112	5295
5119	5301
5120	5303
5133	5311
5135	5313
5136	5314
5150	5323
5155	5329
5156	5331
5163	5335
5168	5342
5191	5368
5194	5373
5195	5374
5197	5377
5213	5392
5215	5394
5221	5397
5222	5398
5223	5399
5229	5408
5244	5423
5248	5427
5249	5428
5250	5433
5254	5436
5255	5437
5275	5456
5280	5460
5297	5477
5302	5480
5304	5482
5307	5484
5309	5486
5311	5491
5315	5495
5349	5529
5351	5530
5352	5532
5355	5537
5365	5545
5381	5567
5387	5570
5403	5586
5407	5589
5414	5596
5415	5597
5421	5602
5424	5605
5427	5610
5442	5622
5445	5625
5465	5636
5468	5637
5469	5638
5476	5644
5484	5649
5502	5660
5507	5661
5520	5664
5522	5668
5532	5680
5541	5686
5554	5691
5556	5692
5567	5700
5574	5711
5579	5712
5582	5715
5587	5722
5618	5742
5624	5746
5637	5760
5641	5766
5648	5779
5651	5786
5653	5787
5654	5788
5660	5793
5661	5796
5664	5797
5666	5805
5668	5807
5676	5815
5678	5816
5684	5817
5712	5840
5717	5843
5721	5846
5724	5849
5728	5856
5734	5862
5738	5868
5739	5869
5740	5870
5742	5872
5743	5875
5758	5893
5761	5898
5766	5904
5768	5906
5777	5913
5778	5914
5779	5916
5780	5920
5797	5934
5804	5938
5806	5941
5831	5972
5833	5977
5836	5985
5839	5991
5856	6009
5858	6010
5863	6017
5864	6018
5872	6025
5882	6030
5886	6033
5888	6035
5904	6053
5907	6057
5914	6063
5920	6069
5934	6083
5936	6084
5939	6086
5940	6088
5947	6092
5948	6093
5949	6095
5951	6097
5952	6099
5964	6109
5968	6112
5976	6119
5979	6125
6000	6142
6004	6150
6010	6156
6019	6164
6025	6169
6026	6170
6028	6172
6034	6175
6038	6180
6039	6181
6044	6185
6050	6193
6054	6199
6060	6202
6071	6207
6072	6208
6077	6211
6079	6213
6085	6217
6094	6224
6096	6225
6107	6236
6110	6240
6113	6242
6117	6248
6121	6249
6128	6254
6133	6258
6137	6260
6139	6261
6140	6262
6148	6266
6154	6278
6160	6283
6161	6286
6176	6295
6183	6299
6190	6309
6198	6321
6206	6323
6207	6324
6209	6326
6219	6340
6220	6341
6226	6345
6230	6347
6247	6365
6255	6375
6258	6376
6268	6385
6288	6395
6294	6397
6298	6404
6315	6419
6322	6422
6329	6426
6349	6441
6353	6448
6359	6453
6362	6455
6366	6461
6373	6472
6375	6474
6387	6483
6389	6485
6390	6486
6395	6488
6399	6494
6407	6506
6408	6507
6412	6517
6414	6526
6420	6532
6421	6533
6427	6544
6444	6563
6446	6568
6451	6575
6452	6577
6454	6578
6455	6579
6461	6583
6467	6588
6468	6590
6478	6600
6484	6606
6491	6611
6495	6615
6502	6624
6504	6629
6506	6630
6509	6632
6518	6647
6522	6649
6525	6655
6526	6656
6528	6657
6534	6663
6539	6667
6546	6676
6553	6682
6560	6686
6562	6688
6568	6694
6575	6703
6576	6705
6580	6710
6588	6720
6596	6724
6597	6725
6601	6727
6611	6736
6616	6747
6619	6752
6629	6760
6633	6764
6645	6769
6648	6771
6655	6777
6656	6784
6661	6789
6665	6791
6667	6792
6669	6793
6679	6803
6690	6812
6697	6817
6701	6822
6703	6823
6704	6825
6708	6832
6709	6837
6714	6840
6720	6845
6729	6860
6734	6864
6737	6867
6741	6870
6748	6878
6757	6885
6759	6889
6768	6898
6769	6900
6773	6904
6781	6907
6788	6916
6795	6920
6808	6927
6810	6928
6812	6933
6814	6935
6822	6938
6830	6945
6839	6958
6841	6959
6862	6970
6866	6974
6868	6975
6879	6981
6880	6982
6881	6983
6893	6992
6894	6995
6904	7004
6933	7031
6947	7048
6949	7049
6951	7054
6964	7062
6974	7072
6978	7080
6979	7081
6980	7083
6990	7092
6994	7098
6996	7100
7015	7111
7017	7113
7022	7126
7023	7127
7032	7133
7052	7150
7062	7156
7067	7158
7074	7166
7083	7175
7085	7178
7089	7182
7093	7185
7109	7205
7123	7214
7137	7219
7153	7235
7154	7238
7158	7239
7159	7240
7161	7247
7169	7253
7175	7266
7178	7267
7195	7286
7201	7304
7207	7307
7217	7316
7218	7317
7219	7318
7226	7324
7245	7334
7249	7336
7253	7341
7256	7348
7258	7350
7264	7359
7266	7362
7273	7366
7289	7376
7302	7396
7306	7399
7307	7403
7315	7406
7322	7409
7323	7410
7324	7412
7330	7415
7334	7416
7351	7430
7352	7432
7360	7441
7364	7445
7375	7458
7376	7459
7380	7462
7383	7463
7388	7467
7391	7470
7396	7475
7397	7479
7401	7481
7408	7486
7413	7491
7420	7494
7422	7495
7441	7516
7443	7521
7444	7522
7455	7534
7457	7538
7458	7539
7462	7544
7472	7549
7477	7552
7506	7573
7508	7575
7539	7599
7540	7600
7542	7602
7558	7617
7559	7618
7560	7619
7564	7621
7571	7631
7572	7633
7574	7635
7582	7641
7583	7643
7586	7644
7598	7659
7602	7663
7624	7676
7625	7678
7631	7680
7645	7696
7650	7701
7656	7709
7659	7710
7665	7715
7689	7746
7690	7747
7702	7761
7705	7763
7709	7767
7713	7770
7716	7774
7717	7775
7720	7779
7724	7786
7731	7796
7732	7797
7734	7799
7737	7803
7742	7806
7745	7814
7747	7818
7753	7823
7765	7834
7768	7835
7770	7836
7776	7841
7778	7844
7784	7850
7790	7858
7792	7859
7802	7864
7803	7865
7806	7871
7808	7874
7809	7875
7811	7876
7815	7878
7818	7881
7829	7893
7838	7900
7855	7922
7858	7923
7863	7929
7883	7944
7887	7949
7888	7950
7902	7963
7907	7967
7908	7970
7913	7975
7916	7977
7929	7990
7942	8008
7947	8011
7955	8022
7956	8024
7965	8030
7971	8041
7982	8047
7997	8064
8001	8069
8002	8074
8005	8078
8009	8083
8013	8093
8014	8094
8016	8097
8019	8099
8028	8114
8029	8116
8039	8125
8041	8127
8055	8136
8058	8140
8059	8145
8060	8146
8061	8147
8062	8149
8076	8160
8081	8162
8087	8166
8088	8168
8104	8178
8108	8180
8109	8187
8110	8189
8115	8193
8116	8196
8125	8208
8149	8236
8150	8237
8158	8246
8169	8262
8173	8267
8184	8276
8194	8285
8204	8291
8210	8300
8212	8301
8214	8303
8218	8311
8223	8315
8231	8337
8239	8349
8240	8350
8242	8351
8246	8357
8247	8358
8250	8359
8258	8362
8261	8363
8269	8366
8273	8373
8275	8375
8279	8385
8282	8390
8284	8394
8303	8421
8309	8431
8314	8441
8317	8444
8331	8461
8340	8468
8342	8470
8343	8471
8351	8479
8355	8480
8359	8481
8369	8486
8373	8491
8376	8498
8391	8510
8396	8514
8411	8532
8433	8550
8435	8552
8437	8553
8443	8558
8445	8559
8446	8561
8447	8562
8451	8570
8456	8574
8461	8578
8462	8579
8473	8587
8479	8594
8488	8611
8491	8613
8492	8617
8495	8619
8505	8629
8508	8632
8523	8647
8524	8648
8527	8652
8539	8662
8551	8671
8552	8672
8554	8673
8558	8684
8561	8687
8589	8710
8596	8715
8604	8729
8607	8732
8611	8736
8615	8739
8620	8743
8636	8763
8645	8774
8649	8777
8651	8785
8655	8789
8656	8791
8661	8795
8662	8796
8663	8797
8668	8801
8683	8814
8694	8826
8712	8843
8720	8853
8733	8867
8734	8868
8739	8872
8745	8879
8746	8880
8766	8894
8770	8899
8775	8910
8776	8911
8778	8913
8779	8914
8783	8919
8796	8926
8807	8940
8814	8943
8815	8944
8816	8945
8826	8951
8838	8962
8839	8965
8844	8967
8848	8969
8853	8975
8881	9008
8893	9018
8905	9028
8909	9029
8915	9033
8917	9035
8934	9054
8937	9056
8951	9075
8952	9076
8962	9082
8965	9088
8966	9091
8972	9102
8974	9104
8977	9108
8978	9112
8980	9114
8989	9121
8990	9122
8996	9130
9011	9150
9012	9151
9014	9152
9019	9153
9021	9158
9027	9162
9031	9166
9040	9176
9041	9177
9044	9180
9047	9184
9048	9185
9055	9190
9059	9193
9065	9201
9069	9207
9073	9211
9080	9218
9084	9221
9088	9226
9093	9234
9094	9235
9100	9241
9110	9250
9114	9255
9122	9265
9133	9280
9137	9285
9145	9289
9151	9301
9152	9302
9153	9304
9154	9306
9169	9320
9171	9322
9189	9332
9193	9335
9200	9341
9213	9347
9227	9357
9237	9373
9240	9377
9243	9381
9245	9384
9246	9387
9262	9395
9282	9409
9284	9410
9293	9415
9301	9422
9309	9424
9310	9425
9313	9426
9314	9428
9322	9443
9333	9453
9334	9454
9338	9459
9346	9468
9347	9469
9353	9472
9355	9475
9366	9483
9373	9486
9384	9494
9391	9500
9398	9505
9399	9506
9411	9514
9416	9516
9417	9519
9434	9528
9444	9536
9470	9569
9485	9586
9495	9599
9499	9604
9501	9606
9502	9607
9518	9626
9519	9631
9532	9637
9544	9648
9546	9652
9552	9658
9563	9668
9567	9671
9589	9693
9590	9695
9596	9700
9600	9705
9611	9714
9616	9716
9619	9722
9682	9768
9685	9776
9689	9779
9701	9790
9711	9798
9729	9817
9750	9835
9751	9838
9753	9840
9755	9843
9756	9844
9758	9846
9763	9856
9768	9859
9784	9869
9789	9871
9795	9880
9804	9891
9805	9892
9806	9893
9816	9904
9819	9910
9824	9916
9829	9920
9834	9926
9835	9927
9841	9936
9842	9938
9854	9951
9857	9956
9862	9962
9882	9997
9885	10004
9900	10014
9907	10026
9910	10028
9915	10032
9918	10037
9926	10046
9931	10052
9943	10064
9956	10076
9958	10080
9968	10092
9970	10096
9973	10099
9975	10101
9978	10103
9983	10107
9992	10111
9997	10115
9998	10116
10003	10120
10010	10125
10013	10131
10017	10135
10012	10130
10014	10132
10016	10134
10015	10133
10495	10267
10613	10845
10211	10372
10048	10178
10308	10496
10562	10781
10386	10588
10449	10649
10555	10776
10071	10212
10589	10575
10427	10623
10602	10828
10594	10816
10238	10407
10197	10356
10087	10229
10708	10969
10105	10251
10469	10672
10258	10438
10654	10899
10334	10528
10190	10347
10091	10235
10220	10602
10421	10620
10653	10898
10230	10398
10042	10174
10049	10179
10542	10758
10153	10311
10418	10617
10455	10658
10618	10854
10631	10867
10242	10412
10058	10195
10131	10391
10278	10454
10162	10323
10276	10448
10240	10439
10373	10567
10632	10550
10419	10340
10194	10351
10394	10592
10402	10605
10117	10266
10489	10698
10195	10353
10273	10447
10310	10497
10676	10930
10625	10861
10652	10895
10387	10589
10022	10144
10586	10808
10261	10441
10392	10590
10348	10544
10696	10954
10524	10740
10634	10871
10376	10570
10282	10460
10047	10176
10480	10684
10559	10778
10172	10165
10513	10724
10547	10767
10686	10944
10124	10275
10443	10638
10057	10199
10441	10634
10343	10538
10280	10457
10526	10745
10108	10254
10170	10145
10181	10337
10486	10692
10201	10362
10592	10814
10484	10689
10471	10675
10503	10714
10054	10188
10712	10973
10473	10676
10563	10783
10336	10529
10660	10905
10552	10772
10458	10744
10246	10424
10416	10615
10586	10909
10173	10792
10198	10358
10018	10139
10157	10809
10647	10891
10118	10269
10116	10265
10492	10700
10294	10484
10633	10870
10681	10933
10711	10972
10289	10474
10479	10682
10111	10256
10551	10978
10106	10252
10099	10245
10243	10416
10145	10301
10514	10725
10380	10574
10619	10856
10264	10480
10673	10236
10485	10690
10365	10561
10382	10312
10332	10526
10696	10651
10235	10403
10644	10890
10595	10817
10367	10564
10102	10250
10370	10911
10144	10300
10076	10218
10024	10147
10395	10593
10482	10685
10126	10279
10616	10853
10536	10752
10171	10328
10508	10718
12156	12084
12715	12653
12712	12650
12587	12525
12693	12640
11792	12864
12600	12541
12785	12744
12713	12651
12319	12247
12350	12280
13085	11916
12672	12618
13088	13053
12527	12620
12056	11982
11667	11594
12500	12437
12524	12721
13144	12062
12943	12913
11965	11892
12830	12797
13146	13107
12162	12094
11739	11659
11798	11708
11692	11617
12472	12403
12958	12927
12863	12835
12529	12469
11901	11824
11768	11683
13049	13012
11678	11600
11759	11675
12650	12594
11925	11851
12327	12254
12357	12288
12307	12239
11996	11914
11954	11882
12324	12059
11843	11753
12442	12372
11841	11752
13124	13085
12366	12296
12451	12380
12993	12957
12852	12824
12920	12886
12954	12922
13006	12967
12566	12500
13093	12986
11740	11660
11673	11599
12086	12426
13152	13113
11917	11842
11690	11614
12372	12303
11682	11604
13078	13045
12873	12847
12161	12092
12496	12433
12049	11973
12040	11966
11783	12271
11783	12271
11756	11671
12358	12289
12265	12195
12827	12794
12086	12269
12575	12509
12406	12342
11998	11917
12735	12676
12032	11957
12347	12275
12379	13128
12742	12685
12800	12761
12971	12937
11770	11685
13088	13053
12270	12205
11594	11520
12720	12658
13197	13159
11913	11840
11652	11577
11860	11782
11639	11565
11863	11784
12455	12384
12743	12687
12515	12451
12988	12955
11981	11900
12479	12412
12336	12264
12519	12457
12725	12664
12770	12720
12443	12374
12456	12385
12260	12188
12893	12865
12288	12217
12273	12206
11982	11902
13006	12967
11836	11746
13017	12984
12391	12328
12414	12351
12942	12912
12560	12495
13009	12971
12545	11745
11868	11789
12275	12208
11766	11681
12649	12269
11798	11708
12755	12703
12955	12924
12455	12384
12330	12257
12028	11955
12440	12371
11806	11714
11718	11645
12729	12669
11947	11876
12922	12888
13203	13163
12844	12813
11673	11599
12514	12449
12574	11588
11975	11898
11835	11745
13205	13164
11688	11610
12005	11926
13047	13011
12785	13140
12027	11954
11828	11731
11745	11664
11994	11912
12010	11936
12757	12704
12956	12925
13114	13080
12995	12959
12453	12383
12579	12512
12138	12057
11820	11727
12558	12492
12712	12650
12149	12074
11707	11763
12439	12368
11604	11532
12400	12338
11735	11655
11637	11563
13213	13171
12775	12730
13104	13069
11679	11601
12196	11711
12356	12287
12096	12017
12449	12379
11759	11675
13101	13067
11592	11517
12119	12035
11988	11909
11852	11763
12251	12182
12909	12879
13183	13144
12059	11984
12408	12343
12806	12771
12815	12780
11736	11656
12880	12854
12580	12513
12176	12106
12728	12667
12135	12049
13056	13019
11790	11698
12600	12294
12009	11934
12263	12192
11928	11854
11595	11523
12439	12368
12309	12241
11924	11850
12495	12432
12768	12717
11907	11831
12086	12011
12130	12043
12933	12902
12563	12498
13014	12980
12263	12192
11902	11826
12280	12210
12267	12201
13046	13009
11607	11536
13168	13131
12811	12775
12346	12272
12237	12170
13137	13100
12659	12602
12340	12268
13167	13130
11848	11760
11858	11778
12727	12666
12656	12599
12404	12340
12688	12636
11696	11618
13192	13152
12064	11990
12891	12862
12765	12714
11996	11914
12976	12943
12488	12425
12093	11884
13158	13121
12310	12317
11894	11816
12408	12352
12968	12935
12546	12482
12953	12921
11706	11631
12854	12825
12445	12375
12916	12885
12161	12092
11983	11903
12913	12284
12829	12796
11910	11834
13070	13037
12817	12783
13143	13104
12957	12926
11758	11676
12106	12025
12357	12288
11834	11877
11877	11803
11779	11693
12648	12591
12205	12284
12553	12488
12134	12050
12763	12712
11811	11719
12566	12500
12528	12464
13143	13104
13018	12985
12590	12530
13051	13016
13060	13028
12568	12502
12862	12834
12775	12730
12145	12071
12200	12130
12846	12818
13202	13162
12818	12462
11761	11677
12169	12102
12354	11674
12516	12454
12474	12405
12080	12006
11870	11794
12867	12840
12461	12389
12754	12702
12788	11830
12185	12116
13144	13105
12460	12388
12618	12554
12101	12023
12368	12300
11607	11536
11650	11576
12467	12396
13194	13155
12544	12481
12037	11963
11668	11595
12972	12938
12682	12631
12486	12419
12517	12453
11678	11600
12309	12241
12477	12409
11985	13165
12432	12112
11950	11878
12591	12532
12368	12300
12931	12900
12490	12429
12567	12501
12819	12786
12818	12785
12855	12826
11971	11894
11602	12721
12637	12579
12581	12514
11950	11878
11728	11652
13089	13055
12924	12890
13212	13169
12391	12328
13107	13073
13100	13065
11844	11756
11874	11798
11765	11680
12230	11583
11692	11617
12379	12314
12640	12582
13012	12976
12867	12840
12421	11674
12050	11974
12322	12250
12436	12362
12037	11963
12157	12086
13017	12984
13131	13097
12587	12525
13062	13029
13021	12989
12476	12408
12349	12279
11758	11676
12338	12266
13035	13000
12863	12835
12483	12415
12528	12464
12636	12576
11709	11632
12283	12213
12724	12662
13013	12977
12101	12023
12961	12930
13106	13071
12570	12504
12301	12232
11739	11659
12310	11883
12953	12921
12740	12684
12162	12094
11923	11849
12596	12535
13159	13124
11775	11689
12408	12343
12916	12885
12895	12867
12834	12802
12209	12141
11625	11553
11617	11545
12306	12236
12601	12542
12196	12126
11629	11556
12598	12538
12611	12550
11637	11563
11614	11542
11742	11662
12645	12587
13173	13137
12412	12350
11797	11703
12374	12305
11591	11516
12623	12558
13121	13083
12799	12760
12514	12449
12130	12043
13160	13125
12870	12845
11989	11910
12714	12652
12789	12752
11895	11817
12250	13131
12946	12916
11681	11603
11646	11572
12105	12026
12327	12071
11862	11785
13161	13126
13189	13150
12927	12896
12334	12262
12773	12727
11698	11621
12467	12396
11681	11603
12697	12641
12875	12850
12077	12002
12611	12550
12970	12936
12093	12017
12632	12571
12827	12794
12857	12828
13144	13105
12914	12883
11742	11662
11782	11694
12084	12009
13007	12969
12550	12486
12041	11968
12817	12783
12121	12037
11807	11716
11626	11552
12285	12215
12825	12790
11805	11713
12666	12610
12318	12246
13196	11598
13109	13074
12645	12587
12495	13094
12254	12184
12347	12275
12974	12941
12793	12755
13131	13097
12485	12416
12811	12775
12982	12950
11680	11602
12798	12759
13216	13174
12913	12882
11941	11870
12745	12692
12394	12330
11845	11758
12536	12472
11962	11890
11733	11654
12744	12691
13111	13078
12346	12272
11992	11911
12839	12809
11741	11661
12472	12403
11879	11807
11883	11811
12748	12694
12764	12711
11877	11803
11893	11815
11869	11793
11879	11807
12406	12053
12554	12489
12776	12733
12097	12020
11709	11632
12961	12930
12432	12080
12339	12927
12703	12643
11841	11752
11774	11687
11951	11879
11862	11785
11995	11913
12121	12037
12396	12331
13185	13146
12086	12269
13126	13087
12667	12611
13124	13085
12254	12184
13205	13164
12663	12608
11884	11810
12135	12049
12339	12267
12360	12291
11962	11890
12464	12393
11738	11658
12318	12246
12677	12622
11763	11678
12728	12667
11799	11709
12000	11919
12859	12830
12660	12603
12028	11955
12184	12114
12314	12244
12950	12918
12344	12584
12852	12824
12331	12258
13068	13033
11706	11631
12495	12432
11815	11723
12316	12245
12200	12130
12630	12569
12058	11983
12662	12607
11646	11572
12164	12095
12289	12220
11881	11808
12652	11528
12967	12934
12039	11965
13009	12971
12520	12459
12795	12756
12753	12700
12356	12287
11844	11756
11952	11880
12672	12618
12896	11563
11928	11854
12305	12235
12844	12813
11632	11558
13005	12966
12526	12463
13164	12792
12349	12279
11948	12725
12310	12240
11599	11526
12860	12831
12685	12635
12096	12021
11634	11748
12356	13090
12921	12887
12008	11933
11769	11684
12102	12024
13169	13133
11903	11829
12396	11854
12774	12729
12270	12205
11743	11663
12680	12627
12500	12437
13039	13002
12322	12250
12084	12009
12405	12341
11830	11737
12958	12927
12780	12736
12227	12163
12738	12681
12823	12789
11594	11520
13166	12345
11966	11893
12188	12437
12914	12541
12480	12413
12620	12556
12677	12622
12502	12439
12290	12222
12077	12002
12402	12339
12123	12039
11999	11918
12574	12508
11779	11693
12377	12310
12630	12569
12958	12392
12591	12532
12610	12549
12268	12202
12006	11928
12386	12320
13068	13033
13178	13140
12912	12881
13021	12989
12854	12825
12096	12021
11865	11787
12554	12489
12517	12453
12102	12024
12108	12028
12542	12480
11602	11527
11833	11742
12142	12065
11913	11840
12495	12003
13082	13048
11930	11856
12940	12909
12205	12369
13166	12345
12882	12855
11909	11833
12754	12702
12310	12958
13025	12993
12807	12772
12534	12323
12158	13160
11699	11622
11814	11722
12666	12610
12673	12619
12732	12673
12683	12632
11982	11902
12183	12111
12062	11989
12012	11939
12633	12572
13170	13134
12624	12559
12948	12917
12006	11928
12557	12491
12437	12366
13117	13082
12330	12257
12927	11548
13155	11818
12495	13094
12166	12100
12519	12457
12529	12469
12904	12875
11658	11583
11790	11698
12634	12574
13054	13018
12741	12683
12927	12896
13024	11854
11958	11884
12699	12642
12950	12918
12408	12352
12960	12928
12093	12356
12791	12754
11751	11666
13026	12995
13016	12982
12126	12041
11912	11839
13178	13140
12278	12209
12737	12678
11992	11873
13029	12996
11955	12699
12840	12811
12160	12093
12587	12236
12259	12187
12038	11964
12929	12898
12032	11957
12582	12516
12587	12236
12093	12017
12559	12493
12187	12030
12364	12541
12325	12252
12766	12715
12822	12788
12000	11919
12780	12736
12899	12872
12221	12157
11923	11849
12156	12084
13184	13145
12478	12410
12850	12821
12850	12821
13034	12999
12573	12507
12213	12143
11986	11907
12310	12240
13011	12974
12967	12934
11858	11778
12421	11674
12241	12174
11873	11797
12945	12915
12843	13006
12548	12483
12262	12191
12866	12838
12921	12887
12814	12779
12999	12963
13178	12744
12223	12160
12869	12844
12118	12036
12122	12038
12282	12212
11992	11911
11648	11574
13161	13126
12939	12908
12113	12032
12208	12427
12099	12022
12250	13131
12229	12164
12823	12789
11644	11570
11668	11595
12490	12429
12625	12560
11592	11517
11613	11541
12866	12838
12790	12753
12855	12826
11705	11630
12559	12493
12354	12284
12207	12139
12319	12247
12711	12649
11786	11696
12571	12505
12763	12712
12860	12831
12364	12294
12524	11527
11649	11575
13003	12965
12857	12828
13050	13014
12035	11960
12067	11992
12218	12150
11935	11861
12392	12329
12513	12448
11617	11545
12231	12165
13187	13148
12809	12773
12726	12665
12655	12597
12558	12492
12942	12912
13069	13036
12605	12547
12311	12242
12732	12673
12062	11989
12965	12933
11904	11828
12075	12684
13003	12965
12715	12653
12707	12648
13174	13138
12928	12897
12217	12148
12984	12953
12785	13140
12803	12767
14186	13697
14009	13307
13743	13636
13453	13272
14274	13576
14474	13766
13577	13658
13907	13308
13725	13435
14470	13903
14252	13845
14588	13766
13767	13466
14306	13433
14444	13890
13440	13307
14423	13495
14600	13836
13883	13876
13348	13430
13922	13365
14109	13756
13557	13360
14254	13242
13553	13466
14400	13904
13774	13919
14599	13466
13980	13408
13973	13533
13337	13220
14419	13650
13404	13363
14118	13413
14588	13828
13626	13297
13472	13875
13226	13599
13973	13466
14202	13912
14118	13466
13736	13696
14301	13307
13523	13864
13574	13333
14627	13435
13518	13472
13272	13307
14330	13917
14254	13390
13403	13766
13557	13627
13735	13980
13890	13464
13808	13980
13669	13513
13390	13435
13866	13753
13365	13693
14615	13766
13545	13651
13557	13828
14599	13712
13456	13307
14046	13487
13327	13228
14330	13980
13973	13761
14602	13924
13743	13382
14636	13365
13973	13766
14588	13527
13365	13470
14599	13346
14293	13883
13589	13331
13518	13904
14254	13382
13236	13927
14612	13266
13665	13694
13428	13210
13745	13694
13531	13563
14219	13880
14025	13870
14224	13904
13923	13901
14400	13576
13853	13642
13398	13643
13415	13766
14047	13182
14307	13365
14461	13879
14566	13382
13654	13766
13553	13583
14588	13269
14469	13466
13743	13451
14612	13542
14298	13904
13631	13402
14602	13821
13518	13749
14588	13382
13398	13600
14452	13595
13741	13554
13598	13507
13742	13307
14221	13387
14556	13382
14216	13908
13238	13210
14588	13213
14518	13980
13280	13699
13241	13260
13498	13382
13725	13243
13599	13955
14599	13399
13743	13786
13935	13260
13797	13630
14358	13898
13921	13766
13514	13466
13736	13423
13583	13575
14588	13535
13961	13656
13404	13365
13307	13693
13743	13649
14556	13281
14048	13466
14214	13904
13376	13766
13874	13431
13669	13586
13540	13442
13472	13875
13699	13898
14588	13859
14214	13595
13694	13980
13240	13217
13390	13766
14400	13852
13498	13278
14454	13365
14588	13467
13743	13980
14599	13428
13368	13466
13973	13308
13523	13232
14330	13230
13771	13365
13557	13904
13885	13219
14162	13360
13383	13864
14330	13622
13694	13269
13828	13880
13900	13904
14557	13960
13540	13549
14632	13376
13525	13766
14179	13382
13923	13382
13853	13435
13973	13435
14599	13246
14046	13639
14612	13792
14224	13527
14588	13915
14056	13658
14551	13651
14009	13381
14330	13387
14089	13331
13609	13385
13268	13382
13672	13766
14058	13807
13935	13762
13307	13825
13675	13466
13337	13798
14015	13242
14074	13254
13685	13242
13398	13398
14638	13663
14635	13408
14599	13599
13775	13656
13869	13365
14588	13307
13532	13963
13524	13495
13685	13770
14448	13766
13268	13365
14029	13365
13747	13408
13647	13980
13880	13595
14214	13595
14598	13980
13825	13880
13342	13382
14632	13904
13515	13798
13249	13372
13973	13269
13747	13347
13991	13673
13866	13782
13455	13382
13229	13980
13418	13323
14410	13365
14454	13435
13606	13818
14419	13382
14587	13176
14612	13453
13743	13576
13398	13724
14050	13382
13388	13483
14599	13360
13320	13828
13743	13636
13312	13466
14264	13333
14118	13365
13589	13211
14599	13648
13518	13536
13330	13219
14097	13517
14047	13294
13893	13365
13483	13703
14607	13798
14414	13571
13515	13319
13743	13365
14367	13766
14599	13215
13256	13644
13398	13651
13841	13487
13577	13338
13935	13954
13466	13904
13669	13904
13635	13676
13745	13740
14224	13821
13675	13435
13863	13382
13557	13792
13601	13307
14612	13188
14588	13481
14330	13748
13398	13242
14419	13898
13490	13210
14430	13603
13525	13382
13398	13254
13685	13382
13973	13792
14612	13819
14588	13970
14068	13466
14556	13762
13714	13591
14103	13466
13472	13466
13968	13335
13556	13408
13956	13176
14218	13551
14272	13294
14185	13599
14612	13671
13890	13360
13706	13365
14470	13307
13686	13408
14140	13188
13491	13980
13498	13539
13973	13466
13743	13865
13498	13480
13831	13744
14002	13368
14612	13398
14374	13307
14367	13651
13691	13353
13518	13257
14215	13792
14330	13582
13431	13309
13268	13408
13900	13766
14254	13853
13980	13350
14125	13724
13553	13296
13228	13647
14516	13808
13903	13925
14383	13958
13394	13389
14280	13566
14409	13595
13746	13248
14130	13382
13444	13766
13589	13294
14454	13466
13766	13578
13372	13365
14474	13466
14426	13242
14009	13980
13589	13466
14169	13242
13479	13766
13747	13766
14030	13397
14298	13595
13968	13242
14472	13277
13365	13398
13683	13269
13747	13776
14165	13466
14227	13684
13717	13530
14537	13552
13853	13766
14505	13211
13426	13766
13673	13294
14599	13398
13968	13943
13957	13980
14400	13768
14358	13382
14433	13507
14046	13419
14368	13980
13462	13980
14099	13735
13669	13370
13861	13356
13885	13859
14455	13656
13741	13766
14439	13499
13553	13365
13599	13955
14612	13975
14554	13636
13425	13898
13919	13898
13557	13766
14585	13767
14599	13576
14117	13435
13505	13409
13553	13269
13900	13980
13557	13870
13974	13487
13398	13576
13879	13543
14588	13674
14467	13576
13264	13853
14106	13766
14066	13766
13365	13898
13912	13231
13250	13694
13546	13937
13518	13305
14599	13754
13234	13365
14602	13566
14636	13595
13498	13693
14332	13766
13512	13557
13776	13843
13598	13726
13636	13267
14542	13569
13747	13901
14599	13576
13253	13408
14599	13521
14612	13749
14470	13365
14599	13416
13813	13211
14474	13600
14474	13189
14088	13307
14346	13535
14379	13242
14122	13980
13742	13307
14272	13860
13694	13566
13973	13269
14391	13382
13498	13307
14454	13904
14330	13300
14368	13481
14213	13288
13436	13504
14599	13694
13505	13600
14305	13536
14599	13852
13743	13242
14118	13535
14262	13591
13300	13192
14330	13766
13280	13693
13629	13970
14534	13465
14410	13866
14392	13466
14551	13825
13256	13365
14052	13305
13455	13490
14111	13796
13880	13365
13976	13651
13699	13898
14032	13382
14162	13766
13890	13277
13498	13280
13242	13230
14330	13313
13863	13242
13923	13694
13921	13750
13709	13365
14099	13428
14588	13185
13706	13766
14588	13507
13598	13365
13907	13533
14168	13360
14490	13508
13990	13780
14533	13466
13952	13623
14009	13219
13907	13456
14057	13242
14630	13901
13998	13211
13398	13382
13442	13766
14514	13534
14047	13370
14612	13679
14254	13600
13860	13436
13923	13739
13989	13588
14173	13437
14362	13854
13249	13242
14493	13522
13456	13435
14599	13184
14046	13509
13472	13360
14030	13766
13747	13500
14599	13847
14599	13500
14290	13517
13745	13766
13917	13656
14186	13388
13501	13716
14405	13365
13759	13578
13510	13428
13256	13487
14046	13620
14588	13381
13956	13176
13730	13408
13622	13328
14580	13408
13968	13382
14358	13766
13557	13365
13890	13408
13993	13295
14287	13944
13866	13466
14242	13372
13365	13658
13498	13740
14612	13535
13523	13864
13818	13513
13727	13382
13745	13696
13927	13473
14602	13722
14599	13389
13669	13979
13585	13934
13787	13778
13498	13955
14626	13766
13398	13559
14305	13347
13923	13901
14488	13500
13416	13466
14278	13393
13916	13307
14573	13562
14505	13980
14588	13858
14268	13931
14599	13901
14360	13424
13268	13408
13589	13487
13376	13852
13747	13739
13745	13694
14169	13693
14599	13767
13249	13766
13498	13863
13498	13754
13890	13942
13818	13324
13720	13208
13487	13828
13298	13901
14594	13382
13283	13353
14286	13870
13654	13766
13440	13656
13398	13243
14433	13578
14612	13327
14427	13940
14599	13507
13553	13595
13237	13507
14214	13656
13923	13576
14588	13565
13307	13382
14051	13766
13885	13904
13986	13766
13706	13387
14531	13658
13456	13766
13685	13694
13589	13506
14459	13724
13403	13694
14622	13870
14081	13306
14010	13382
13885	13435
14353	13397
13372	13971
14083	13826
14599	13911
13787	13421
14330	13300
13743	13365
14120	13466
14035	13533
13584	13766
14358	13904
14474	13771
13671	13243
13514	13856
14061	13572
14204	13766
13494	13898
14612	13870
13518	13258
14211	13825
13540	13211
14254	13337
14127	13888
14612	13387
14612	13307
13863	13898
13824	13656
13669	13365
13465	13904
14252	13533
14576	13602
13924	13375
13376	13360
13880	13980
13685	13739
13715	13478
14452	13566
13498	13693
13894	13218
13879	13282
13440	13211
13589	13307
13451	13500
13317	13466
13398	13408
13736	13397
13472	13979
13685	13868
13312	13366
13510	13277
14204	13382
14420	13681
13790	13766
14599	13668
14460	13973
13256	13272
13679	13920
13326	13382
13514	13466
13472	13792
13957	13694
13298	13242
14612	13308
14599	13392
14648	13365
13890	13300
13747	13372
13384	13366
13514	13766
13727	13408
14000	13880
14305	13846
13479	13382
13472	13880
13319	13206
13498	13466
13249	13693
13498	13204
13584	13729
14245	13382
13980	13576
14419	13435
13582	13915
13330	13487
14330	13368
14505	13870
13498	13315
14612	13566
13908	13766
14047	13656
13685	13500
14216	13935
13365	13408
13234	13365
13498	13347
13955	13874
13861	13466
13875	13938
14360	13576
13557	13792
14454	13627
14288	13904
13739	13242
13333	13646
13694	13365
14599	13665
13518	13771
14272	13893
13307	13766
14604	13705
13522	13343
13921	13365
13557	13365
13656	13918
14260	13909
13520	13855
14532	13211
13961	13242
13610	13285
13330	13980
14099	13421
13518	13767
13394	13389
14214	13766
13234	13466
14527	13894
14629	13599
14298	13904
14599	13904
13923	13980
13491	13980
13685	13878
13764	13222
13743	13347
13598	13726
13669	13331
13518	13567
14262	13733
13365	13658
14358	13901
13908	13307
13412	13382
14636	13211
14335	13408
14048	13791
13964	13455
13973	13724
13435	13980
14242	13242
13330	13904
14630	13382
14251	13535
13514	13397
14330	13387
14073	13365
14010	13767
14588	13804
14315	13528
13973	13308
13577	13242
14035	13533
13301	13864
13973	13621
13360	13219
13626	13978
13340	13382
13646	13864
13825	13445
13741	13911
13403	13595
14085	13408
13330	13269
13743	13600
13818	13908
14590	13980
13557	13828
13955	13975
14588	13694
13341	13792
14636	13656
13781	13635
14556	13650
14496	13256
14334	13576
13372	13205
13229	13904
13626	13980
13367	13203
13790	13897
14039	13408
14588	13578
13977	13500
14140	13775
14330	13272
14537	13435
14016	13230
13261	13766
13535	13752
14409	13211
14607	13365
13973	13821
13320	13365
13607	13329
13699	13650
14360	13943
13360	13974
14330	13798
13279	13242
13743	13382
13923	13365
14556	13898
14326	13340
14360	13242
13557	13798
13403	13766
14330	13980
14599	13531
14109	13382
13307	13403
13681	13712
13491	13766
14118	13365
14149	13408
14612	13435
14470	13792
14551	13651
14410	13656
13330	13566
13863	13500
14046	13226
13796	13916
14612	13928
13368	13273
13488	13766
14400	13766
13236	13382
13425	13599
13898	13900
14202	13693
14140	13808
14360	13428
13368	13389
14254	13980
14030	13375
14588	13308
13944	13957
14588	13824
14523	13646
13337	13524
13311	13576
14419	13392
14330	13595
14588	13224
13587	13939
13961	13656
14046	13766
14612	13211
13236	13228
14409	13307
14140	13307
14261	13221
13307	13382
14505	13219
13307	13904
14360	13483
14040	13898
14044	13980
13825	13365
13451	13599
14367	13767
13913	13792
14244	13856
13557	13300
13675	13360
13866	13656
14474	13484
13249	13392
14252	13387
13973	13289
13908	13365
13935	13892
14271	13246
14057	13408
13505	13848
13531	13792
14358	13833
14330	13533
13879	13288
14400	13194
13283	13779
14441	13925
13472	13419
13553	13523
14419	13766
14009	13561
14414	13697
13398	13408
13589	13671
13669	13979
13973	13748
13853	13466
14519	13934
14479	13896
14588	13612
14214	13656
13581	13219
13518	13307
14046	13466
13518	13792
13973	13487
13766	13811
14140	13487
14528	13261
13893	13828
14058	13766
13863	13639
13995	13408
13595	13479
13518	13487
14444	13600
14599	13500
13472	13656
13973	13904
14556	13382
13885	13381
14140	13828
13525	13766
13557	13595
14612	13408
13968	13277
13480	13766
14588	13818
14526	13210
13696	13767
13236	13392
14330	13269
13921	13294
14602	13824
13472	13828
13758	13408
14309	13408
13974	13513
13237	13365
14582	13466
14474	13766
13398	13382
13337	13331
14612	13307
13560	13689
13518	13397
14554	13901
14588	13578
14140	13561
13337	13601
14612	13365
13745	13631
13921	13911
13734	13466
13580	13365
13669	13294
13546	13365
13523	13288
13330	13212
13441	13980
13727	13408
14578	13712
14192	13283
14266	13578
13694	13595
13382	13860
13743	13275
13463	13357
13826	13372
13451	13904
13234	13180
14573	13668
14636	13766
13912	13514
14214	13365
14140	13862
14246	13766
14612	13595
13341	13766
14156	13307
13973	13230
14612	13230
13398	13595
14414	13697
13237	13880
14103	13656
14171	13465
13498	13598
14254	13636
14410	13487
14488	13242
14140	13827
13908	13880
13985	13766
14414	13571
14140	13365
14057	13317
13923	13693
13268	13365
13747	13500
13236	13277
14599	13948
13779	13466
14162	13766
13845	13369
14612	13523
13747	13576
14500	13830
14599	13584
13589	13307
14125	13347
14470	13466
14330	13904
14286	13365
13498	13576
13368	13222
13841	13792
13472	13331
13249	13651
13484	13938
13973	13904
13330	13566
13451	13242
13239	13898
13923	13347
13341	13595
13284	13408
13919	13650
14458	13253
13669	13370
14607	13830
13234	13766
13496	13507
13971	13188
13425	13408
14459	13389
13908	13695
13893	13880
13524	13843
14400	13678
14009	13766
13505	13246
13498	13389
13685	13766
14435	13622
14602	13365
14588	13673
14455	13489
14118	13681
13900	13979
13330	13869
13402	13695
13890	13505
14612	13596
14360	13408
14330	13466
13406	13840
14216	13789
14258	13895
13472	13506
14477	13650
14554	13943
13237	13980
14588	13307
13963	13788
13398	13739
13518	13365
14046	13591
14261	13221
13491	13904
14599	13409
13261	13466
13968	13487
13472	13828
14613	13244
13842	13307
14427	13940
14588	13464
13368	13277
13263	13507
13900	13766
14468	13590
13741	13554
13654	13761
13418	13365
13260	13614
14616	13237
13472	13331
14127	13724
13324	13656
13754	13466
14125	13829
13743	13693
13973	13845
13885	13980
14599	13786
13372	13188
13430	13792
13603	13466
13518	13904
13425	13716
13886	13579
13455	13242
14367	13500
14125	13709
13685	13651
13557	13435
14330	13904
14212	13487
14305	13408
13268	13766
13418	13360
13242	13695
13264	13636
14599	13399
14028	13477
13300	13682
13498	13392
13498	13898
14330	13656
14088	13487
14213	13980
13653	13201
13743	13766
14612	13255
13947	13454
14588	13301
13747	13693
14425	13242
13372	13395
14360	13382
13748	13766
13743	13399
14470	13903
13557	13656
14106	13365
13518	13435
13747	13466
13518	13466
14254	13277
13659	13925
14003	13644
13626	13507
14018	13365
13717	13530
13570	13466
14103	13245
13706	13219
13862	13980
14046	13880
13518	13273
13498	13852
14126	13351
14289	13618
13747	13920
13626	13365
14599	13287
14588	13703
13498	13600
13430	13430
13984	13302
14432	13365
13756	13382
13557	13798
14103	13466
13821	13365
13866	13656
13436	13188
14400	13788
13853	13857
13410	13595
13968	13365
14612	13351
13745	13204
13518	13392
14321	13392
13327	13228
14400	13242
13872	13466
13320	13549
13669	13753
13557	13435
14103	13875
13948	13694
14052	13305
14612	13269
13418	13308
13518	13338
13596	13408
13467	13772
14288	13766
13557	13627
14252	13469
13907	13455
14577	13307
13884	13382
14433	13507
14615	13365
13825	13381
14233	13871
13727	13898
13818	13370
13809	13199
14400	13347
14284	13863
14330	13382
14610	13766
13330	13219
13365	13766
14011	13766
13480	13600
14588	13804
14086	13524
13935	13601
13311	13408
14360	13408
13908	13536
13740	13307
13543	13408
14400	13693
13647	13595
13867	13449
13973	13523
13908	13466
13635	13233
13923	13242
14588	13904
14071	13234
13584	13766
14612	13601
13365	13382
13518	13903
14143	13382
13957	13694
13987	13200
14364	13930
14262	13307
13398	13850
13669	13466
14344	13381
14599	13598
14191	13242
13973	13533
13853	13549
13268	13859
14400	13365
14612	13973
13498	13408
13973	13830
13880	13766
13973	13365
14105	13766
13685	13505
14612	13466
14588	13211
14438	13484
14186	13231
13518	13366
13577	13767
14109	13451
14532	13466
14331	13838
14344	13365
13392	13370
14021	13322
14615	13365
13896	13352
14588	13186
13923	13977
14254	13821
13727	13382
13436	13602
14162	13365
13743	13901
14588	13466
13973	13980
14620	13724
13498	13795
14168	13692
14330	13845
14474	13771
13504	13417
13326	13948
13923	13739
13451	13912
14588	13792
14643	13576
14305	13369
14470	13211
14410	13435
13363	13969
13685	13668
13868	13778
13694	13230
13236	13210
13514	13843
13498	13389
13363	13969
14612	13211
14283	13412
13853	13857
14454	13563
14358	13500
13451	13408
13331	13623
14030	13466
13973	13578
14262	13875
13841	13714
14171	13538
14474	13533
13747	13246
13518	13875
13553	13980
13690	13194
13685	13176
14126	13766
14419	13576
13260	13738
14400	13382
13306	13372
13553	13839
13890	13716
13626	13550
13863	13645
14505	13980
14046	13466
13694	13466
14612	13466
13330	13230
14612	13980
13491	13578
13540	13656
13367	13825
14363	13881
14009	13870
14112	13694
13378	13204
14224	13766
14433	13272
14612	13843
14092	13382
13935	13694
13226	13242
14612	13856
13320	13331
13961	13370
13998	13766
13978	13828
14330	13325
13685	13428
13253	13863
14588	13859
13515	13656
13412	13242
13890	13365
14093	13792
14140	13360
13472	13307
13593	13470
13330	13766
13444	13424
13685	13821
13269	13792
13750	13667
13472	13641
13760	13276
13502	13566
13973	13300
14439	13904
13923	13500
13360	13533
14047	13370
13935	13500
14553	13600
14556	13599
14612	13218
13574	13337
13398	13483
13463	13412
13890	13693
14646	13273
13268	13392
14224	13365
14252	13533
13821	13466
13866	13183
14262	13405
13279	13832
14400	13382
13885	13466
13764	13222
14047	13513
14517	13316
14046	13286
14009	13980
14612	13455
13398	13337
13834	13962
14439	13435
14407	13813
13894	13218
14599	13693
14224	13308
14015	13934
14588	13230
14161	13404
14224	13980
14330	13632
13888	13963
13955	13631
13489	13277
13743	13480
13882	13487
13306	13920
13235	13294
14400	13337
13365	13576
13451	13451
14202	13277
14492	13656
13249	13480
13747	13693
13311	13451
14599	13886
13978	13792
14157	13199
13915	13570
13907	13818
13505	13694
13283	13366
14305	13382
14330	13507
13973	13219
13943	13661
13743	13470
13360	13368
14558	13382
13517	13656
13835	13818
14165	13670
14599	13640
14612	13464
13977	13382
13525	13595
14631	13703
13908	13870
13908	13519
13344	13436
13821	13656
13279	13347
14330	13870
14462	13211
13398	13980
13330	13980
13460	13345
13968	13480
13600	13251
13525	13428
14330	13230
14143	13693
14140	13792
14612	13732
13685	13868
14599	13288
14140	13828
14464	13466
14612	13766
14423	13397
14505	13365
14285	13466
13923	13576
13244	13408
13743	13392
14214	13980
14030	13904
14059	13821
13472	13792
13249	13242
14221	13830
14370	13410
13577	13264
14612	13397
14400	13767
13518	13408
14249	13716
13626	13549
13855	13466
13498	13451
14465	13920
14599	13382
14216	13463
14216	13294
14400	13500
14436	13371
13398	13724
13743	13574
14433	13672
13601	13911
13330	13212
14216	13479
14214	13932
14047	13331
13505	13382
14588	13426
14610	13766
13498	13277
13980	13382
13671	13850
14590	13980
13743	13242
13472	13466
13586	13466
13412	13660
13675	13430
14612	13230
13935	13765
13900	13904
14330	13518
14420	13365
13795	13930
14254	13889
14242	13428
14612	13337
13455	13281
14556	13307
13446	13466
13307	13576
13389	13382
13935	13767
14254	13576
14588	13435
14644	13381
13330	13365
13526	13712
13490	13382
14169	13346
14330	13394
13907	13845
14588	13858
13557	13964
13669	13331
13577	13425
14074	13408
14474	13466
14518	13219
13885	13656
13557	13466
13505	13766
14532	13219
13472	13866
14169	13912
14242	13421
14588	13219
14186	13697
13963	13576
13824	13656
13786	13904
14599	13382
14505	13466
14058	13365
13501	13716
14330	13365
13398	13901
13493	13370
14103	13591
14046	13307
13557	13216
14612	13573
13747	13337
14588	13766
14261	13307
13505	13242
13863	13645
13554	13765
13398	13767
13518	13435
14404	13466
14629	13347
13460	13345
14144	13926
13973	13487
14252	13219
13885	13365
13654	13523
13923	13304
13910	13980
13326	13288
13450	13382
13570	13312
13367	13449
14599	13263
14002	13368
14015	13382
13973	13230
14452	13904
14092	13428
13365	13337
13398	13500
14353	13976
14320	13448
13554	13576
14246	13980
13510	13887
13759	13578
14009	13211
14588	13387
14400	13337
14612	13387
13635	13365
13627	13496
13818	13908
13234	13870
13741	13520
13510	13428
13884	13368
13884	13408
13491	13656
14588	13300
14612	13365
13225	13332
13745	13428
13905	13693
13861	13356
13365	13347
14612	13377
13522	13343
14770	14195
14904	14148
15523	14465
14704	14010
15040	14478
14857	14560
15004	14504
15700	14254
15585	14373
14997	14017
15152	14195
15614	14322
15227	14496
15518	13997
14887	14150
15550	14319
14696	14398
15651	14245
15314	14127
15550	14105
14775	14130
15585	14236
15378	14534
15502	14303
15162	14587
15704	14127
15670	14355
15210	14373
14664	14122
15618	14534
15560	14163
15516	14038
15490	14400
14743	13997
15585	14536
15263	14534
14809	14538
15314	14043
14990	13983
15368	14355
14907	14122
14821	14255
14837	14112
15550	14271
15585	14433
15335	14208
15527	14036
14828	14422
14990	14038
15618	14020
14857	14406
15546	14306
15097	14508
15188	14472
14678	14561
15495	14122
15526	14402
15618	14579
14934	14122
15490	14245
15283	14433
15476	14170
15614	14534
15276	14472
15411	14091
15131	14585
15585	14104
15172	14079
15546	14299
15490	14293
15490	14077
15542	14292
14838	14148
15596	14083
15150	14271
14827	14174
15397	14398
14857	14245
15585	14307
15325	14127
15046	14266
15327	14292
15567	14502
14997	14195
14678	14206
14867	14126
15578	14508
15618	14025
15303	14259
15402	14573
15004	14561
15176	14537
15162	14292
15614	14271
15039	14465
15301	14472
15546	14420
14664	14145
14837	14300
15340	14059
14810	14217
14661	14083
14857	14293
14700	14317
15513	14127
15003	13997
15550	14375
15539	14076
15646	14061
14857	14472
15613	14532
15280	14298
15314	14433
15481	14561
15417	14405
15403	14588
15066	14132
15614	13997
15449	14006
14984	14133
15481	14551
14956	14420
14799	14227
15390	14355
15003	14355
15684	14380
15565	14420
15327	14071
15335	14127
14956	14122
15352	14292
14998	14271
15323	14437
14997	14537
15623	14472
15614	14392
15087	14333
15098	14127
15168	13984
15476	14078
15618	14390
15490	14127
15703	14410
15546	14127
15131	14534
15402	14408
15237	14319
14714	14197
14937	14195
15004	14025
14678	14433
15329	14195
14980	14439
15585	14120
15545	14120
14699	14019
15416	14127
15565	14059
15351	14122
15402	14537
14965	14013
15585	14180
15476	14143
14715	14016
15543	14342
15296	14342
15476	14210
15585	14319
15091	14127
15597	14282
14810	14474
14785	13984
15102	14101
15702	14198
15212	14266
15276	14245
14940	14120
14723	14026
15670	14300
15402	14271
14920	14061
14956	14127
14771	14505
14678	14420
14678	14026
15585	14247
15359	14113
15093	14070
15575	14433
15618	14122
15162	13997
15304	14083
15670	14148
15576	14420
15088	14127
15624	14122
15003	14127
15148	14087
15546	14094
15172	14028
15550	14293
15329	14357
15000	14029
15276	14420
14824	14293
15550	14076
14956	14560
15276	14048
15004	14552
15476	14296
15335	14300
15600	14205
15618	14007
15040	14079
15504	14460
15476	14127
14820	14433
14780	14214
15313	14352
14864	14312
15539	14195
15402	14538
14892	14122
15070	14102
15585	14420
15492	14148
14873	14165
15217	14365
14700	14059
15546	13984
15108	14076
14857	14127
15546	14355
15327	14534
15040	14538
15585	14300
15618	14496
14907	14038
15339	14187
15549	14038
14995	14148
14692	14127
15466	14572
15063	14362
14998	14208
15518	14063
15542	14254
14700	14339
15384	14534
15694	14231
15684	14124
15492	14006
15304	14244
15618	14352
15546	14261
15593	14477
14671	14026
15168	14122
15490	14148
14976	14435
15700	14148
14799	14213
14940	14141
14772	14278
14845	14091
15585	14435
15684	14583
14713	14589
14940	14127
15585	14207
15623	14026
14750	14410
14696	14433
15018	13997
15700	14580
14700	14069
14824	14380
14817	14355
15004	14383
15098	14560
15004	14380
15671	14087
14923	14026
15495	14335
15378	14420
15476	14433
14961	14072
15004	14124
15684	14420
15202	14402
15481	14127
15116	14206
14984	14340
15520	14245
15684	14300
14878	14534
14832	14355
15146	14279
15564	14120
15546	14029
14664	14538
15311	14333
15327	14393
14753	14207
15546	14237
15475	14472
14940	14534
15502	14122
15105	14507
15495	14461
15045	14106
14842	14122
15186	14195
15562	14554
14903	14486
14857	14334
15619	14148
15614	14436
15086	14170
15046	14225
14949	14292
15220	14127
15193	14271
15108	14501
14751	14386
15619	14127
14920	14127
15621	14118
15066	14064
15078	14473
14842	14013
15623	14558
14921	14019
15314	14433
15634	14024
15070	14342
14857	14207
15518	14076
14990	14135
15600	14538
15332	14355
14745	14342
14806	14340
15585	14560
15476	14043
15684	14148
15546	14388
15610	13997
15670	14127
15098	14122
15518	14122
15172	14360
15270	14043
15133	14067
14996	14461
14998	14038
14803	14195
15454	14392
15146	13997
15656	14207
15521	14120
14720	14571
14857	14296
14745	14570
15546	14534
14837	14319
14699	14143
14768	14051
15127	14271
15585	14389
15652	14505
15518	14037
15614	14195
15587	14475
15106	14219
15431	14057
15614	14292
14700	14271
14824	14560
14727	14102
14857	14120
15550	14148
15618	14420
15702	14368
15002	14433
15344	13995
14727	14055
14984	14496
15369	14025
15619	14420
15518	14158
15445	14059
14655	14519
15220	14355
15585	14148
15131	14038
14681	14205
15490	14552
15465	14122
15579	14420
14990	14336
15186	14080
15138	14234
15040	14122
15168	14029
14833	14038
15156	14003
15120	14347
14657	14416
14898	14580
15003	14561
14984	14091
15124	14079
15276	14043
15335	14584
15623	14086
15411	13997
14678	14207
14961	14556
15546	14479
15411	14122
15585	14561
15578	14061
15070	14214
14678	14053
15490	14472
15205	14124
15003	14447
15143	14431
15618	14059
14996	14303
14956	14143
15048	14120
14727	14318
15161	14006
15000	14303
15585	14472
15618	14038
15040	14145
14713	14359
14668	14236
14691	14346
14665	14427
14907	14271
14790	14076
15402	14133
14655	14272
14824	14337
15172	14155
15121	14112
15614	14140
15375	14420
14881	14240
15198	14342
15546	14213
15212	14235
15546	14132
14756	14122
15550	14195
14963	14553
14699	14148
15004	14297
14764	14394
14857	14124
15001	14299
14700	14073
14990	14067
15610	13990
15029	14175
14940	14072
14787	14127
15352	14496
15276	14433
15618	14325
14657	14561
14927	14127
15476	14300
15620	14027
15122	14271
15212	14358
15618	14030
15546	14061
15532	14038
15518	14059
14997	14079
15168	14534
14963	14512
14737	14208
15612	14514
14921	14546
15002	14300
15004	14433
15482	14121
14942	14213
15550	14336
15072	14400
15075	14148
15098	14120
15327	14496
15083	14536
14657	14385
15546	14014
14700	14429
15618	14322
14817	14245
15614	14580
14678	14300
15470	14472
15545	14561
15416	14245
15127	14496
14833	14042
15432	14554
15075	14122
15040	14158
15177	14522
15546	14424
15411	14420
15550	14376
15684	14181
15314	14132
14956	14319
15016	14352
14713	14493
15040	14299
15585	14009
15228	14140
15003	14406
14767	14100
15360	14573
14810	14300
14990	14102
15131	14420
15585	14112
15585	14384
15069	14195
15276	14149
15280	14383
15606	14528
14842	13997
15259	14168
15591	14159
15585	14402
15387	14061
15434	14079
15472	14396
15583	14473
15695	14348
14714	14292
15459	14524
14700	14352
15518	14420
15004	14439
15614	14232
15369	14271
15500	14319
15585	14331
14995	14127
15388	14534
14995	14510
14729	14333
15546	14550
14990	14093
15167	14372
15000	14538
14731	14127
15623	14431
15314	14472
14857	14433
14796	14323
15489	14213
15005	14253
15411	14534
14963	14239
14939	14569
14752	14163
14663	14414
14861	14275
14664	14038
15004	14511
15249	14079
14700	14355
15000	14122
14731	14499
15327	13997
15490	14406
15623	14561
14984	14575
14713	14079
15098	14355
15546	14117
15168	14122
15530	14043
15688	14434
15555	14122
14974	14341
15481	14195
14892	14363
15112	14543
14756	14131
15280	14076
15131	14195
15041	14063
14837	14294
15253	14507
15018	14197
14948	13996
15390	14200
15045	14446
15692	13997
15618	14213
15465	13997
15684	14397
15516	14220
14940	14355
15338	14207
15277	14423
15682	14507
14837	14380
15546	14433
14709	14345
14935	13997
15712	14384
15304	14158
15065	14298
14984	13997
14852	14076
14713	14222
14700	14038
14731	14561
15162	14195
14846	14364
15475	14142
15570	14120
14678	14373
15544	14518
14739	14079
15002	14435
15550	14038
15003	14285
15516	14258
15381	14172
15614	14420
15270	14343
14727	14466
15614	14076
15626	14352
14700	14079
15578	14528
15401	14422
14857	14356
15152	14365
14975	14380
14755	14433
15614	14238
15186	14122
15673	14148
15003	14245
15585	14297
15476	14195
15623	14433
14817	14446
15476	14319
14936	14472
14913	14530
15335	14112
14678	14472
15106	14271
15402	14067
15481	14245
15103	14450
14963	14197
14731	14355
15159	14167
14837	14079
14961	14102
14990	14512
15565	14079
15327	14140
14990	14413
14984	14420
15700	14392
14995	14403
14700	14072
15095	14195
15077	14182
14682	14420
15646	14164
15606	14091
15402	14102
15494	14085
14678	14085
14984	14335
15610	14007
15497	14303
14857	14447
14907	14025
15488	14508
15618	14008
14842	14303
15003	14148
14906	14433
15390	14473
15585	14127
15476	14089
14961	14128
14955	14490
15550	14136
15674	14488
15546	14122
15040	14211
14770	14127
15004	14143
14700	14387
15623	14433
15270	14127
14678	14435
15330	14507
15618	14120
15155	14420
14812	14075
15476	14295
15382	14534
15515	14420
15327	14349
15184	14213
15402	14087
15714	14052
14866	14217
14857	14128
15402	14195
15065	14015
15288	14420
15038	14127
15058	14496
14834	14120
15037	14085
15481	14433
14798	14122
15335	14380
15598	14454
15519	14079
14857	14294
15232	14195
15004	14319
14728	14420
14700	14342
14937	14472
15618	14267
15618	13997
15684	14355
15476	14196
15546	14038
14714	14012
15131	14517
15618	14292
15115	14063
14884	14353
15519	14478
15652	14067
15565	14076
15575	14231
14699	13997
15411	14193
15802	14629
15777	14644
15811	14685
15761	14602
15788	14654
15745	14657
15809	14647
15756	14628
15768	14606
15778	14614
15797	14663
15751	14625
15757	14648
15797	14629
15737	14610
15777	14660
15757	14640
15765	14636
15757	14601
15811	14592
15815	14628
15754	14624
15794	14629
15757	14627
15802	14636
15757	14613
15757	14629
15809	14684
15757	14645
15765	14636
15757	14624
15809	14597
15772	14640
15732	14601
15779	14676
15763	14646
15807	14637
15777	14636
15757	14595
15734	14606
15802	14609
15792	14663
15763	14626
15805	14675
15786	14640
15757	14630
15816	14666
15758	14629
15792	14657
15814	14629
15791	14610
15757	14676
15757	14673
15765	14641
15797	14657
15811	14688
15790	14656
15757	14655
16070	15240
15907	14715
16064	15234
15927	15145
15889	14984
15868	14898
16017	14925
16050	14778
16021	14902
15901	15156
16017	14925
15917	14953
15903	14984
16028	15054
16007	14812
15979	14729
16064	15130
16038	14922
16029	15130
15922	14942
16029	14703
15866	15003
16022	15144
15819	14836
15948	14953
16089	15138
16071	14918
15958	15192
15860	15189
15985	14696
15842	15130
16051	14943
16026	14859
15907	15215
16091	15209
16012	15098
15878	15248
16086	15237
15911	15126
16137	15237
16066	14740
15907	14827
15880	14806
15968	14970
16036	15159
16009	15199
16085	15150
15988	14926
15848	15213
15930	14960
15864	15233
15978	15237
16124	15021
15859	15057
16059	14984
15997	15189
16142	15218
15885	14825
16076	14861
15975	14985
15966	15042
16075	14824
16052	15150
15825	15067
15853	15237
15870	14984
16013	14986
15910	14934
15823	15237
16146	15221
16067	15177
16032	15237
16096	14912
16150	15180
15977	15010
15908	14696
15892	15150
15892	15150
15882	15237
16132	14952
16035	15059
15906	14918
16092	14890
15828	14831
15902	15030
15945	14984
15974	15060
16110	14881
15954	15215
15846	15192
16010	15058
15854	15054
15870	14984
16078	15237
16019	15237
15908	15130
16102	14925
16028	14779
15965	15130
16110	15167
16108	15237
15899	15170
15826	14774
15841	15237
15928	15130
15911	15126
15825	14918
16111	15237
16119	15237
16070	15147
15866	15003
16030	14740
16029	15142
15879	15237
15897	14868
15960	14845
15859	15237
16045	15181
15991	15126
16113	15063
16009	15150
15900	15237
15955	14780
16061	15110
15919	15237
16072	15237
15859	15237
15821	15089
16041	14964
16004	14746
16059	15237
15886	15237
15828	14823
16108	15237
15876	14777
16034	15052
15930	14960
15947	14737
15903	14713
15921	15237
16044	14925
16110	14896
15876	15199
15972	15237
16106	14852
15854	15054
16022	15144
16037	15234
16110	14896
16133	14921
16024	14878
15879	15130
16042	15140
16257	15455
16227	15390
16337	15499
16378	15508
16213	15489
16363	15299
16305	15428
16287	15391
16318	15366
16341	15306
16263	15265
16205	15301
16358	15485
16293	15485
16267	15375
16286	15466
16305	15428
16322	15456
16286	15395
16290	15402
16204	15391
16286	15395
16167	15391
16232	15491
16254	15361
16346	15480
16196	15349
16205	15496
16321	15454
16184	15378
16370	15499
16297	15484
16363	15261
16380	15422
16340	15506
16232	15391
16159	15461
16190	15290
16294	15300
16330	15275
16347	15302
16213	15489
16201	15391
16298	15310
16284	15289
16357	15413
16293	15485
16281	15281
16181	15485
16194	15485
16201	15480
16306	15338
16224	15503
16203	15485
16289	15415
16217	15354
16254	15261
16351	15277
16211	15425
16203	15485
16335	15331
16337	15466
16372	15499
16350	15394
16271	15341
16343	15493
16207	15492
16201	15391
16334	15345
16378	15294
16267	15303
16200	15297
16239	15386
16194	15309
16297	15484
16215	15447
16274	15381
16374	15488
16342	15356
16187	15401
16284	15330
16331	15273
16196	15349
16361	15377
16351	15480
16212	15299
16275	15487
16194	15485
16397	15531
16395	15530
16387	15519
16383	15514
16391	15524
16394	15528
16386	15518
16395	15530
16387	15519
16388	15520
16384	15516
16381	15513
16398	15532
16392	15525
16392	15525
16398	15532
16385	15517
16399	15533
16389	15521
16397	15531
16408	15609
16507	15655
16433	15656
16488	15566
16465	15629
16470	15644
16446	15646
16483	15628
16492	15639
16424	15607
16403	15628
16538	15656
16545	15569
16452	15566
16538	15629
16484	15566
16550	15566
16443	15550
16487	15569
16524	15539
16548	15550
16424	15569
16424	15636
16434	15576
16451	15628
16449	15636
16519	15566
16518	15613
16513	15658
16467	15566
16550	15644
16540	15583
16470	15661
16548	15566
16535	15551
16408	15569
16426	15551
16508	15569
16518	15594
16540	15628
16523	15635
16524	15556
16413	15595
16424	15644
16420	15569
16424	15598
16462	15587
16518	15613
16497	15660
16498	15566
16424	15537
16470	15625
16508	15661
16532	15577
16502	15599
16467	15566
16508	15569
16424	15550
16528	15566
16550	15644
16436	15550
16470	15566
16408	15556
16472	15628
16447	15576
16528	15644
16540	15637
16540	15664
16540	15661
16424	15550
16507	15569
16476	15566
16408	15544
16549	15596
16540	15618
16465	15635
16449	15566
16469	15615
16548	15607
16424	15625
16530	15576
16528	15644
16482	15569
16505	15614
16516	15566
16516	15569
16405	15543
16522	15602
16435	15641
16446	15569
16444	15641
16505	15629
16423	15629
16423	15614
16436	15610
16406	15551
16424	15636
16545	15566
16502	15569
16551	15569
16412	15591
16479	15665
16513	15566
16442	15569
16540	15551
16550	15566
16548	15607
16543	15605
16524	15551
16477	15566
16408	15576
16428	15566
16518	15660
16522	15566
16540	15576
16493	15551
16426	15551
16425	15541
16543	15604
16540	15661
16469	15569
16430	15595
16408	15576
16498	15565
16541	15555
16539	15566
16428	15550
16540	15578
16430	15551
16448	15566
16424	15640
16428	15566
16540	15570
16540	15606
16538	15551
16436	15566
16507	15551
16524	15569
16523	15660
16492	15551
16403	15628
16401	15628
16424	15564
16416	15569
16526	15621
16473	15566
16425	15566
16540	15566
16431	15566
16430	15655
16543	15549
16518	15629
16424	15631
16443	15636
16524	15544
16549	15596
16540	15569
16492	15551
16446	15595
16436	15566
16508	15638
16550	15661
16424	15643
16522	15560
16426	15569
16424	15630
16550	15569
16544	15550
16423	15629
16408	15551
16522	15628
16540	15551
16540	15566
16424	15569
16505	15656
16408	15551
16548	15550
16403	15569
16430	15560
16424	15566
16468	15561
16424	15566
16519	15629
16505	15635
16522	15555
16863	16135
16775	15941
16560	15675
16553	15717
16553	15880
16845	16160
16577	16268
16888	15884
16814	15983
16898	16100
16571	16277
16663	16131
16750	16221
17189	16486
17106	15669
16966	16189
17177	16142
16831	16013
16824	16407
17185	16402
17220	16541
16675	15871
17173	16459
16712	16113
16924	16143
16641	16089
17088	16347
16809	16007
16870	16109
16732	15819
17140	16044
16620	16246
17177	15868
16715	16521
17140	16541
17054	16503
17140	15848
16573	15719
17161	16124
17164	16264
16793	15961
16578	15782
17076	16320
16923	15953
16916	16108
17009	16437
16764	15981
16934	15718
16796	15756
16690	15838
16704	15962
16660	15942
16704	15784
16802	16522
16636	16192
17217	15735
16576	15702
17177	15868
16706	16142
17096	15955
16739	15735
16740	15889
16557	16308
17157	16446
16666	15806
16740	15889
16690	15838
17119	16369
17103	16369
16719	15864
17045	16283
17163	16448
16570	15969
16730	16301
17143	15738
16736	15910
16884	16085
17045	16283
16863	16078
16941	16151
17220	16057
16817	16273
16945	15924
16796	15848
17078	16254
16588	15869
16553	16292
16729	15872
17123	16402
16727	15871
16858	16039
16739	16113
16809	16007
17190	16489
16603	16499
16741	16226
16766	15669
16863	15860
16808	16019
17085	15780
17119	16397
17217	16468
17117	16376
16750	16221
16891	16181
16981	15797
17140	16130
16778	15679
16557	16308
16704	16231
17101	16019
17049	16290
16900	16402
16776	15799
16981	15980
16692	16468
16835	16382
16766	15669
16995	16222
16581	16469
16896	15906
16648	16406
16660	16350
17078	16350
17153	15853
16796	16376
16789	16295
16553	15678
17168	16169
16965	16182
16657	16017
17140	15680
16702	16105
16747	16378
16765	15931
17087	16340
17004	16233
16581	15773
16819	16343
16805	15968
16782	15953
16704	15992
17055	15924
16769	15886
17057	15666
16825	16470
17092	16248
16594	16269
16752	15703
16863	16468
17178	16369
16787	15825
16765	16198
17159	16241
16556	15699
17091	16352
16752	15886
16605	16437
16900	16102
16828	16380
16609	15883
16581	16469
16553	16508
16630	15769
16682	15877
17060	15762
16819	15995
17055	15785
17187	16376
17140	16484
16719	15979
16699	15980
17155	15680
16768	16040
16896	15906
17085	16489
16637	15854
16570	15865
17220	16376
16663	16189
16689	16111
16571	15696
16589	16250
16911	16110
17217	16531
16560	15675
16566	15688
16776	15832
16878	16071
17041	15680
16849	16324
16754	15911
16693	16521
17198	16506
16887	16047
16742	16338
16961	16095
16863	15870
16938	15989
17217	15968
16624	15763
16825	15972
16935	16144
17198	16506
16597	16493
17207	16404
17131	16414
16588	15908
17101	15669
16597	16493
16812	16437
16828	16380
16871	16471
16715	16521
16589	15962
17117	16378
17085	16208
16708	16344
16863	15705
16796	15962
17192	16493
16752	15869
17220	16264
16578	16079
16651	16468
16578	16004
16796	15756
16620	15860
16553	15714
16947	16162
16581	15717
16802	15951
16712	15891
16660	16245
17025	16519
16794	15715
17140	15903
16994	15941
17128	15749
16796	16250
16945	15785
17165	16201
16863	15753
17185	16044
17027	15924
17167	16451
16602	16376
16663	15802
16739	15924
17123	16013
16828	15695
16708	16344
16828	16389
17101	16289
16578	16468
16935	16144
17139	16429
16888	16154
16934	16269
17027	15888
16887	16047
17158	16361
16863	15782
17218	16187
16553	16228
17101	16296
17088	16347
16913	16271
17079	16250
17055	16301
16863	15762
17220	16431
16674	16313
16767	15935
16831	16370
16777	16262
17180	16242
16688	16069
16677	16128
16816	15964
17018	16391
17192	16385
16695	15984
17217	16531
16648	15774
17060	16034
16851	15743
16988	16377
16944	15942
16819	15995
16863	15717
16621	16016
16588	15886
16827	16541
16588	15865
16893	16482
17004	15928
17014	15866
16945	16301
16945	15992
16702	16105
16555	15668
17117	15992
16934	16441
17055	15925
16559	16186
16854	16245
16692	16064
17087	16340
16769	16305
16796	16376
17185	16479
16747	16235
16712	16113
16815	16337
16609	15883
16863	16044
16661	15931
17101	16361
16945	16063
17170	16161
16888	16089
17014	15941
16707	16535
16570	16264
16655	15840
16842	16265
16588	15680
17000	16250
16840	15894
16568	16229
16657	15798
16817	15905
17123	16402
17140	16130
17032	16258
16847	16031
16854	16006
17217	16468
16874	16065
17060	16044
16734	15878
16582	15719
16645	16301
17220	16213
16876	16066
16782	16148
17060	15699
17140	16424
17185	16193
16643	16188
16828	15824
16578	15699
16773	15760
16692	16033
16701	15845
17185	16402
16854	16362
16556	16141
16581	16184
16645	16063
17041	16353
16620	15870
16812	16361
17101	15798
17115	16392
16835	16535
16692	15839
16858	16091
17218	16535
17060	15699
16575	15701
17197	16063
16863	16426
17039	16113
17197	15848
16868	16050
16871	16471
16945	16113
17217	15860
16564	15686
16863	16369
16688	15834
17197	16013
16863	16170
16579	15943
16688	15834
16955	16048
16863	16468
16828	16457
16578	16363
16646	15992
17032	15807
16816	15989
16767	16190
16805	15833
16802	16250
16712	15924
17072	16491
16702	16468
16656	16317
16913	16180
16888	16089
16910	16030
16835	16019
16578	15699
16863	16034
16972	16007
17078	15942
16827	16005
17118	15927
16855	15996
16835	16089
16835	16416
16739	16250
17165	16449
16643	16188
17095	16356
16878	16071
17119	16397
16769	15939
16719	15979
16774	16356
17117	15848
17185	16215
16854	16258
17196	16341
16704	15848
17076	16320
16699	15797
16934	16269
17217	16369
17217	16217
16722	15867
16568	16227
16769	16213
17176	16468
16840	16475
16625	15765
17101	16361
17101	16498
17074	16073
17220	15903
16660	16322
16898	16100
16802	16250
17078	15832
16568	16229
17055	15924
16838	16024
16739	16515
16847	16031
16835	15934
16745	15800
16556	16106
17188	16301
17089	16301
17051	16292
16970	16192
16840	16026
16752	15865
16753	16154
16852	16036
16620	16044
16893	15813
16566	15688
17220	15680
17177	16465
16794	16023
17178	16369
16948	15904
16970	16192
16704	16250
16689	15833
16893	15914
16705	16541
17137	16427
16893	16269
17140	16264
16773	16130
17055	15828
16855	16037
16981	15980
17105	16445
16553	15994
16704	16376
16796	15992
16943	16154
16796	15992
17085	16489
17063	16306
16863	15767
16553	16199
16620	15699
16584	15779
17140	15693
17056	16423
16827	15903
16723	16376
16858	16236
17197	16130
16828	16309
16994	16250
16831	16319
16913	16116
16712	16301
16935	16520
17161	16124
17152	15717
16655	16269
16565	15903
16836	16347
17182	16529
16745	15896
17220	16130
16863	16135
16796	16250
16767	16269
17055	16468
17091	16352
17006	16390
16850	16034
16645	16113
16958	15759
16860	16041
17178	16468
16955	16173
16995	16222
17217	15903
16648	16250
17082	16002
17217	16301
16586	15724
17217	16535
16999	16159
16809	15976
16913	16116
17055	16063
16845	16028
16863	15699
17140	16541
17163	16448
17158	16361
16888	15738
16900	16402
16613	16006
17166	16209
16923	16288
16588	16113
17177	16269
17071	16217
16667	16086
16857	16038
17032	16350
16556	15854
16655	15795
17192	16493
16879	15841
16752	16130
16796	15962
16827	16238
16563	15684
17106	16361
16810	16019
16555	15668
16729	15944
16666	16002
17152	16437
16716	15710
17189	16118
16648	16436
17090	16358
17101	16438
17208	16520
16827	15903
16600	15739
16588	16178
17055	15785
17220	16522
16828	15905
16582	15719
16745	15896
16858	16039
16752	15908
16917	16121
17178	16468
16581	16437
16703	16412
17009	15717
17085	16138
16693	15840
16828	15905
16855	16315
17140	16251
16751	15905
16588	15680
17145	15735
16637	16370
16660	15941
16564	15686
16651	16426
16578	16363
16588	16005
16766	16361
17177	16465
16835	16019
16704	15992
17092	16248
16692	15699
17009	16241
16553	15871
16958	15931
17066	16256
16850	16034
16802	16231
16863	16217
17096	16357
16660	15937
16557	15669
16684	16395
16870	16281
