6	2
8	6
12	25
14	28
16	29
21	42
22	44
23	48
24	51
25	53
30	57
37	73
43	84
55	105
56	106
62	120
64	125
66	131
68	138
73	165
74	166
80	182
81	186
87	197
99	221
100	224
101	226
102	227
115	248
116	250
118	263
128	281
129	282
141	305
144	314
146	318
153	332
160	343
162	344
163	347
164	348
170	361
173	375
174	378
177	382
188	402
190	411
192	413
194	417
206	441
207	443
217	472
224	499
232	519
234	520
236	523
239	533
241	545
244	555
248	561
250	566
255	572
262	581
263	583
269	597
270	599
271	601
275	618
276	619
280	630
289	649
303	670
307	678
322	707
326	715
331	725
332	728
334	735
335	739
338	749
354	793
357	798
358	802
366	828
372	833
375	837
376	840
379	855
382	862
392	882
395	895
398	897
408	942
409	944
418	954
424	962
434	991
441	1019
452	1044
459	1057
460	1059
475	1121
481	1134
482	1139
486	1147
488	1148
493	1154
502	1168
504	1172
509	1179
510	1180
513	1196
524	1217
527	1218
528	1219
549	1272
562	1293
564	1306
573	1323
578	1339
592	1374
593	1376
595	1383
602	1396
621	1453
622	1463
624	1464
626	1466
627	1471
629	1482
630	1483
635	1501
642	1513
662	1548
666	1559
674	1575
675	1581
681	1599
687	1614
692	1636
698	1645
704	1659
706	1664
713	1674
719	1680
722	1691
725	1700
734	1717
735	1721
745	1734
746	1738
749	1744
753	1752
754	1757
764	1779
771	1797
780	1818
783	1832
790	1853
792	1865
793	1868
806	1892
809	1900
812	1908
814	1913
816	1925
818	1933
820	1937
831	1974
838	2006
841	2017
844	2020
848	2030
854	2041
871	2082
877	2091
879	2093
882	2099
883	2104
887	2115
892	2126
895	2128
899	2135
905	2141
908	2149
921	2174
924	2178
933	2208
936	2218
951	2245
965	2270
968	2282
977	2314
980	2315
985	2332
995	2359
996	2361
997	2365
1004	2381
1006	2387
1010	2390
1014	2396
1015	2400
1017	2404
1020	2409
1027	2416
1035	2427
1050	2475
1060	2498
1065	2518
1068	2524
1074	2539
1078	2549
1080	2560
1081	2562
1090	2577
1097	2592
1099	2600
1100	2603
1106	2610
1108	2614
1110	2623
1113	2631
1115	2646
1124	2671
1131	2688
1167	2765
1168	2769
1169	2770
1172	2781
1176	2795
1185	2821
1203	2901
1206	2904
1221	2931
1224	2940
1231	2959
1236	2976
1241	2988
1250	3003
1262	3038
1264	3048
1272	3064
1289	3094
1302	3122
1305	3128
1307	3134
1309	3141
1313	3146
1318	3164
1322	3170
1330	3180
1334	3188
1344	3220
1351	3225
1354	3236
1356	3242
1357	3247
1359	3255
1363	3262
1367	3279
1372	3284
1373	3285
1375	3290
1382	3311
1383	3315
1401	3347
1408	3377
1417	3403
1423	3424
1443	3465
1447	3473
1462	3499
1472	3516
1474	3524
1484	3547
1496	3588
1497	3591
1498	3597
1502	3605
1504	3608
1509	3619
1518	3638
1519	3641
1530	3657
1533	3662
1535	3668
1538	3675
1542	3696
1543	3697
1549	3710
1551	3711
1561	3725
1580	3760
1587	3779
1592	3788
1601	3800
1603	3805
1615	3827
1621	3844
1622	3847
1627	3856
1641	3891
1644	3905
1646	3911
1649	3926
1655	3939
1659	3961
1661	3964
1663	3972
1678	4003
1681	4007
1682	4009
1683	4011
1692	4038
1694	4041
1707	4071
1710	4087
1711	4089
1719	4121
1721	4127
1728	4144
1740	4163
1741	4165
1748	4190
1753	4197
1758	4206
1763	4217
1768	4226
1769	4228
1777	4247
1780	4250
1788	4273
1796	4282
1817	4321
1821	4332
1827	4344
1836	4354
1837	4358
1843	4370
1844	4372
1852	4403
1860	4425
1864	4435
1866	4443
1868	4450
1871	4466
1877	4488
1887	4512
1888	4513
1901	4558
1903	4574
1904	4575
1908	4580
1909	4586
1912	4600
1917	4608
1922	4614
1923	4619
1929	4636
1931	4638
1933	4652
1938	4669
1948	4683
1949	4687
1951	4688
1953	4689
1956	4696
1967	4734
1968	4737
1970	4740
1979	4751
1996	4791
2013	4815
2030	4854
2032	4859
2033	4867
2053	4911
2067	4949
2076	4963
2079	4975
2082	4981
2084	4983
2090	4992
2099	5002
2121	5057
2135	5089
2136	5096
2143	5116
2147	5126
2155	5134
2157	5141
2161	5153
2171	5167
2175	5170
2178	5192
2183	5202
2190	5216
2207	5274
2208	5276
2218	5315
2221	5320
2230	5339
2231	5340
2233	5344
2249	5383
2251	5391
2252	5392
2255	5396
2268	5437
2292	5504
2293	5505
2304	5536
2307	5555
2310	5558
2329	5608
2331	5613
2361	5661
2380	5709
2383	5726
2389	5737
2397	5764
2401	5774
2407	5789
2411	5799
2418	5831
2436	5881
2439	5885
2441	5887
2459	5940
2461	5942
2472	5967
2473	5969
2479	5981
2481	5988
2493	6014
2507	6042
2510	6049
2518	6061
2521	6070
2523	6074
2524	6077
2531	6095
2534	6108
2537	6118
2544	6132
2547	6137
2553	6145
2555	6147
2564	6164
2570	6172
2581	6197
2582	6199
2590	6212
2592	6218
2614	6273
2618	6289
2622	6292
2635	6323
2643	6338
2647	6348
2651	6367
2654	6370
2665	6405
2671	6411
2680	6432
2682	6436
2692	6452
2701	6470
2702	6477
2708	6500
2716	6520
2717	6524
2718	6525
2723	6534
2726	6535
2734	6544
2739	6553
2748	6574
2749	6576
2754	6584
2762	6606
2771	6619
2772	6621
2777	6634
2787	6654
2789	6665
2798	6693
2800	6701
2804	6705
2807	6709
2808	6717
2810	6723
2812	6728
2813	6729
2817	6734
2823	6744
2824	6751
2827	6752
2833	6765
2838	6773
2843	6781
2863	6842
2868	6843
2889	6887
2902	6919
2905	6921
2913	6952
2920	6967
2923	6977
2925	6979
2940	7029
2943	7032
2946	7036
2962	7077
2966	7087
2971	7104
2973	7109
2977	7128
2985	7148
2989	7152
2992	7165
2993	7166
2994	7168
3003	7192
3019	7232
3025	7249
3027	7260
3030	7268
3035	7281
3043	7299
3047	7308
3048	7318
3057	7334
3060	7342
3067	7355
3068	7356
3069	7360
3073	7375
3082	7403
3088	7417
3093	7422
3098	7435
3099	7443
3112	7489
3118	7499
3119	7500
3122	7508
3124	7518
3142	7575
3144	7577
3146	7582
3147	7584
3148	7593
3149	7597
3157	7614
3160	7619
3169	7642
3176	7647
3202	7690
3207	7702
3222	7737
3238	7762
3242	7775
3243	7777
3248	7799
3254	7806
3255	7809
3261	7822
3270	7842
3272	7844
3275	7860
3281	7873
3289	7886
3309	7944
3310	7949
3312	7959
3317	7968
3318	7972
3329	7984
3333	7989
3345	7994
3348	7996
3351	8003
3360	8019
3382	8052
3394	8097
3395	8098
3398	8105
3399	8108
3408	8118
3423	8161
3427	8170
3432	8189
3437	8201
3445	8215
3449	8226
3457	8255
3466	8270
3467	8271
3470	8283
3472	8290
3487	8334
3490	8347
3493	8348
3517	8425
3528	8451
3536	8465
3568	8559
3576	8576
3577	8577
3590	8605
3591	8606
3598	8621
3599	8628
3601	8633
3603	8637
3607	8643
3608	8644
3612	8650
3615	8654
3616	8656
3619	8657
3623	8664
3640	8702
3658	8749
3662	8759
3663	8760
3666	8768
3673	8782
3677	8787
3681	8792
3685	8799
3690	8811
3697	8836
3698	8839
3703	8853
3706	8858
3712	8872
3713	8873
3716	8879
3717	8886
3721	8893
3722	8894
3723	8898
3733	8922
3734	8924
3735	8925
3740	8934
3744	8939
3752	8962
3756	8967
3758	8968
3767	8983
3773	9001
3776	9005
3777	9008
3787	9036
3788	9037
3790	9041
3792	9046
3798	9065
3802	9070
3805	9081
3809	9089
3815	9111
3818	9113
3823	9125
3825	9131
3831	9135
3832	9139
3850	9172
3864	9227
3865	9233
3867	9244
3870	9252
3871	9255
3891	9282
3895	9289
3896	9295
3909	9333
3911	9344
3916	9365
3919	9366
3927	9382
3932	9398
3939	9422
3950	9452
3962	9508
3966	9512
3982	9563
3987	9584
4012	9672
4014	9675
4016	9685
4022	9698
4024	9704
4028	9713
4029	9714
4030	9716
4032	9720
4034	9724
4038	9740
4051	9779
4062	9801
4066	9808
4080	9837
4087	9852
4089	9853
4092	9858
4104	9881
4110	9890
4111	9897
4123	9926
4124	9927
4128	9933
4143	9976
4145	9991
4147	10001
4149	10006
4150	10011
4155	10018
4166	10062
4169	10066
4172	10072
4173	10078
4174	10079
4187	10122
4188	10128
4195	10146
4205	10166
4206	10172
4215	10193
4222	10222
4226	10228
4236	10237
4239	10253
4241	10256
4246	10262
4252	10269
4272	10302
4275	10309
4284	10330
4286	10340
4291	10350
4300	10367
4303	10374
4323	10419
4327	10426
4328	10431
4331	10446
4337	10453
4339	10460
4363	10515
4375	10540
4390	10561
4397	10582
4402	10594
4403	10598
4407	10607
4408	10609
4411	10616
4416	10638
4421	10656
4428	10675
4430	10693
4435	10704
4448	10741
4454	10752
4455	10753
4547	10844
4783	10815
5053	11413
4660	10978
4636	10941
4911	11251
4908	11243
4863	11203
4951	11304
4962	11315
4563	10862
4465	10761
4994	11342
4992	11339
4971	10816
4526	10824
5046	11402
4493	10793
5041	11396
4824	11155
4695	10760
4508	10810
4994	11342
4952	11305
4644	10954
4684	11000
4862	11202
5000	11351
4591	10897
4639	10949
4540	10836
5060	11421
4648	10964
4973	11323
4774	11101
5001	11350
4913	11252
4642	10953
4673	10987
4626	10930
4596	10900
4919	10992
4960	11313
4665	10980
4810	11139
4575	10877
4948	11302
4893	11230
4998	11347
4584	10891
4801	11125
4727	11053
4641	10950
4970	11322
5060	11421
4979	11326
4668	10983
4476	10773
4999	11349
4685	11001
5045	11400
4685	11001
4678	10994
4803	11127
4930	11284
4688	11004
4530	10828
5055	11415
4496	10796
5005	11355
4693	11012
4939	11295
4545	10842
4766	11260
4637	10945
4902	11235
4796	11118
4738	11073
4878	11219
5034	11391
4747	11080
4738	11073
4580	10886
5006	11357
4770	11211
4828	11163
4672	10985
4695	10760
5023	11375
4916	11256
4636	11395
4982	11329
4818	11145
4771	11097
4773	11100
4900	11234
4762	11090
4892	11229
4934	11289
4859	11201
4488	10782
4854	11193
4521	10819
4929	11283
4689	11006
4561	10859
4958	11311
4739	11075
4597	10902
4659	10975
4985	11332
4718	11042
5032	11388
4875	11218
4585	10986
4807	11130
4908	11243
4808	11132
4790	11114
4906	11240
5009	11363
4893	11230
4836	11173
4835	11172
4718	11042
4863	11203
5042	11397
4865	11204
4998	11347
4696	11014
4667	10982
4856	11195
4655	10970
4895	11231
4686	11002
4843	11180
4797	11119
4552	11281
4910	11249
4573	10873
5061	11422
4647	10963
4555	10853
4988	11336
4942	11298
6634	13637
6200	13167
5707	12229
6557	13501
6409	13273
6220	13011
6221	13013
6335	13152
5859	13073
5979	12647
6328	13146
6555	13497
5826	12414
5858	12463
6316	12732
6325	13144
6157	12917
6029	12723
6338	13156
6385	13236
6563	13508
5881	12501
6308	13122
6412	13276
6341	13161
5769	12322
6545	13483
6578	13540
6585	13552
5953	12612
6546	13484
5841	13598
6287	13090
6166	12940
5702	12863
5876	12492
5945	12596
6503	13416
6322	13140
5690	12205
5895	12578
6183	12960
5985	13020
5918	12551
5977	12646
5692	12207
5789	12355
6219	13010
6020	12715
6056	12774
5933	12577
6433	13305
6226	13023
6627	13093
6544	13481
6352	13184
6500	13411
6543	13479
6529	13455
6631	13633
6298	13103
6136	12885
5827	12416
6306	13115
5843	12434
6627	13093
6532	13467
5770	12323
5902	12523
6162	12931
6206	12991
6581	13546
6424	13290
6531	13465
5845	13491
6389	13242
5768	12321
6401	13262
6022	12719
6419	13286
6591	12869
6007	12690
6172	12945
5658	13020
5899	12577
5958	12618
6287	13090
5912	12537
5786	12348
6094	12824
6069	12787
6048	13649
5846	12438
6216	13006
5842	12433
6306	13115
6228	13024
6330	13049
5680	12189
5676	12954
6279	13082
6355	13192
6487	13395
6313	13131
6148	12898
6461	13346
6107	12843
6391	13246
6308	13122
5891	12513
5878	12618
6297	13100
5946	12599
5774	12328
5803	12378
6521	13441
6532	13467
6314	13132
6118	12857
6232	13027
5927	12565
5713	12238
5914	12539
6457	13340
5903	12528
6561	13506
5903	12528
6076	12803
5705	12488
6168	12941
6555	13497
6232	13027
6584	13551
6371	13211
6556	13500
5981	12652
5842	12433
6527	13451
6364	13201
6499	13410
6616	13602
5929	12567
6385	12424
5662	12166
6350	13177
6303	13111
5667	12172
6250	13044
6444	13323
5662	12166
6179	12954
6432	13303
5725	12254
6065	12783
5740	12282
6499	13410
6147	12897
6314	13132
6535	13470
6208	12997
6213	13002
5910	12534
6449	13328
6086	12810
5982	12654
5667	12172
5784	12345
5758	12311
6019	12713
5700	12223
6294	13097
6575	13536
6539	13474
6568	13522
5877	12496
5715	12243
6365	13203
6293	13096
6401	13262
5772	12326
6123	12261
6052	12769
6464	13349
5654	12155
6183	12960
6626	13621
6051	12768
6195	12975
6639	13645
6541	13475
5725	12254
6462	13347
6378	13223
6595	13571
6542	13476
6151	12911
5888	12668
6075	12800
6537	13472
5960	12621
6615	13598
5762	12316
6237	13032
6505	13418
6223	13017
6395	13252
5828	13000
6333	13151
6501	13412
6072	12796
5726	12255
5676	12184
6290	13092
6092	12822
5975	12644
6538	13473
5815	12399
6150	12904
5727	12256
6319	13136
5959	12620
6281	13083
6649	13661
6492	13403
6625	13618
6541	13475
5881	12501
5994	12670
5990	12665
6462	13347
6354	13191
5809	12387
6620	13610
5849	12445
6436	13310
6349	13174
6141	12889
6568	13522
6592	13567
6591	13565
5794	12369
6026	12977
5728	12260
6101	12834
6370	13209
5949	12604
5940	12588
6382	13229
6502	13415
5899	12577
6048	12761
5926	12563
6224	12161
5977	12646
5861	12467
5862	12468
6156	12915
5982	12654
6084	12809
6436	13310
6301	13107
5846	12438
6133	12878
5858	12463
6091	12212
6018	12712
6250	13044
6130	12874
6268	13067
6480	13379
6225	13021
5665	12168
6161	12928
6022	12719
6307	13121
6441	13320
5934	12581
6331	13148
5894	12517
6364	13201
5675	12161
6073	12159
5960	12621
6230	13025
6384	13233
6157	12917
5944	12594
6074	12799
6186	12965
6432	13303
6617	13603
5986	12658
6275	13078
5961	12622
6508	13428
6387	13239
5994	12670
6084	12809
6203	12986
6341	13161
6339	13158
5972	12637
6583	13550
6413	13278
6421	13288
6228	13024
5753	12305
6262	12954
6542	13476
6605	13587
6099	12830
6602	13581
6452	13332
6606	13588
6111	12850
6590	13564
6490	13399
6385	13236
5685	12195
5773	12327
5714	12241
6626	13253
5938	12585
6426	13297
6537	13472
6506	13420
6122	13407
5843	12434
5703	12224
6371	13211
6276	13079
6634	13637
5860	12465
6209	12998
6438	13317
5809	12387
6474	13370
6067	12786
6650	13662
5848	12442
6237	13032
6192	12971
6366	13204
5861	12222
6492	13403
5736	12274
6129	12873
6208	12997
6072	12796
5878	12499
6284	13085
6396	13254
6122	12862
6456	13339
6629	13631
6514	13434
6034	12734
5743	12290
5685	12195
5804	12379
6367	13205
6112	12852
5847	12439
6205	12989
6177	12953
6377	13222
5684	12194
5747	12300
6239	13034
6012	12224
6477	13377
5924	12558
6171	12944
6019	12713
6618	13606
5887	12511
5669	12175
6483	13386
5738	12281
6321	13106
6097	12826
5925	12559
6587	13559
6328	13146
6256	13049
5964	12627
6479	13378
5873	12488
6340	13160
6554	13496
6636	13642
6454	13338
6257	13052
6525	13444
6195	12975
5661	12164
6034	12734
5732	12269
5958	12621
6353	13188
6619	13607
6397	13256
6241	13037
6174	12946
6621	13612
6145	12896
5841	12432
6469	13357
6255	13048
6327	13145
5752	12628
6174	12946
5765	12319
6139	12888
6430	13301
5999	12677
6163	12933
6235	13031
6101	12834
6470	13358
6073	12795
6430	13301
6010	12694
6021	12717
5784	12345
6318	13135
5878	12499
6080	12804
6155	12863
6569	13523
6316	12732
6253	13045
6511	13431
6043	12752
6529	13455
5935	12582
5848	12442
6640	12863
5879	12500
6011	12699
5878	12618
6075	12800
6647	13658
5989	12664
6081	12806
6300	13106
5776	12329
5696	12217
6088	12816
6115	12856
5933	12577
6317	13134
6586	13554
6011	12699
6369	13208
6589	13562
5999	12677
6217	13007
6352	13184
6355	13192
6153	12908
6004	12683
6595	13571
6360	13196
5801	12377
5857	12461
6096	12827
6106	12842
5744	12289
6621	13612
6633	13635
6422	13289
6264	13062
6554	13496
6082	12807
5962	12623
6604	13584
5825	12413
6211	13001
6197	12978
6267	13066
6504	13417
6125	12866
5932	12576
6367	13205
5774	12328
5983	13598
5943	12593
6451	13331
6442	13322
6113	12854
6190	12968
6392	13247
5731	12268
6544	13481
6248	13043
6505	13418
6485	13393
6182	12959
6552	13494
5859	12466
6420	13287
5726	12255
5770	12323
6204	12988
6259	13054
6161	12928
5956	12615
6285	13086
5767	12320
5968	12633
6133	12878
6368	13207
6572	13532
6302	13108
5823	12408
5867	12477
6520	13438
6637	13643
5831	12418
6043	12752
6209	12998
6411	13274
6615	13598
5813	12397
6263	13061
5971	12636
5914	12539
6469	13357
5720	12249
6051	12768
5942	12591
5751	12303
6136	12885
6585	13552
6420	13287
5661	12164
5983	13598
6632	13634
5706	12510
6016	12707
6437	13313
6273	13075
6181	12958
6493	13404
6535	13470
5894	13651
5783	12343
6025	12722
6641	13646
6166	12940
5930	12570
6471	13361
6244	13038
6446	13606
5837	12424
5986	12658
5856	12460
6486	13394
5747	12300
6026	12977
6466	13353
5719	12248
6300	13106
6331	13055
6488	13396
5939	12586
6272	13072
5917	12550
6102	12686
5998	12676
5973	12643
6467	13354
6038	12741
5658	13020
5869	12479
6457	13340
6097	12826
6274	13077
6591	13565
6165	12937
6450	13330
6425	13294
6111	12850
6299	13105
6603	13580
5913	12538
6270	13070
6241	13037
5831	12418
6576	13538
5708	13141
5783	12343
6234	13029
5724	12253
6605	13587
6582	13547
6181	12958
6308	12572
5681	12191
6581	13546
5710	12233
6145	12896
5853	12453
6534	13468
6602	13581
5678	12187
6406	13268
5895	12578
5928	12566
5910	12534
5822	12407
6019	12347
6048	12761
6267	13066
6331	13055
6498	13408
6627	13628
6276	13079
6600	13578
6490	13399
5757	12310
6516	13436
6042	12750
5676	12954
6398	13257
5769	12209
5758	12311
5790	12359
6562	13507
6016	12707
5680	12189
6582	13547
5936	12584
5761	12314
6599	13577
6137	12886
6343	13167
6476	13374
5805	12380
5992	12667
5722	12250
5819	12401
6356	13193
6611	13592
6426	13297
6503	13416
6273	13075
6107	12843
5781	12340
6049	12763
5882	13202
5863	12470
6414	13279
6132	12876
5829	13118
5794	12369
6382	13229
6566	13514
6180	12955
5915	12544
6448	13326
6202	12985
5962	12623
5875	12490
5964	12627
6035	12738
5733	12270
6177	12953
6565	13513
6424	13290
5864	12472
6343	13167
5967	12631
6187	13052
5709	12232
6050	12765
6398	13257
5884	12504
6321	13139
5744	12289
5984	12656
5912	12537
5684	12194
6272	13072
5668	12174
6061	12711
6411	13274
6547	13486
5980	12650
5815	12399
6099	12830
5950	12608
6421	13288
6311	13127
5813	12397
6288	13089
5931	12575
6497	13406
6261	13057
6643	13650
6070	12791
5928	12566
6032	12729
5827	12416
5764	13648
6628	13629
6002	12680
5796	12373
6257	13052
5746	12299
6113	12854
6006	12688
5656	12159
6258	13053
5932	12576
6521	13441
6442	13322
5810	12389
5995	12671
6248	13043
5755	12307
5981	12652
6494	13405
6486	13394
6052	12769
6066	12785
5824	12412
6283	13084
6114	12855
6531	13465
5694	12215
5821	12406
5754	12304
6067	12786
5736	12274
6454	13338
5940	12588
7514	13824
7471	14018
7212	14150
7029	13800
7278	13726
6666	13901
7575	13702
7310	14637
6877	13770
7194	14464
6940	14000
7471	14212
7750	14480
6834	14523
6932	13856
7705	13757
7689	14254
7576	13801
6883	14148
7288	14490
7373	13919
7275	13994
7613	14073
7059	13912
6872	14373
6720	14641
6731	14214
7647	14458
7214	13824
7849	14590
6939	14567
7312	13726
6865	14214
7747	13901
6836	14694
7036	13770
6969	14661
7650	13794
6877	14492
7669	14252
7710	14356
7209	14694
7429	13726
7471	14228
6688	13835
6855	13898
6940	14413
7177	14287
7206	13706
7581	14458
6664	14447
7335	14328
7573	14215
7036	14373
6903	14373
6940	14653
7715	14008
7594	14624
7764	14099
7508	13780
7589	14493
6940	14280
7691	13875
6864	13770
6910	13764
6753	14113
7541	14641
7898	14356
6933	14401
7909	14401
7709	13871
7575	13838
7686	13994
7663	14663
7180	13726
7188	14458
6941	13770
7611	14148
7627	13801
7892	14676
6700	13801
6856	14458
7709	14401
7458	13695
7134	14628
6881	14502
7872	14373
7628	14663
6977	13835
7589	14641
7458	14171
6807	13695
7555	14318
7409	14694
7406	13995
7288	14490
6671	13815
7004	14287
7004	14429
7220	13834
6832	13824
7575	14631
7138	13901
6985	13901
7133	14694
6689	13692
7073	14631
7109	14442
6849	14111
6772	14458
7338	14401
7268	14694
7878	14506
7036	14113
7388	13967
7541	14161
6859	13901
6963	13706
6720	13726
7266	14148
7896	14287
7253	13835
7907	14261
7192	14252
7036	14594
6953	14675
7892	14588
7278	14207
6846	13985
7059	13994
7003	14694
7252	14624
7209	14080
6734	14012
7003	14480
7278	14186
6870	14694
6848	13721
6975	14296
7257	14111
7366	14585
6907	13738
7595	13801
7777	14267
7040	13671
7215	13739
6900	13801
7792	13714
6859	14694
6877	13925
7575	14052
7278	14617
7203	13923
7691	13817
7220	13968
7647	13695
6685	14148
6883	13792
7665	14494
7725	14214
7181	14316
7795	13859
7015	13824
7860	14601
6898	14373
7518	14286
6906	14356
7647	14148
7561	13972
7471	14148
7896	14285
7431	14579
7306	14015
7134	14637
6907	14493
7826	13901
7348	14458
6728	14694
7426	13815
7386	14518
6971	14416
7623	13743
7448	14458
7898	14373
7837	13706
7243	14631
6993	13972
6916	14476
7382	14441
6993	14401
6666	14694
6844	13976
7907	14358
7611	14317
6740	14687
7589	13726
7909	14401
6742	14655
7059	14373
7581	13909
7873	14358
6999	14003
7433	14207
7173	14265
7726	14325
7185	14641
7168	14458
6890	13770
7089	13768
7206	13706
7059	14490
6653	13885
7270	13681
7433	14111
6688	14148
7506	13729
7386	14356
7196	14148
6980	13885
7420	14095
7418	14550
7604	14458
7575	14588
6816	14148
7133	13901
7270	14287
7630	14331
7290	13679
6812	14401
7149	14663
7252	14243
7254	13694
7080	13901
7583	14490
7770	14230
7217	13698
6856	14148
6907	13824
6870	13726
7401	14020
7674	13766
7288	14125
7471	14564
7746	14664
6940	14067
7066	14401
6757	14299
7159	14084
7263	14071
7564	13774
7133	14207
7246	14573
7113	13706
7018	13726
6749	14500
7133	13972
7575	14480
7823	14148
6727	13835
7286	14279
7690	14432
7831	13901
6923	14694
7641	14111
7588	13770
6907	14248
6963	14458
7890	14401
6907	14401
6685	14411
7252	14243
7087	14022
7020	14458
7471	14372
7149	14664
7139	14534
7036	13885
7475	13854
7254	13931
7206	14434
6694	14113
6859	13901
7670	14401
6893	14084
7471	14664
7600	13717
6952	13757
6754	13834
6832	13838
7286	14148
6740	14631
7459	13835
7667	13901
7687	14678
7841	13764
6963	14148
7471	14558
7677	14101
7689	14458
7916	13695
6907	14236
7059	13790
6821	13762
7059	14617
7134	14140
7004	14287
7173	14401
7134	13770
7682	14252
6925	14044
7134	13772
6779	13994
7059	13901
6832	14402
6910	13835
7211	14249
6940	14130
6672	13706
7795	14401
7553	14585
7059	14401
6949	13690
6910	13824
7604	14356
6660	13901
7666	14570
7646	13801
7187	14458
7669	13824
7062	14148
7308	13824
7578	13770
7117	13757
6738	14284
6797	14401
7896	14694
7355	14663
7439	13770
7851	13755
7896	14145
7433	14372
7414	13885
7159	13815
7159	13815
6912	13770
7774	13841
7898	14434
7423	13835
7625	13824
7059	14287
6754	14257
7097	13857
7253	13817
6756	14292
7059	14628
6779	14145
7907	14268
7331	14401
7810	14162
7134	13885
6787	14023
7892	14248
7647	14274
7813	13824
7709	14206
7160	13994
7209	13770
6902	14401
7515	14252
6785	14279
7898	14458
7174	14664
7003	14480
7290	14458
7368	14641
7251	13744
7339	13801
7315	14401
6960	14214
6888	13835
7471	13974
6877	14192
7251	14307
7604	13901
7433	14372
6940	13712
7319	13695
7475	14694
7252	14207
6847	13824
7405	14137
7382	13826
7115	13847
7291	14148
7444	14401
7575	14598
7036	13859
7391	14178
6940	14144
6772	13770
7575	14111
7594	14458
6832	13901
7485	13901
7074	14252
7631	14694
7814	13994
7589	14169
7043	13801
7360	13853
6986	13859
7553	13856
6663	13706
7820	14307
7085	13921
7669	13801
7471	14510
7458	14585
7429	14341
7781	14475
7133	13702
7802	13819
7036	14129
7542	13801
7149	13770
7892	14016
6877	13726
7396	14316
7178	14400
7332	14458
6789	14433
7575	13826
7207	14111
7691	14403
6846	13726
7614	14458
7619	13823
6772	14663
6987	14567
7059	14601
6910	13824
7253	13801
7458	13801
6682	13835
7134	14195
7594	13801
7025	13871
7270	14473
7133	14694
7505	13901
6921	13768
7471	14124
7902	14401
7669	13901
7761	13847
6895	14434
6914	13726
7868	14694
7777	14267
7756	14517
6880	14148
6877	14145
7592	14626
7809	13924
7059	14460
7701	14178
7883	13994
7059	14111
7575	14402
7665	13910
6662	14561
7795	14694
7413	14072
6718	14695
6872	14160
7382	13901
7544	13697
7646	13901
7094	14694
7159	13908
7149	14458
7189	14261
7907	13885
6847	14252
7434	14252
6872	14178
7192	14326
7575	14373
7892	13824
7280	13722
7818	14111
7256	13770
6738	13922
7896	13994
7134	13760
7669	14426
7249	14178
7278	14694
7331	14252
7907	14373
7322	14694
7160	14236
6753	14346
6845	13666
6993	14456
7647	14179
7325	14252
7202	13668
7575	14562
7594	14358
6909	14694
7313	13801
7770	13854
7611	13856
6770	14278
7896	13726
7397	13946
7410	14271
7774	14567
6772	14458
7471	14622
7896	13826
7804	14401
6836	13824
7286	14663
7728	14207
7176	14318
7471	14003
7406	14143
6923	14694
7284	13994
7441	14163
7594	14148
6754	13901
6666	14694
7892	13824
6910	14252
7290	14178
7559	14493
7697	14358
7433	14130
7176	13835
7253	13994
7523	13706
6712	14694
7594	13695
7346	14663
7036	14227
7471	14044
6655	14544
6839	14214
7471	14663
6993	14608
7134	14178
6993	13901
7539	14221
7045	13901
7431	14429
7691	13801
6696	13764
7433	14111
7059	14285
6963	14178
6847	14252
6959	13901
7187	14140
7475	13801
6694	13770
6993	13801
7701	14077
6937	14641
7916	14223
7757	14490
6702	14191
7107	14356
7485	13676
7915	14382
7143	13801
7365	14458
6747	13901
7332	14373
6872	14148
7417	13726
7514	14694
6907	13694
7221	14356
7166	13972
7845	14450
7382	14535
6877	14341
7575	13838
7575	14565
7332	13770
7433	14401
7214	14687
6941	13859
7467	14663
7809	13901
6872	14458
7581	14458
6932	14637
7665	13815
7839	14694
7083	14401
6968	14401
7130	13774
7185	14562
7809	13901
6715	14694
6662	13726
7584	14010
6805	14137
6940	14280
7157	14287
6768	14561
7739	14401
6728	14265
7560	14206
6675	13732
6728	14401
7725	13816
7733	14360
7917	13824
7692	13901
7660	14401
7281	14111
7546	14490
7330	13726
7471	14584
7406	14401
7385	14084
6963	14356
7611	13885
7809	13726
7852	13994
6907	13726
7502	14366
7077	14336
6691	13901
7570	14401
6940	14383
7480	13924
7907	14434
6940	13817
7795	13824
7382	13901
6993	13757
6968	14641
7058	13901
6907	14236
7554	14252
7166	13924
7278	14252
7604	14080
7665	14287
7155	13768
7769	13801
7832	14129
7879	13862
6978	13755
7575	13726
7907	14580
7692	13757
7907	14660
7852	14493
7286	14171
7665	13853
6754	14124
7252	14429
7285	13726
7625	13824
7134	13770
6759	13817
6772	14148
7052	13901
7564	14588
7669	14406
7669	13746
6911	14401
7389	14401
7506	13838
7078	13917
7331	13824
7710	14434
7806	14268
7384	14543
7059	14472
7890	14694
6846	14687
7036	13806
6659	14663
7656	13731
7421	13838
7775	14289
7193	14637
7471	13726
7140	13823
7471	14678
7906	13933
7604	14158
7331	14252
6859	13740
7130	14401
7247	14636
7564	14401
6877	13835
7798	14337
7025	14252
7590	14221
6931	14163
6976	14694
7065	14694
6822	13901
6877	14217
7706	14254
7471	14111
7748	14357
6993	14694
7692	13824
6814	14458
6940	13835
6744	13901
7123	14117
7151	13901
6788	14341
6827	13901
6754	14427
6980	13737
7251	13885
6665	13770
6880	14434
7230	14186
7710	14145
7589	14401
6872	13897
7182	13901
7166	14694
6918	13726
7014	14337
7669	14206
7892	13901
7529	14238
7149	14337
7667	14407
7059	14148
6980	14113
6907	13694
7896	13726
7539	13994
7433	13901
6907	14641
6880	13698
7433	14480
6940	14207
7090	14469
7275	14375
7644	14674
6907	13912
7739	14618
6976	14230
7252	14248
6940	14268
6861	14278
7291	14663
6749	13835
7581	14664
7691	13817
7036	14148
7581	13901
7160	13835
7188	14401
7036	14542
7897	13757
7892	13791
6976	13854
7642	14280
7386	14356
7052	13824
6861	14278
7102	14191
7687	14663
7482	14397
7617	14401
7534	14248
7114	13824
7669	14111
6909	14111
7475	14694
7188	14401
7669	14480
7832	14642
7892	14626
6949	14326
7004	14084
7335	14252
6953	14675
7589	13994
6657	14254
7511	13943
7273	14080
6941	13954
7743	14347
7682	14401
6784	13770
6940	13817
7647	14585
7269	14500
7059	13976
7062	13901
7575	14252
7192	14252
7036	14538
7913	14458
6909	13838
7254	13768
7554	14622
7686	14401
7057	14068
7234	14396
7056	14148
7172	14080
7892	14093
7278	14694
6870	13764
7015	13824
6963	14458
7906	14377
7163	14663
7386	14307
7692	13972
7166	13901
7209	14663
7345	14592
6877	14631
7594	14171
6974	13770
7649	14148
6870	13816
7894	13901
7665	13901
6898	14434
7059	13994
7892	14248
7170	14336
6686	14395
7036	14475
7262	13757
7653	13885
7133	14287
7164	14207
6998	14663
6683	14242
7225	13932
7306	14458
7017	14615
7457	13725
7800	14383
7464	13817
7271	14457
7863	14221
7840	14077
7592	14571
7094	14694
6907	13994
6767	14397
7703	13835
6882	14221
7312	14325
7262	14490
7303	14458
7827	14187
7471	13768
7036	13801
6796	14252
7543	13901
7133	14420
7503	13770
7596	14588
7604	14137
7110	14216
7163	14458
6652	14287
7705	14401
7529	13770
6973	14401
7896	14516
7471	14380
7642	14669
7417	13726
7303	14663
7907	14458
7665	14287
7647	13885
7297	14522
7315	14287
7635	14174
7773	14111
7589	14111
7089	13829
7857	13764
7774	14253
6877	14458
7134	14148
7706	14254
6907	13726
7787	13676
7557	14148
7682	14601
6832	14401
6897	13774
7560	14401
7830	13952
7182	13901
7471	13924
7187	13770
7471	13838
7368	13726
7059	14080
7310	13772
7032	14458
7594	13782
6941	13961
7018	13835
7536	13885
7775	14458
7278	14401
7433	13972
7099	14570
6882	13994
7188	14694
6791	14539
7240	14145
6785	14690
7691	14148
7270	14537
7704	14335
7527	14252
7159	14287
7665	14075
7667	14562
7312	14401
6872	14113
7382	14145
7003	13824
7396	13901
7360	13853
7863	13994
7512	13942
6993	14124
7553	14695
7380	14480
6877	14381
6702	14543
7576	13726
7059	13824
7278	13901
7296	14148
7381	14093
7040	13801
6832	13801
7059	13979
7907	14694
6923	14252
6877	14373
7181	13801
7253	14383
7847	13901
7266	14669
7079	14694
7554	13901
6836	14401
7575	13726
7471	14130
6753	13770
7435	13994
7059	14137
7287	14663
7782	14401
7059	14694
7415	14401
7433	14443
7539	14631
7548	14567
7293	14434
7030	14026
7278	13764
7130	13824
7471	14642
6872	14307
7270	14429
7003	13924
7466	14252
7722	14307
6865	14252
7129	14080
6877	13910
7471	14068
7896	13835
6673	13751
7431	14429
7431	14287
7059	13801
6754	14252
7796	14409
7604	13770
7584	13817
7182	14325
6817	13801
7797	14252
6941	13760
7004	14084
6662	14111
7883	13736
7433	13824
7133	13757
6800	14401
7386	14472
6685	13801
7189	14370
7471	14401
7892	13829
7464	14185
6817	13994
7198	14184
7178	14400
7386	14274
6940	14695
6836	13829
7471	14641
6907	14641
6982	14111
7581	13961
7249	14458
7742	13678
6799	14407
7433	13835
7416	14648
7086	14060
6865	13726
7669	13994
7324	14401
7252	14280
6662	13901
7429	14641
7669	14102
7581	13901
7892	14034
7355	13770
7669	14111
6832	14152
7763	14131
7609	13835
7303	14401
7278	13763
7873	13965
7794	14695
6733	14148
7543	13768
6901	14678
7052	14338
6897	14694
7522	13994
6669	14282
6993	14252
7612	14277
7387	14307
7414	14358
7417	13824
6793	13770
7852	13768
7789	14293
7328	13817
7852	14248
7896	13912
7342	14695
7265	14419
7303	13789
7582	14643
7647	14401
7457	13768
6940	14204
6993	14114
7697	14624
7185	14082
7133	14178
7036	14171
6987	14567
7299	14605
6697	14000
7010	14588
7182	14124
7589	14490
7036	14637
7278	14617
7647	14458
7278	13924
7589	13768
6758	14071
7312	14694
7703	14695
7896	14588
7423	14204
7360	14517
7079	13824
7284	13994
7747	13901
6940	14234
6883	13792
7805	14356
7850	14214
7593	14694
7333	14663
7059	14472
7732	13817
6714	14401
6907	14588
7866	13896
7579	14663
7228	14468
7023	13801
7145	14543
6916	14409
7844	14252
7059	14082
7059	13826
7127	14214
7471	14144
7471	14018
6698	13835
6676	13676
7187	14373
7881	14401
7354	14458
7133	14506
7173	14111
7346	13734
6870	13901
7831	14458
7557	14143
7604	14663
6832	14316
6872	13909
6972	14585
7774	13757
7052	13834
7414	13782
6862	14254
6872	13859
7303	14458
7223	14585
6818	13901
7144	13709
7258	14458
7059	14252
6977	14145
7575	14401
7059	13829
6837	14484
7709	13901
7604	14148
6787	13801
7386	14401
7411	14252
7431	14207
7074	13936
7892	14432
7185	14111
7004	14428
6907	14248
6870	14401
7059	13825
7382	14401
6798	13901
7553	13801
7521	14345
7736	14268
6907	13768
6995	14663
6877	13815
7059	13835
7166	14401
7630	14296
7647	13770
7240	14221
7708	13738
7661	13824
6854	13789
7600	14178
7188	13706
7667	14401
7504	14391
6653	14140
7036	14476
7278	13801
7640	13835
7538	14111
7471	13859
7180	13994
7521	14694
7690	13801
7059	14206
7701	14694
7258	14664
7703	13908
7642	13901
7422	13689
6980	14148
6790	13861
7770	13801
7133	13901
7669	14588
6932	14611
7195	13969
7770	14206
7028	14083
7270	14084
7255	13901
7278	14601
7471	14566
7471	14311
6877	14317
7433	14252
7906	14401
7059	14601
6977	13835
7108	14673
7471	13924
7514	14252
6798	13824
7888	13988
7892	13694
7691	14514
6883	14356
7457	14280
7133	14207
6980	14080
7763	14131
7709	13913
7321	14401
7128	14252
7257	14561
7230	14155
7464	13801
7896	14189
6817	14493
6681	14695
7249	14356
6704	14111
6964	13824
7105	13772
7557	14143
7132	13976
7133	13824
7291	14080
7665	13681
7892	13994
7647	14272
7382	14546
6980	13801
6941	14458
6907	13835
7286	14002
7471	14631
7386	14663
7035	14148
7471	13835
7890	14631
7892	13726
6720	13824
7907	13717
6688	13801
7174	13718
7003	14401
6877	13835
6907	14285
7892	13770
7059	14493
6940	14560
7429	13715
7313	13901
7735	13864
7907	14140
6832	14252
7372	14145
7784	14525
7012	14622
6800	14207
7665	13874
6691	14525
6923	13972
7141	13994
6733	14356
7894	14694
7669	13901
7004	14429
7471	14252
6799	14461
7457	13695
7892	13745
7471	14148
7146	14466
7040	13801
7036	14663
7916	14148
7228	14148
6740	13726
7382	14687
6784	13698
6940	14234
7270	14287
7709	14401
7059	14236
7907	14424
7665	14243
7251	14299
7355	14219
7564	13824
7134	14268
7669	13676
7564	14111
7185	14694
7011	13994
6901	14694
6684	14663
7367	14401
7903	13967
7316	13770
7206	13824
7431	13815
7870	14509
6973	14401
6717	14575
6895	13851
7370	14111
7492	14148
7067	13698
7101	14418
6817	14499
7595	13976
7511	14622
6980	13846
7711	14543
7100	13801
7559	13994
7342	13835
7594	13695
6773	14130
6772	13770
6737	14401
6913	14579
6935	13865
6930	14110
7589	14252
7436	14111
7795	13901
7766	13901
6836	14252
7003	13801
7909	13980
7095	13755
7433	14694
7896	13901
7223	14585
7700	14268
6944	14622
7382	13995
7872	14345
6726	14412
7465	14252
7657	14356
7471	14074
7892	14003
6712	14252
7907	14660
7806	13770
7059	13768
7545	13770
6742	14252
7907	14261
7687	14663
7527	14601
7471	14276
7290	14345
7575	13972
7515	14694
7916	13695
7604	14137
6850	13924
7151	14397
7433	14694
6763	13770
7667	14407
7130	14694
6966	14345
7686	14401
7471	14365
7565	14578
7382	13948
7663	14663
6949	14252
6860	13770
7358	14178
7253	14129
7291	14458
7270	13853
7189	13772
7892	14050
7453	14562
7738	13746
7831	14356
6953	13920
7286	13695
7433	13901
7907	14434
7662	13933
7134	13717
7118	13738
7177	13901
7291	14458
7059	13770
7414	14526
7896	14493
7375	14233
6940	13901
7795	14694
6798	14694
7333	13801
7717	14035
7382	13797
6907	14401
7892	14252
7231	13823
6760	13892
7044	14364
7100	13801
7133	14111
7471	14694
7705	14003
6693	14145
7018	14687
7907	14624
6768	14561
7686	14229
7705	14490
7709	13940
7248	14287
7059	13938
7270	13853
7059	14003
7249	14356
7216	14628
7775	14289
7159	14429
7907	14663
7013	14401
6733	14548
6652	13853
6754	14124
7892	13702
6898	14434
6940	13781
6894	13801
6877	13801
6817	13709
7166	14252
7708	13912
7536	14480
6717	14575
7691	14492
7665	13853
7134	13744
7640	13835
7159	13853
7163	14663
7491	14129
7457	14341
7079	14252
7293	14256
7520	14325
6832	13901
6661	14458
7386	14307
7214	14687
7611	14358
7868	13901
7333	14663
6976	14206
7774	14694
7647	14394
6792	14208
7564	13824
7569	13801
6907	14145
7052	14252
7031	14259
7159	14429
6772	14113
7868	13901
7397	13997
6737	14616
7817	14252
6940	14492
7718	14622
6872	14178
7914	14034
7441	13848
7319	13888
7896	14561
7594	14148
7915	13766
6993	13824
7290	13792
7321	14694
7665	14207
7320	14694
7182	14221
7182	14252
7355	13885
7485	14206
7538	13901
7472	14401
7564	14252
7575	14401
7074	14401
7774	14694
7846	14543
7007	14316
6728	13924
7235	14401
6704	14201
7758	13901
7343	14252
7036	14279
7576	14631
7433	14384
7805	13770
7204	14014
6782	14355
7000	13953
7706	13864
6785	14356
7367	14694
7149	14458
6910	14561
6879	14287
7382	14588
7603	14552
7599	14111
7475	14401
7133	14401
7567	14599
7260	14401
7907	14307
7896	14401
6879	14287
7564	14694
7291	14113
7554	13901
6685	13817
7386	14148
7720	13859
7254	13994
7770	13672
6930	14221
7284	13768
6832	14252
7406	14458
6993	13702
7892	14601
6662	13768
7907	14001
7187	14458
7529	14613
6940	14129
7665	14420
7382	13995
7747	14206
7575	13764
7406	13770
6677	14608
7892	13706
7229	14426
7676	13706
6940	14418
7892	14694
6868	14585
7647	13695
6735	13770
7669	14207
7414	14358
6653	14148
7134	13789
7429	13768
7018	13901
6980	14373
7739	13824
7907	14386
7433	14622
7669	13771
6819	14401
7719	13695
7346	14279
6674	14353
6772	14660
7835	14297
6829	14279
7592	14626
7315	14097
7004	14059
7291	14373
6877	13768
7757	13801
6794	14356
6766	14252
6879	14517
7382	14401
7665	14243
7295	13835
7382	14631
7691	14234
7312	13994
7584	13817
6653	14036
7379	14254
7594	14585
6940	14150
6861	13901
7896	13759
7587	14004
7869	14206
7273	14002
7382	14694
7342	14129
7216	14439
6776	13757
7855	14178
6863	13835
7907	14664
6725	13994
7892	14687
7283	14683
7076	13692
7725	13726
7078	14008
7423	14412
7036	14663
6980	13770
7312	14285
7907	14458
7795	14401
6877	14695
7257	13801
6871	14148
6653	14356
7692	13972
7334	13835
7610	14587
7647	13801
7691	14356
7382	14252
7292	14479
6841	14149
6980	14401
6740	14631
7476	14148
7892	13801
7416	13726
7089	13986
7907	14373
7575	14694
7295	14129
7892	14170
7907	13770
7589	13801
6864	14663
7209	14401
7457	14319
7700	13868
7181	14631
7290	14458
7382	14694
7878	14680
7370	14694
7507	14148
7604	14374
7521	14080
7218	14401
7653	13770
7641	13824
7174	14229
7675	14172
6940	14412
7898	14458
7429	14641
7290	13792
6846	13948
7040	14383
7589	13694
6940	14401
7589	13768
7382	14380
7229	14426
6774	13829
7883	13746
6999	13757
7089	13829
6999	13952
7382	13912
7364	13719
6658	14287
6907	14493
7898	13846
7187	13679
7575	13824
7133	13835
7690	14261
6894	14493
7913	13685
7314	14458
7529	14409
6877	14401
6911	14401
6883	13770
7207	14252
7464	14234
7604	14113
7176	13835
7003	14694
6966	14345
7254	13994
7471	14122
7647	13885
7915	14401
6686	14663
7320	14694
7185	14401
7471	14014
7527	14252
7185	14111
7649	14148
6974	14148
7160	13912
7460	14249
7471	13994
7036	13717
6849	14252
7691	13946
7604	14356
7734	13949
7133	13853
7710	14663
7293	14261
7508	13780
6980	13961
7669	14122
7135	14252
7134	14356
7134	14087
7059	13768
7513	14344
8245	14826
8479	15327
8722	15407
8782	15241
8350	15287
8532	15013
8046	14883
8311	14796
8184	14735
8403	15407
8068	14735
8560	14835
8640	15403
8027	15575
8564	14924
8219	15075
8307	14792
8560	15115
8198	15115
8702	14750
8298	14857
8811	15378
8223	15010
8108	14714
8115	15263
8017	14737
8048	15101
8559	15066
8234	15072
8732	15234
8347	14910
8667	15101
8347	14859
8108	14718
8630	14792
8629	15492
8190	14792
8108	14796
8740	14737
8179	15364
8180	15209
8500	15115
8556	14826
8692	15442
8052	15101
7955	15374
8245	14737
8119	15480
8344	14917
8347	15377
8046	14714
7963	14735
8513	14924
8349	14947
8167	15407
8385	14773
8229	15469
7978	14756
8111	15234
8041	14829
8347	15346
8659	14773
8289	14826
7979	15115
8080	15366
8246	14737
8535	15312
8036	14737
8264	14737
8697	14792
8596	15491
8450	15214
8348	15346
8349	14735
8105	15030
8152	14940
8628	14836
8420	14917
8252	15250
8344	14917
8435	15468
8474	15428
8775	15047
8560	15475
8535	15312
7971	14917
8435	14917
8721	15327
8625	15284
8740	14796
8353	14826
8444	14917
8291	14735
8179	15346
7972	15250
8305	15168
8435	14737
8803	14707
8435	14714
8504	15346
8382	14721
8393	15115
8340	14762
8578	14851
8095	15575
8710	15016
8716	14773
8209	15137
8504	14796
8184	15080
7931	14792
8405	14825
8407	14763
8788	14975
8776	15303
8347	15476
8105	15023
8769	15346
8029	14818
8669	14917
8341	15101
8490	14725
8815	15462
8108	15551
8059	14917
8711	14737
8718	14721
8740	14826
8311	15346
8195	14905
8560	14773
8125	14735
8354	15087
8694	15419
8456	15569
8246	14917
8745	14699
8213	15289
8146	14989
8046	14826
8311	15403
8131	14857
8340	15250
8289	14924
8092	15407
8763	15346
8211	15211
8578	14851
8347	15214
8020	15053
8316	15346
8168	14931
8041	14829
8345	15381
8016	14976
8105	15044
8300	15170
8757	15346
8396	15381
8821	14900
8155	14826
8718	14792
8335	15430
8109	15048
8798	15389
8561	15297
8599	15387
8344	15430
7950	15101
8344	15193
8302	14932
8196	15009
8477	14872
8016	14793
8078	15493
8530	15229
8020	15214
8467	14784
8740	15037
8560	14792
8409	15493
8078	15402
8146	15569
8740	15066
8795	15566
8636	15346
8060	15546
8668	14857
8095	15288
8273	14714
8467	14785
8256	15101
8178	14826
8055	14977
8564	15415
8504	14737
8165	15144
8060	15115
8795	14735
8052	15143
8108	14826
8457	14737
8261	14878
8713	15524
8436	15016
8052	15327
8497	15177
8829	15528
8534	15327
8344	14737
8691	15115
8146	14793
7978	14756
8745	15425
8587	15041
8285	15167
8795	15220
8782	14792
8273	15551
8101	14941
8308	14794
8717	15013
7997	14708
8636	15346
8782	15013
8717	14966
8435	14854
7969	15564
8340	14762
8294	15063
8167	15448
8811	15378
8740	14767
8560	14762
8560	14826
8091	15116
8249	15407
8344	15454
8649	14900
8443	15183
7930	14702
8344	15183
8073	15268
8340	15407
8316	14737
8694	15101
8162	14762
8040	14737
8095	14849
8020	15214
8759	14722
8117	15066
8484	14914
8795	15250
8435	15234
8219	15209
8198	15264
8625	15407
8821	14855
8443	15346
8722	15010
8331	14883
8308	14737
8513	14826
8762	15023
8745	15172
8052	15115
8311	14917
8743	15575
8504	15101
8052	14792
8405	15049
8098	15115
8453	15040
8505	14924
8413	15091
8740	14793
7933	15115
8435	14849
8782	15321
8518	14857
8472	14762
8740	14815
8468	15253
7958	15244
8528	15149
8070	15529
8052	14984
8745	15190
8424	14993
8795	15115
8722	15387
8673	15101
7949	15575
8096	14857
8218	14699
8435	15214
8564	14793
8108	15083
8596	15394
8419	14764
8095	14826
8554	14978
8517	14761
8335	15095
7987	14737
8732	15524
8052	14773
8513	14957
8142	15298
8108	14737
8319	14964
8108	14917
8685	15236
8190	14792
8435	15211
8115	14715
8795	15190
8403	15407
8434	15218
8653	14823
8036	14849
8782	15241
8074	14819
8622	15575
7971	14737
8198	15023
8146	15411
8166	15222
7921	15010
7991	15575
8060	15546
8089	15091
8513	14917
8435	15346
8058	14847
8634	15385
8409	14855
8622	15575
8344	15359
8347	14826
8740	15236
7970	14747
8740	14735
8601	15327
8800	15543
8513	14924
8105	15023
8347	15346
8348	14773
8392	14826
8095	15167
8795	15244
8821	15191
8098	14826
8745	14917
8354	15234
8773	15482
8146	15377
8477	14824
8179	15190
8108	15529
8479	15407
8617	15384
8782	15115
8640	14900
8709	15113
8732	15524
7975	15303
8406	14826
8108	15430
8316	15458
8073	15575
8259	15021
8538	15157
8016	14880
8065	15184
8027	15469
8273	15551
8553	14735
8319	14917
8347	15316
8301	15070
7980	14878
8463	15023
8184	14773
8074	14819
8036	15112
8412	15242
8078	14735
8300	15346
8768	15572
8420	15468
8560	15382
8258	14853
8821	15407
8038	14849
8724	15523
8405	15491
8108	15141
8596	15349
8405	14880
7933	14993
8809	15053
8792	14735
8354	15551
8435	14854
8169	15436
8017	15005
8099	15062
8405	14917
8740	15232
8430	14971
8427	14702
7971	15394
8760	15170
8347	15234
8078	15220
8044	14850
8108	15384
8435	15115
7918	14737
8059	14924
8500	14857
8344	14737
8046	15403
8435	15417
8104	14932
8517	14917
8354	14824
8770	14740
8137	14773
8655	14792
8745	14917
8343	14764
8078	14955
8132	14812
8017	15455
8435	15427
8548	15010
7918	14714
8795	15367
8540	15115
8776	14762
8473	15384
8179	15190
8740	15232
8098	15010
8690	15230
8125	14735
8421	14827
8086	14944
8377	15395
8795	14792
8296	15346
8595	15110
8137	15101
8341	14735
8801	15321
8363	15346
7940	14762
8405	15575
8801	14932
8422	14737
8290	15482
8718	15567
8340	15101
8745	15115
8405	15378
8017	15575
8229	14737
8477	15206
7947	15115
8201	15508
8229	14718
8179	15575
8472	14826
8556	14799
7924	15463
8146	14826
8742	15575
8538	15566
8406	15018
8405	14745
8795	14826
8760	14890
8306	15249
8227	14762
8560	14792
8104	15407
8387	15074
8182	14792
8812	14958
8085	15050
8776	15303
8496	15532
8733	15485
8052	14773
7971	14793
8108	15529
8130	15053
8541	14792
8267	15255
8504	14853
8795	15220
8813	15399
8078	15116
8795	14792
8347	14857
8354	14857
8146	15010
8204	14876
8740	15346
8472	14826
8795	14900
8052	14755
8782	14721
8704	14713
8560	15101
8009	14792
8298	15165
8214	15234
8344	15350
8016	14793
8661	15176
8636	14737
8393	14773
8487	14764
8817	14826
8078	15407
8344	14826
8636	15095
8487	14963
8256	14969
8017	15455
8474	15428
8487	14917
8505	14917
8163	14714
8300	14737
8673	15116
8477	14824
7971	14794
8052	14735
8386	15476
8560	15346
8723	15407
8148	15234
8740	15510
8229	14917
8755	15499
8594	15234
8782	14917
8354	14826
8745	15165
8435	15458
8357	15454
8046	14917
8560	14699
8386	14793
8483	14826
8298	15216
7971	14917
8052	14851
8560	14926
8640	15384
8046	14714
8092	14813
8443	15066
8477	15465
8344	14714
8452	14704
8463	15023
8435	15381
8089	15091
8561	14841
8803	14792
8137	15407
8740	15576
8300	14737
8349	15115
8581	15246
8791	15575
8134	15524
8240	15095
8046	14847
8751	15013
8659	15115
8195	15006
8590	15232
8095	14793
8821	14735
8388	15084
8497	15472
8560	14927
8036	14793
8234	15234
8795	15010
8252	14737
8110	15472
8745	15216
8640	15384
8282	15046
7989	14917
8679	15030
8556	15346
8808	14737
8795	14768
8740	15474
8195	14729
8649	14855
8089	15164
8738	14917
8409	15101
8340	14792
8365	14917
8020	15519
8746	15170
8344	15491
8409	15502
8561	15234
8344	15145
8813	15016
8732	15201
8060	15034
8436	14826
8435	15067
8649	14855
8073	15211
8795	15549
8805	14880
8637	15122
8022	14762
8564	14793
8753	15423
8745	15426
8479	14900
8405	14719
8576	14761
8509	15508
8723	14735
8146	14735
8717	14966
8479	15327
8405	14737
8761	15149
8109	15234
8229	15415
8431	15219
8146	15232
8639	14794
8782	14826
8040	15482
7971	15111
8354	14917
8720	15128
7970	15156
8291	15115
8484	14914
8560	15000
8657	15152
8616	15234
8755	14792
8198	15214
8300	14796
8347	15476
8800	14735
8477	14771
8286	15250
8435	15491
8354	14793
8277	14735
8745	15023
8564	15575
8737	15575
8513	15339
8130	14699
8098	14857
8490	14826
8409	14792
8341	14726
8045	14721
8170	14968
8435	15508
8625	14762
8344	14847
8344	14711
8342	15106
8146	15569
8405	14764
8570	14917
8052	15115
8779	15551
8344	15575
8435	15333
8193	15013
8075	14714
8252	14792
8502	15281
8800	15115
8513	15293
8545	14709
8134	15524
8578	15096
8095	14944
8052	15537
8078	14855
8016	15211
8488	14924
8496	14840
8273	14737
8489	15345
8443	14737
8108	14796
8199	15575
8740	15142
8729	15157
8436	14702
8045	14946
8042	15376
8072	14793
8046	14709
8078	15407
8497	14917
8044	15482
8398	14849
8036	14793
8291	15250
8388	15013
8719	14923
8740	14853
7985	14737
7958	15109
8816	15573
8409	15088
8435	15508
8238	15210
8193	15013
8826	14728
8767	14737
8155	14826
8234	15297
8311	14714
8053	14792
8550	15392
8078	14792
8740	15381
8477	15234
8346	15292
8402	14714
8578	14773
8788	15138
8078	15010
8477	15234
8560	14786
8167	14846
8348	14737
8031	15003
8143	14917
8227	15101
8289	15058
8698	15346
8393	15115
8561	15234
8718	14826
8316	15346
8354	15524
8311	14764
8472	15101
8040	14826
8623	15214
8347	14737
8184	14780
8602	14737
8311	14737
8229	15391
8079	14849
8186	14945
8267	14764
8105	15264
8524	15245
8746	15489
8356	14741
8348	15189
8751	15115
8460	14864
8130	14817
8073	15476
8234	14827
8108	14714
8016	14880
8804	14792
8354	14827
8146	15340
8109	14827
8046	15430
8474	15508
8740	15049
8063	14988
8472	15327
8146	14826
8405	14745
8146	14880
7970	14747
8526	15356
8821	14735
8776	15101
8473	15384
8108	15346
8015	14735
8729	15038
8146	14786
8036	14737
8600	14759
8691	15566
8560	14834
8639	15430
8560	14828
8278	14735
8130	14960
7945	15381
8420	15250
8712	15205
8516	15237
8229	15391
8467	15382
8404	15575
8732	14721
8370	15035
8544	15352
8349	15250
8369	14762
7995	15192
8388	15084
8145	15115
8078	14735
7945	15346
7992	14766
7971	15394
8090	14857
8109	14933
8101	14941
8386	15575
8651	15434
8382	14721
8347	15195
8116	15101
8760	15101
8052	14826
8393	15186
8558	14747
8822	14889
8134	15201
8382	14826
8256	15387
8420	14947
8560	15167
8435	14826
8146	14737
8341	15169
8732	14917
8472	15170
8737	14857
8732	14827
8016	14976
8745	15127
8435	14826
8714	14826
8386	15476
8233	15242
8496	14840
8470	15283
8106	15115
7918	15346
7921	15218
8556	15427
8146	14735
8202	14826
8435	14764
8130	15575
8420	15215
8344	14714
8625	15101
8131	15322
8311	14857
8250	15232
8519	15115
8344	15066
8477	15509
8291	14735
8564	14737
8443	14737
8449	14714
8347	15236
8435	14737
8241	14998
7931	15218
8078	15567
8307	15101
8358	14790
8327	15167
7918	14917
8317	15346
7918	15572
8125	14773
8098	14792
8459	15238
8412	15575
8146	15378
8291	15250
8073	15428
8291	15101
8291	14762
8669	14737
8211	15476
8008	14789
8549	14851
8795	15182
8529	15301
8098	15245
8405	15568
8617	15384
8403	15340
7970	15116
8772	15273
8776	15101
8444	14917
8146	15115
8487	15184
8227	15101
8344	14796
8409	14855
8004	14917
8099	15062
8341	14735
8075	14714
8245	14737
8610	14737
8435	14924
8684	14773
8410	15126
8167	15491
8539	15156
8397	14966
8089	15346
8146	15575
8018	14917
8745	15023
8791	14791
8386	15439
8740	14826
8560	14832
8739	14769
8020	15115
7996	14793
8078	15346
8169	14826
8078	15010
8224	15309
8354	15167
8409	14735
8556	15482
8232	15551
8716	14792
8172	14935
8395	15016
8234	15297
8122	15216
8561	15524
7943	14847
8755	15016
8413	15346
8405	15121
8481	15569
8227	14762
8344	14849
8635	15349
8405	14826
7956	15421
8822	15101
8354	15234
8501	15364
8718	15220
8316	15430
8325	14942
8420	14924
8631	15001
8782	15013
8105	15053
8419	14917
8745	14857
8823	15559
8403	15549
8740	15491
7918	15430
8571	15162
8291	15346
8741	15551
8560	15236
8020	14735
8344	15403
8655	15370
8466	14749
8409	15250
8636	14907
8383	14792
8179	14737
8745	15508
8677	15346
8219	15138
8046	15325
8037	14786
8052	14947
8234	14827
8020	14792
8386	15469
8341	15013
8115	14917
8795	15013
8695	15445
8108	15403
8472	14762
8504	15491
8669	15432
8026	15551
8064	15479
8474	15346
8784	14749
8401	15160
8716	15327
8586	15239
8423	14881
8131	14763
8237	15222
8331	14826
8318	15281
8795	15010
8347	15378
8469	15403
8556	15364
8004	15115
8737	15575
8095	15575
8128	15101
8052	15060
8669	15432
8616	14844
8781	14742
8340	15327
8910	15577
8842	15593
8897	15622
8871	15632
8845	15674
8907	15608
8869	15631
8873	15622
8894	15658
8865	15640
8897	15662
8865	15658
8885	15645
8865	15647
8880	15601
8848	15601
8865	15662
8885	15645
8843	15614
8886	15648
8843	15646
8838	15644
8874	15637
8865	15607
8869	15622
8856	15657
8855	15622
8894	15658
8888	15622
8871	15632
8874	15637
8848	15601
8859	15626
8885	15608
8843	15646
8865	15622
8865	15660
8865	15661
8913	15660
8846	15670
8885	15638
8865	15617
8874	15599
8885	15606
8897	15646
8849	15594
8907	15645
8853	15586
8867	15627
8863	15622
8867	15628
8895	15660
8842	15593
8865	15646
9026	15696
8985	15677
8972	15911
9019	15918
9047	15733
9030	15801
8955	15808
9053	15906
9055	15687
8946	15924
8982	15863
9069	15913
9018	15895
8935	15706
9044	15730
9019	15866
8982	15722
9003	15869
8947	15792
8966	15863
8941	15839
8988	15691
8934	15812
9012	15964
9014	15754
8962	15721
8953	15752
9013	15951
9024	15950
9069	15844
8930	15911
9001	15706
9021	15808
9065	15979
8976	15707
9019	15918
8980	15808
8982	15706
9019	15866
9027	15743
8956	15818
9025	15821
9003	15869
8976	15680
8981	15829
9021	15914
8935	15706
8972	15951
8981	15829
9030	15801
8987	15706
8921	15788
8945	15951
8982	15863
9055	15913
9069	15844
8946	15887
9062	15873
9002	15825
8987	15706
8942	15821
8995	15867
8973	15911
8956	15818
9022	15872
9159	16128
9075	16001
9096	16007
9095	16042
9102	16023
9105	16153
9131	16106
9082	16096
9070	16117
9137	16134
9140	16034
9122	15997
9083	16031
9094	16036
9117	16059
9144	16052
9143	16136
9090	16090
9153	16086
9159	16128
9160	16128
9140	16090
9102	16005
9107	16139
9102	16000
9129	16105
9090	16005
9121	16022
9159	16059
9129	16105
9117	16030
9070	16117
9117	16030
9153	16068
9078	15985
9161	16182
9115	16179
9097	16097
9153	16088
9092	16040
9140	16034
9153	16086
9152	16168
9139	16048
9169	16180
9084	16119
9109	16091
9144	16052
9102	16005
9099	16037
9126	15992
9117	16151
9160	16059
9072	16030
9140	16114
9090	16114
9116	16064
9165	16121
9160	16100
9104	16078
9158	16064
9123	16028
9131	16106
9140	16140
9153	16088
9078	15985
9140	16140
9092	16040
9153	16014
9073	16113
9142	16049
9181	16196
9172	16184
9175	16189
9174	16188
9182	16199
9182	16199
9178	16193
9172	16184
9183	16200
9178	16193
9179	16194
9218	16227
9217	16231
9241	16256
9249	16248
9243	16223
9217	16223
9209	16235
9243	16240
9242	16214
9218	16217
9186	16233
9230	16253
9186	16223
9216	16248
9221	16223
9206	16228
9259	16296
9212	16263
9215	16233
9234	16242
9209	16231
9215	16223
9211	16223
9206	16202
9251	16223
9216	16287
9225	16230
9199	16274
9195	16301
9207	16278
9230	16253
9240	16274
9209	16233
9239	16223
9215	16287
9210	16211
9210	16290
9237	16223
9209	16248
9262	16274
9218	16231
9206	16275
9215	16290
9203	16274
9237	16240
9225	16233
9200	16274
9206	16223
9202	16223
9189	16298
9234	16223
9195	16301
9216	16223
9210	16223
9215	16224
9257	16287
9206	16230
9216	16248
9215	16223
9232	16224
9208	16240
9188	16230
9230	16274
9227	16240
9221	16203
9216	16290
9206	16258
9215	16226
9234	16230
9234	16242
9225	16210
9246	16277
9241	16256
9210	16210
9245	16221
9199	16257
9240	16257
9217	16217
9217	16269
9222	16296
9186	16262
9195	16225
9207	16262
9215	16226
9186	16240
9259	16250
9239	16237
9262	16284
9215	16217
9215	16258
9216	16262
9215	16211
9208	16219
9212	16263
9244	16240
9249	16300
9215	16248
9249	16290
9244	16230
9215	16203
9218	16227
9262	16288
9215	16214
9192	16224
9216	16233
9216	16221
9214	16223
9216	16211
9209	16223
9243	16248
9257	16227
9212	16286
9214	16203
9245	16214
9249	16253
9225	16262
9186	16248
9257	16233
9262	16253
9217	16255
9186	16223
9260	16223
9239	16270
9237	16240
9221	16223
9251	16219
9244	16223
9206	16275
9239	16237
9242	16231
9224	16223
9209	16290
9212	16227
9234	16203
9215	16244
9215	16240
9225	16203
9209	16233
9215	16225
9240	16297
9197	16248
9227	16233
9244	16223
9199	16274
9195	16227
9212	16286
9226	16233
9240	16248
9215	16248
9215	16240
9217	16251
9214	16248
9234	16233
9206	16268
9214	16223
9195	16231
9237	16223
9223	16233
9195	16287
9217	16290
9259	16253
9214	16240
9207	16203
9252	16290
9256	16248
9225	16203
9249	16231
9222	16257
9222	16257
9215	16231
9257	16233
9255	16233
9206	16240
9215	16287
9215	16292
9257	16290
9262	16274
9193	16206
9222	16284
9232	16224
9215	16252
9242	16248
9249	16231
9204	16233
9243	16248
9234	16203
9195	16233
9234	16262
9249	16266
9226	16262
9258	16234
9228	16201
9225	16290
9206	16237
9206	16248
9217	16251
9215	16246
9216	16221
9218	16223
9207	16233
9210	16233
9238	16290
9217	16301
9241	16233
9206	16248
9249	16268
9249	16260
9206	16242
9227	16223
9199	16284
9218	16251
9206	16203
9259	16253
9196	16240
9249	16223
9215	16231
9226	16233
9195	16296
9195	16235
9244	16247
9225	16223
9195	16233
9200	16274
9578	16818
9538	16475
9292	16698
9404	16772
9578	16726
9264	16334
9544	16365
9578	16561
9359	16726
9342	16655
9527	16604
9493	16784
9501	16861
9341	16472
9546	16437
9449	16976
9341	16785
9477	16832
9306	16442
9507	16953
9539	17038
9505	17015
9360	16861
9477	16708
9543	17041
9311	16583
9306	16918
9374	16927
9557	16366
9360	16613
9497	16527
9269	16337
9439	16521
9464	16976
9360	16616
9382	16835
9436	16832
9306	16860
9272	16684
9538	16554
9477	16604
9372	16524
9548	17034
9420	16956
9578	16787
9273	16557
9288	17043
9532	16558
9359	16742
9516	16749
9426	16619
9578	17057
9367	16424
9565	16787
9409	16787
9265	16618
9332	16693
9284	16869
9360	16521
9497	16826
9264	16402
9510	17018
9360	16693
9492	16417
9359	16828
9269	16342
9264	16318
9306	16867
9342	16861
9484	16997
9298	16701
9444	16976
9426	16586
9544	16769
9578	16968
9325	16704
9360	16324
9333	16726
9312	16329
9306	16707
9273	16787
9541	17040
9591	17065
9426	16974
9264	16787
9593	16321
9360	16655
9285	16477
9510	16567
9326	16336
9509	16628
9478	16602
9477	16708
9591	16708
9300	16536
9538	16787
9533	16960
9360	16567
9264	16993
9408	16306
9443	16379
9341	16536
9433	16912
9264	16675
9472	16787
9312	16329
9463	16635
9527	16324
9384	16314
9528	16807
9414	16779
9335	16787
9316	16331
9477	16536
9557	16392
9313	16552
9279	16872
9544	16769
9426	16554
9382	16378
9544	16508
9538	16630
9367	16923
9286	16588
9577	16464
9406	16545
9539	17038
9341	16314
9403	16618
9335	16787
9436	16509
9439	16389
9538	16820
9557	16756
9420	16787
9308	16327
9329	16337
9264	16352
9456	16554
9533	16434
9360	16586
9457	16586
9302	16521
9392	16657
9447	17008
9456	16619
9540	17039
9585	16891
9487	16610
9506	16527
9420	16432
9543	16584
9524	16642
9585	16468
9478	16602
9540	17039
9449	16976
9593	16602
9491	16615
9306	16867
9537	16327
9426	16558
9547	16439
9439	16693
9529	16833
9446	16576
9328	16554
9524	16867
9286	16588
9352	16787
9408	16528
9544	16715
9283	16691
9426	16820
9538	16651
9392	16764
9524	16642
9557	16366
9292	16698
9509	17038
9282	17003
9367	16334
9495	16985
9264	16527
9565	16787
9538	16619
9522	16787
9460	16463
9544	17031
9264	16675
9441	16796
9414	16779
9308	16881
9264	16835
9264	17051
9286	16693
9433	16708
9360	16438
9294	16327
9433	16787
9510	16653
9515	16631
9270	16863
9408	16923
9478	16321
9557	16586
9534	17033
9311	16499
9355	16737
9479	16583
9407	16769
9431	16780
9578	16471
9301	16325
9484	16757
9264	17060
9524	16881
9542	16848
9264	16304
9359	16535
9557	16392
9306	16787
9544	16780
9471	16406
9366	16304
9547	16439
9315	16897
9432	16803
9517	16861
9359	16887
9376	16928
9325	16885
9538	17030
9551	16645
9341	16536
9384	16536
9521	16637
9306	16442
9359	16352
9461	16304
9292	16787
9432	16912
9542	16527
9563	17006
9563	16727
9453	16835
9386	16759
9375	16352
9280	16452
9558	16844
9269	16337
9578	16318
9544	16787
9516	17025
9333	16864
9509	16881
9448	16802
9359	16912
9266	16536
9295	16987
9447	17008
9484	16787
9426	16586
9426	16693
9354	16914
9436	16641
9538	17016
9525	17027
9326	16976
9269	16342
9359	16815
9294	16736
9433	16652
9526	16502
9477	16709
9341	16753
9288	16564
9522	17025
9439	16588
9519	16431
9351	16910
9306	16527
9331	16462
9538	16686
9532	16686
9544	16968
9528	17028
9509	17038
9302	16693
9565	16585
9306	16918
9524	16968
9359	16538
9517	16693
9409	16942
9518	16742
9510	16567
9265	16305
9509	16365
9360	16655
9403	16771
9355	16737
9566	16824
9439	16861
9316	16715
9322	16721
9576	16552
9460	16589
9542	16848
9471	16406
9484	16946
9286	16861
9311	16499
9486	16414
9542	16527
9264	16972
9426	16366
9406	16545
9528	17008
9557	16422
9317	16929
9499	16817
9367	16344
9436	16604
9310	16618
9367	16306
9275	16534
9431	16436
9516	16524
9420	16400
9505	17015
9341	16472
9501	16861
9537	16327
9359	16467
9302	16693
9273	16557
9524	17038
9426	16388
9463	16808
9510	16889
9287	16879
9497	16327
9433	16887
9325	16334
9477	16832
9360	16744
9351	16910
9329	16342
9364	16849
9340	16494
9431	16968
9522	16320
9484	16757
9392	16334
9578	16554
9381	16527
9325	16334
9570	16852
9306	16545
9448	16420
9286	16521
9387	16787
9538	16586
9550	16787
9302	16655
9284	16316
9507	16624
9326	16336
9538	16422
9266	16536
9442	16787
9300	16536
9439	16438
9511	17019
9510	16346
9562	16661
9528	16807
9538	16686
9327	17008
9328	16554
9528	17028
9304	16494
9317	16534
9524	16736
9333	16665
9264	16665
9413	16549
9501	16820
9538	16756
9379	16527
9561	16618
9591	16708
9477	17065
9364	16849
9518	16822
9465	16404
9333	16864
9325	16396
9375	16352
9477	16604
9436	17065
9325	16396
9359	16815
9476	16812
9379	16527
9576	16673
9302	16861
9359	16968
9484	16607
9308	16327
9557	16820
9435	16794
9278	16685
9433	16538
9501	16820
9325	16978
9463	16593
9298	16701
9447	16394
9449	16315
9507	16307
9500	16716
9466	16596
9527	16820
9420	16956
9504	16622
9538	16554
9419	16781
9454	16982
9393	16521
9524	16636
9360	16588
9367	16364
9565	16452
9509	16371
9458	16984
9518	16828
9341	17045
