3	5
6	6
15	36
19	44
44	101
46	103
56	111
60	126
64	133
65	135
67	140
68	146
81	182
84	192
93	210
95	213
103	219
111	230
112	232
113	234
116	243
121	257
125	265
132	275
134	281
139	285
149	307
155	316
157	320
158	321
159	322
165	334
166	338
178	362
181	370
183	377
185	382
192	388
197	405
209	422
212	433
215	440
220	461
221	465
226	470
248	542
255	553
262	560
273	583
285	617
294	630
302	644
306	656
307	659
312	666
320	672
325	682
330	696
332	698
333	703
336	708
337	709
339	714
341	715
342	717
345	722
346	724
353	736
354	743
356	749
362	763
370	778
372	781
374	787
375	788
383	812
388	818
390	822
392	824
394	828
398	837
404	847
411	861
419	871
425	880
426	883
428	892
433	905
441	926
451	956
453	957
466	985
470	996
472	998
481	1024
483	1029
484	1032
506	1059
507	1061
508	1062
513	1065
515	1068
518	1070
523	1086
524	1087
528	1091
530	1098
531	1105
534	1109
540	1117
545	1131
548	1138
550	1141
553	1142
560	1156
562	1157
566	1168
569	1175
573	1180
574	1187
576	1190
582	1199
583	1205
585	1212
592	1231
594	1233
596	1236
604	1250
613	1280
619	1291
650	1343
654	1347
655	1349
665	1370
666	1372
667	1373
670	1379
687	1415
695	1437
699	1445
704	1449
726	1492
730	1503
740	1523
742	1525
746	1527
749	1535
759	1554
764	1571
769	1585
770	1586
776	1602
780	1614
784	1631
785	1632
809	1679
812	1683
813	1687
826	1741
831	1755
832	1759
842	1790
851	1807
854	1808
861	1827
863	1834
865	1837
867	1839
883	1866
884	1868
890	1877
891	1879
893	1881
898	1886
912	1914
916	1922
918	1924
919	1928
926	1941
943	1972
944	1976
945	1978
946	1981
950	1983
965	2003
978	2049
980	2051
984	2063
998	2092
1003	2108
1012	2122
1015	2128
1016	2132
1017	2133
1027	2144
1036	2160
1037	2162
1044	2177
1048	2196
1063	2226
1068	2232
1069	2234
1070	2238
1075	2245
1078	2254
1085	2262
1092	2284
1098	2290
1101	2299
1105	2301
1108	2308
1113	2321
1116	2333
1117	2334
1123	2343
1126	2359
1129	2362
1131	2363
1135	2373
1138	2375
1141	2384
1144	2390
1150	2399
1154	2405
1162	2419
1167	2429
1168	2431
1180	2454
1181	2456
1219	2549
1239	2582
1241	2583
1249	2593
1251	2596
1256	2611
1261	2621
1262	2623
1266	2631
1267	2636
1268	2640
1283	2669
1285	2672
1313	2714
1315	2731
1316	2735
1319	2742
1321	2746
1322	2747
1337	2767
1339	2772
1341	2777
1342	2786
1348	2799
1351	2803
1355	2812
1366	2842
1370	2849
1372	2855
1373	2856
1378	2859
1380	2866
1394	2900
1404	2913
1407	2929
1412	2942
1425	2964
1432	2981
1433	2984
1436	2986
1440	3003
1442	3009
1461	3039
1468	3046
1469	3048
1473	3062
1481	3073
1485	3078
1491	3089
1493	3096
1495	3101
1507	3136
1509	3141
1511	3143
1514	3154
1516	3155
1520	3165
1532	3187
1535	3193
1542	3220
1549	3233
1553	3239
1566	3250
1571	3259
1575	3268
1576	3275
1578	3281
1584	3296
1590	3307
1595	3313
1605	3326
1610	3329
1624	3362
1632	3380
1633	3381
1634	3382
1635	3383
1638	3393
1642	3405
1644	3411
1661	3449
1663	3453
1664	3454
1665	3455
1669	3460
1681	3477
1689	3495
1692	3502
1702	3522
1709	3533
1718	3565
1721	3574
1737	3609
1746	3630
1754	3651
1759	3657
1760	3659
1767	3666
1771	3674
1776	3687
1779	3694
1780	3695
1782	3697
1787	3709
1792	3717
1799	3733
1808	3744
1810	3748
1815	3754
1821	3764
1830	3772
1831	3774
1844	3799
1849	3814
1850	3817
1853	3825
1857	3833
1865	3863
1871	3882
1881	3918
1884	3922
1893	3944
1897	3954
1911	3990
1912	3998
1914	4003
1919	4006
1922	4008
1926	4021
1927	4023
1928	4025
1930	4026
1937	4041
1945	4052
1948	4055
1951	4062
1957	4073
1960	4088
1962	4094
1969	4103
1971	4107
1979	4116
1980	4117
1985	4124
1995	4144
2006	4165
2023	4198
2024	4201
2026	4202
2032	4211
2051	4256
2058	4263
2066	4284
2076	4308
2081	4332
2082	4333
2088	4341
2096	4352
2109	4375
2114	4383
2129	4410
2134	4421
2136	4427
2142	4440
2157	4452
2161	4461
2166	4464
2171	4470
2176	4482
2183	4502
2190	4511
2194	4528
2197	4534
2199	4539
2200	4553
2204	4558
2217	4589
2219	4599
2223	4605
2224	4610
2231	4624
2236	4632
2239	4646
2247	4661
2249	4663
2255	4679
2256	4680
2266	4711
2267	4714
2278	4731
2294	4767
2301	4789
2302	4792
2306	4807
2314	4826
2315	4828
2330	4872
2334	4878
2335	4880
2340	4890
2358	4909
2373	4937
2375	4939
2384	4961
2395	4991
2401	5006
2413	5035
2415	5053
2417	5063
2426	5080
2434	5102
2437	5108
2442	5111
2445	5117
2455	5144
2459	5146
2467	5161
2469	5162
2481	5186
2482	5189
2483	5194
2490	5201
2501	5234
2507	5246
2512	5253
2521	5269
2534	5292
2536	5293
2537	5300
2554	5329
2555	5331
2558	5334
2561	5340
2562	5342
2565	5350
2567	5351
2574	5359
2581	5375
2584	5378
2587	5383
2588	5384
2590	5391
2591	5392
2592	5397
2593	5398
2595	5401
2597	5405
2598	5406
2599	5409
2604	5419
2607	5424
2615	5448
2616	5449
2625	5470
2626	5471
2632	5485
2639	5503
2642	5507
2643	5508
2651	5527
2654	5529
2657	5541
2659	5545
2667	5562
2669	5563
2673	5574
2676	5577
2679	5578
2681	5586
2682	5587
2692	5599
2715	5644
2721	5657
2729	5664
2731	5668
2733	5669
2734	5671
2737	5674
2741	5681
2745	5692
2746	5694
2748	5696
2754	5706
2759	5729
2760	5730
2768	5750
2777	5765
2780	5768
2782	5770
2794	5811
2796	5813
2805	5825
2806	5826
2817	5848
2821	5854
2826	5862
2844	5893
2847	5899
2848	5903
2865	5942
2881	5973
2893	5989
2896	5991
2898	5997
2908	6010
2919	6040
2925	6048
2930	6065
2934	6075
2936	6076
2948	6113
2951	6120
2956	6135
2958	6140
2961	6145
2972	6177
2976	6190
2978	6200
2979	6204
2985	6221
3000	6248
3012	6288
3017	6296
3024	6316
3026	6323
3028	6335
3048	6374
3049	6375
3052	6380
3074	6422
3075	6434
3078	6437
3080	6444
3082	6446
3092	6465
3096	6476
3102	6490
3103	6495
3107	6511
3126	6529
3143	6576
3145	6580
3153	6599
3157	6603
3158	6604
3177	6646
3179	6649
3182	6656
3183	6657
3193	6671
3196	6675
3197	6676
3198	6677
3200	6683
3202	6684
3204	6686
3208	6698
3209	6705
3219	6724
3225	6734
3255	6789
3266	6812
3269	6824
3274	6843
3278	6853
3279	6858
3281	6862
3282	6865
3292	6876
3300	6894
3301	6895
3302	6898
3306	6905
3319	6937
3320	6939
3329	6949
3330	6951
3331	6952
3334	6955
3335	6956
3344	6962
3346	6963
3361	6984
3367	6993
3387	7029
3392	7034
3412	7063
3414	7067
3442	7131
3443	7135
3449	7147
3452	7164
3455	7170
3461	7178
3470	7190
3480	7235
3491	7261
3506	7283
3513	7310
3521	7329
3522	7332
3523	7335
3534	7353
3535	7355
3536	7357
3557	7419
3559	7421
3561	7423
3573	7448
3583	7465
3586	7469
3588	7477
3591	7484
3594	7489
3603	7523
3605	7529
3606	7531
3612	7544
3627	7571
3631	7576
3652	7620
3653	7622
3676	7670
3687	7699
3688	7704
3691	7708
3706	7733
3708	7737
3715	7749
3719	7761
3725	7773
3726	7774
3732	7788
3747	7805
3748	7812
3751	7816
3753	7817
3765	7835
3767	7840
3773	7847
3779	7860
3793	7887
3794	7892
3798	7904
3800	7906
3808	7927
3809	7931
3817	7955
3819	7958
3820	7964
3823	7972
3826	7979
3827	7983
3831	7987
3839	8000
3845	8010
3851	8022
3855	8035
3856	8042
3858	8044
3859	8048
3864	8063
3873	8082
3877	8090
3879	8095
3880	8096
3887	8105
3899	8130
3902	8133
3905	8144
3907	8156
3917	8181
3918	8182
3932	8207
3937	8217
3938	8218
3940	8219
3944	8225
3948	8242
3952	8247
3953	8254
3968	8298
3974	8314
3976	8319
3982	8340
3983	8341
3997	8379
4006	8408
4008	8414
4015	8427
4030	8457
4043	8481
4046	8486
4050	8494
4056	8505
4059	8509
4063	8514
4071	8530
4080	8541
4081	8544
4089	8562
4114	8611
4124	8638
4126	8640
4133	8655
4136	8660
4139	8665
4140	8668
4143	8679
4144	8682
4145	8688
4150	8699
4151	8700
4160	8720
4167	8744
4181	8769
4198	8812
4204	8828
4205	8830
4210	8839
4212	8845
4217	8864
4222	8873
4236	8891
4238	8895
4247	8909
4249	8911
4250	8912
4251	8914
4253	8917
4257	8920
4264	8935
4268	8947
4275	8953
4279	8961
4288	8986
4318	9024
4320	9027
4326	9048
4330	9058
4340	9071
4346	9083
4363	9123
4366	9127
4368	9130
4372	9138
4374	9142
4377	9151
4379	9156
4390	9167
4393	9173
4395	9178
4402	9202
4404	9207
4405	9209
4409	9214
4410	9215
4424	9253
4428	9262
4433	9277
4435	9279
4447	9308
4458	9322
4455	9319
4457	9321
4673	9585
4591	9494
4505	9383
4617	9527
4983	9961
4509	9385
4484	9354
4659	9573
4646	9562
4629	9540
4593	9496
4555	9441
4751	9694
4902	9867
4718	9645
4576	9475
4736	9678
4772	9368
4796	9740
4975	9953
4697	9626
5051	10039
4935	9921
4508	9384
4957	9939
4641	9553
4836	9793
4807	9752
4681	9599
4825	9636
5023	10003
4839	9691
4808	9754
4627	9538
4771	9711
4545	9425
4806	9521
4515	9393
4563	9458
4942	9927
4897	9861
4971	9396
4699	9442
4526	9406
4888	9850
4947	9932
4536	9415
5053	10041
4692	9618
4473	9341
4598	9502
4931	9616
4785	9728
5044	9790
5060	10051
4519	9379
4655	9570
4907	9876
4552	9438
4726	9653
4482	9352
4653	9568
4613	9514
4908	9877
4626	9535
4911	9885
4794	9332
4671	9583
4746	9689
4900	9864
4920	9896
4746	9612
4788	9732
4501	9376
4994	9977
5054	10042
4787	9731
5009	9997
4843	9799
4485	9356
4945	9930
4824	9777
4910	9882
4695	9705
4735	9708
4611	9515
5041	10023
4913	9887
4482	9916
4952	9935
4949	9933
4869	9827
4755	9697
4740	9685
4568	9465
4520	9401
4769	9710
4644	9556
4598	9502
4767	9474
5000	9986
4998	9982
4856	9817
4584	9487
4580	9483
5036	10019
4831	9786
4862	9823
4508	9384
4487	9657
4481	9350
4704	9632
4561	9455
5055	10043
4832	9785
4581	9484
4881	9843
4799	9744
4685	9605
5060	10051
4667	9578
5030	10011
5007	9992
4648	9566
5034	10017
4901	9866
4797	9741
4766	9892
4786	9730
4649	9565
4728	9656
4835	9792
5035	10018
4974	9952
5025	10005
5040	10021
4466	9332
4846	9807
4811	9764
4779	9722
6183	11551
6462	11947
5777	10949
6157	11511
6356	11796
5914	11150
6307	11726
5847	11049
6538	12074
5860	11074
5656	10774
6146	11495
6338	11764
6344	11775
6086	11406
6051	11361
6021	11319
6594	11376
5986	11262
6548	12088
6170	11536
5887	11122
6273	11682
6151	11505
6552	12093
5927	11175
5703	11696
6500	12017
6466	11956
5821	11024
6175	11544
6626	12196
6445	10855
6169	10961
6045	11351
6568	12121
6283	12047
5654	10770
6456	11939
5982	11258
6362	11804
5755	10925
6645	12220
6508	12032
6077	11395
6582	12140
6376	11827
5915	11153
6299	11715
6435	11906
6081	11400
5796	10987
6179	11836
6427	11896
5680	10812
5999	11281
6472	11974
6354	11794
5959	11219
6027	11325
6209	11587
6543	12080
6042	11347
6274	11686
5702	11464
6542	12078
6113	11453
6395	11850
5981	11256
5781	10953
5685	10821
6433	11904
6501	12018
6642	12216
6246	11641
6481	11988
6224	10775
6577	12133
6321	11746
6636	12210
5806	10998
5713	10857
6058	11373
5915	11153
6288	11699
6237	11631
5895	11402
5758	10928
5770	10944
5677	10806
6046	11353
6331	11756
6279	11691
5702	11322
6436	11908
5824	11027
5970	11238
5884	11116
6105	11435
6555	12098
6530	11154
6043	11349
6199	11572
6021	11319
6646	12221
6078	11396
6482	11989
5949	11207
6250	11645
5773	10947
6336	11761
6182	11550
6534	12068
6180	11548
5783	10956
6270	11678
6096	11422
6352	11787
6038	11342
6261	11665
6048	11357
5741	10900
5657	10773
5990	11268
6401	11859
6592	12155
6141	11488
6508	12032
6206	11582
6065	11378
6576	12132
6424	11890
5903	11140
6019	11315
6192	11564
5848	11053
5694	10833
6532	12067
6512	12036
6361	11801
6230	11622
6145	11494
6052	11362
6209	11587
6612	12172
5807	11844
6001	11284
6030	11330
5841	11042
6565	12110
5899	11133
6213	11592
6268	11675
5831	11032
6324	11750
5785	10960
5887	11122
5834	11036
6320	11745
5811	11005
6536	12072
6173	12155
6485	11996
5765	10938
6600	12164
5878	11109
5786	10963
6318	11741
6073	11388
6067	11381
6552	12093
6187	11555
6145	11494
6483	11990
5948	10907
6335	11760
6011	11301
5728	10875
6110	11449
5724	10870
5730	10879
6273	11682
5961	11222
6120	11461
6551	12092
6579	12136
5831	11032
6641	12214
6160	11516
5972	11240
5909	11144
5796	10987
6065	11378
6149	11499
5786	10963
5932	11185
6399	11855
6135	11482
6106	11441
5938	11191
5827	11030
5762	10934
5869	11091
5862	11076
6511	12034
5833	11035
5874	11098
6594	11190
5910	11145
5675	11235
6244	11636
5966	11229
6591	12154
6541	12076
5881	11111
5994	11273
5652	10767
6284	11694
6631	11916
6069	11382
5725	10871
6535	12071
6426	11895
5653	10768
5761	10932
5899	11186
6272	11680
6615	11042
6295	11708
5989	11267
5933	11186
6537	12073
6350	11782
5958	11217
6438	11915
5981	11256
6034	11336
6123	11464
5690	10828
6378	11829
5684	10820
5896	11128
5846	11048
6454	11937
6338	11764
6256	11657
6532	12067
5813	11013
6129	11472
6619	12187
6084	11404
6036	11340
6237	11631
6606	12169
5772	10946
6286	11697
5682	10815
6367	11809
5920	11162
5702	12037
6327	11753
5984	11259
5945	11200
5971	11239
6240	11634
6484	11991
6154	11507
6163	11524
6430	11897
6281	11692
6298	11714
6158	11513
5715	10859
6641	12214
6349	11780
6013	11302
6056	11371
5828	11590
6432	11900
5820	11019
6304	11721
6096	11422
5774	10948
6379	11832
5676	10807
5914	11150
6488	12002
6016	11310
5967	11232
5676	11836
5678	10809
5675	11235
6297	11712
6453	11936
6643	12217
5813	11013
5840	11038
5782	12094
6351	11785
5927	11175
6195	11567
6637	12211
6406	11866
5769	10942
6111	11450
5736	10891
6088	11410
6308	11728
6128	11469
5809	11003
5740	10898
5933	11186
5876	11102
6627	11703
6264	11668
6314	11404
5819	11018
5770	10944
5877	11105
5783	10956
6375	11825
6303	11720
6529	12054
6583	12142
6350	11782
6272	11680
5878	11217
5658	12006
6511	12034
6291	11704
6291	11704
6279	11691
6608	12170
6239	11633
6150	11500
6127	11602
6637	12211
6343	11773
5761	11643
6578	12135
6042	11347
5676	11547
6620	12189
5759	10930
6578	12135
6041	11346
5719	10866
5884	11116
6154	11507
5926	11174
6349	11780
6531	12064
6541	12076
6181	11549
6451	11930
6262	11666
6186	11554
6351	11785
6425	11894
6431	11899
6373	11818
5918	11160
6534	12068
6547	12086
5713	10857
5703	10844
6344	11775
5852	11061
6165	11530
6480	11985
6187	11659
6166	11533
6252	11647
6424	11890
6163	11524
6413	11878
6418	11885
5984	11259
6072	11387
6234	11628
6450	11929
6283	12047
6537	12073
6164	11525
6650	12226
6333	12219
5710	10853
5869	11091
5924	11170
6172	11538
5925	11171
5896	11128
6512	12036
6249	11644
5739	10899
6019	11315
5788	10968
5732	10883
5681	10813
5964	11227
6584	12143
5778	10950
6008	11295
5843	11044
6517	12042
5738	10897
6149	11499
6328	11754
6109	11444
5893	11126
6139	11487
6448	11925
5733	10884
5725	10871
5850	11058
6228	11619
5878	11217
6625	12194
6208	11586
5814	11014
6233	11626
6016	11310
6456	11939
6647	12222
6617	12185
5651	10766
5658	10775
6503	12024
6131	11475
6064	11377
6418	11885
6472	11974
5801	10993
6102	11432
6649	12225
5962	11224
5687	10826
5738	10897
6211	11591
5902	11136
6072	11387
5931	11184
5673	10803
6566	12112
6133	11477
6235	11630
6221	11609
6112	11247
5794	10984
6036	11340
5885	11117
6353	11791
6093	11419
6190	11561
5754	10922
5755	10925
5680	10812
5699	10839
6059	11374
5787	10967
5861	11075
6097	11423
6420	11886
6462	11947
5833	11035
6030	11330
5698	10837
6536	12072
5877	11105
6130	11474
6018	11314
5658	11116
5865	11083
6121	11462
6368	11811
5712	10854
5668	10794
6559	12104
6025	11324
5826	11029
6117	11457
6625	12194
5958	11217
6210	11590
5773	10947
6325	11751
6482	11989
5652	10767
5905	11142
5742	10903
6442	11920
6516	12041
6452	11931
6437	11911
6093	11419
6129	11472
6287	11698
5977	11247
6228	11619
6366	11808
6519	11776
6106	11441
6314	11738
6467	11957
6458	11942
6195	11567
5858	11071
5960	11220
6313	11737
6197	11570
6504	12025
6414	11879
6444	11921
5857	11069
5686	10824
6099	11323
6089	11411
6630	12201
6231	11623
6051	11361
6031	11331
5960	11220
5808	11000
6002	11286
6387	11845
6526	12050
5930	11181
6150	11500
6249	11644
5843	10840
6486	11999
6403	11862
6258	11661
6293	11707
6214	11595
5794	10984
6544	12082
6520	12043
6123	11322
6045	11351
5855	11065
6328	11754
6325	11751
6184	11553
6071	11386
6527	12053
5844	11045
5713	12154
5658	12006
5982	11258
6384	11839
6473	11976
5983	12178
5734	10885
6217	11601
5762	10934
6440	11918
6226	11616
5841	11042
6455	11938
5685	10821
5662	10780
5902	11136
6225	11614
6615	12178
6378	11829
5943	11197
6364	11805
6215	11597
6628	12199
6502	12022
5968	11236
5857	11069
6476	11980
6530	12060
5950	11209
6050	11360
5878	11220
6465	11952
6341	11766
5878	11109
6232	11625
6175	12145
6087	11409
6369	11812
6385	11843
6275	11687
5928	11176
5854	11063
5858	11071
6157	11511
6366	10798
6004	11288
6402	11860
6148	11497
6108	11443
6306	11724
5683	10816
5977	11247
6469	11961
6488	12002
5751	10919
5752	10921
6492	12008
6624	12193
6126	11465
5930	11181
5908	11143
5772	10946
6584	12143
6468	11959
6054	11368
5827	11030
6557	12101
5760	10931
6526	12050
6048	11357
5739	10899
6346	11778
6248	11643
5990	11268
6460	11945
5955	11214
5846	11048
6408	11868
6103	10854
6487	11349
5744	10904
6580	12138
5670	10799
6384	11839
6392	11848
6401	11859
5891	11124
5728	10875
6414	11879
6521	12046
5856	11068
6466	11956
6388	11846
5859	11681
6316	11740
6025	11324
6076	11394
6370	11814
6585	12144
5929	11177
5843	11044
6538	12074
5805	10996
5658	11613
6327	11753
6615	12178
6201	11574
6457	11940
6545	12085
5714	10858
6229	11621
6080	11398
5699	10839
6566	12112
6398	11854
6616	12184
6100	11427
6292	11705
6097	11423
5702	11464
6365	11807
6377	11828
5956	11215
6415	11881
5809	11003
6080	11398
5825	11028
5797	10988
5676	10807
5662	10780
6396	11852
6412	11873
6196	11569
6191	11563
6417	11884
5985	11613
5924	11170
6525	12049
6461	11946
6129	11689
6227	11617
5721	10868
6547	12086
6082	11401
6270	11678
6627	11703
5753	10923
6092	11417
6543	11056
6544	12082
6124	10979
6323	11749
5689	10827
5938	11191
6549	12087
6101	11964
6183	11551
6633	12204
7052	12509
7471	13345
7110	12930
7059	13097
7599	12831
7089	13135
6859	12490
6672	12367
7889	12976
6949	13345
7046	12420
7301	12490
7782	12898
6909	12270
7058	13035
7554	12779
7095	12367
7014	12824
6907	13227
7534	12647
7036	13206
7863	12874
6689	13345
7173	13149
6940	13323
7290	12883
7667	13233
7253	12600
7575	13035
7230	12395
7134	12824
7663	13294
6704	12490
7564	12490
6894	13253
7471	12682
7433	13233
6653	12287
6704	12821
7536	13233
6963	12367
7003	12395
6930	12820
6821	12417
7892	12336
6695	13345
7066	13345
6768	13008
6739	13233
6980	12860
6759	12256
6877	13140
7730	12696
7003	13035
7059	12955
7471	12658
7253	12614
7686	13233
6976	12490
6828	12792
7003	13345
6852	13229
7471	12395
7887	13235
7264	12678
7036	13215
7253	13235
7076	12577
7182	12490
7471	13239
7832	12951
7382	12647
6870	12490
7003	13030
6839	12490
6814	13172
7890	13035
7036	13269
6721	12343
6684	12824
6943	13189
7619	12831
6877	12647
7647	13215
6781	12779
7892	13126
7025	12795
6803	12741
6785	13133
7665	12512
7883	12522
7657	12824
7691	13253
6688	13235
6787	13233
7228	13215
7640	12614
6993	13345
7166	12472
7241	12490
7252	13131
7251	13233
7564	13345
6827	12831
7557	12599
7166	12955
7221	12626
7110	12244
6847	13345
7471	12880
7866	12960
6832	12965
7892	12489
7604	13294
6689	12577
6993	12386
7134	13135
6940	13235
6941	12287
7284	12478
7676	12482
7774	12523
7370	12647
6798	12490
6940	12684
7278	12311
7575	13233
7382	13253
6997	12874
7913	13089
7907	12597
6963	13293
7538	12863
7497	13215
7708	13253
7386	12759
6832	12795
7286	13140
7252	12777
7597	12342
7059	13302
7604	13294
6912	13204
7647	12351
7809	12490
7133	12832
7576	13345
6932	12342
6688	12824
7669	12832
7370	12357
7036	12323
7692	12647
7583	12571
7597	12342
7892	13307
7447	12490
7058	13140
7604	13255
6963	12561
6870	12965
7757	12289
7253	12455
7360	12812
7310	13294
7913	13089
6725	12967
6737	13307
6963	13345
6877	12760
7913	13215
6772	13233
7431	13029
6900	13345
7059	12395
7296	13194
6898	12824
7373	12516
6940	12468
7040	13104
7382	13061
6993	12682
7896	12948
6877	12656
6709	13215
7604	13233
7370	12682
7604	13090
6897	13345
6877	12890
7166	13345
7059	13030
7743	13115
6949	12939
7373	12516
7404	13215
6832	12779
6792	13064
7569	12832
6745	13233
7036	12997
7018	12490
7471	13149
7514	13345
7257	13028
7543	12490
6727	12428
7669	12594
7134	12599
7736	13041
7677	12432
7360	12647
7634	13336
7873	13233
7382	12580
7370	13233
6872	12874
7669	12808
7036	13222
7293	12367
7907	12287
7892	13345
6872	13239
6872	13140
7589	12327
6980	12326
7468	13345
7163	12477
6907	13253
7364	13160
7110	12490
7841	13345
7553	13206
6798	12490
6880	13215
6664	12297
6920	13177
7270	12512
7580	13272
7669	12926
7459	13235
7575	13085
7702	12951
6773	12490
6877	13323
6865	13174
7254	13235
6790	12262
7739	13233
6832	12431
7669	13197
6976	12636
6879	12352
7774	12965
7910	12926
7366	13206
7548	13345
7896	12665
7697	12240
7607	12490
7907	12930
7075	12505
7307	12608
6973	12281
7417	12347
6922	12391
7386	13215
7581	13157
7360	12956
6973	12307
6728	13345
6672	12367
7278	12770
6754	12647
7587	12965
7742	12559
7258	12854
7910	12926
7606	13035
6705	12270
6818	12270
7610	12356
6949	12243
7861	12279
7059	12935
7291	12287
6877	13151
7774	13345
6932	12326
7163	12682
7669	12522
6653	13233
7575	12955
7059	12638
7858	12821
7018	13233
6852	12925
6832	13345
7907	12326
7382	13278
7224	12926
7194	12585
6661	12431
6907	12369
6910	13345
7700	12326
7859	13129
7471	12965
7312	12395
7134	13215
6880	12518
7036	12787
7615	12836
6940	13323
7159	12352
7134	13215
7417	13345
6720	13243
7103	12350
6950	12986
7220	12965
6980	12824
7564	12965
6870	12955
7382	12463
7701	12824
7459	13235
7382	12727
7029	12652
7187	13140
6800	12647
7691	13233
7166	13026
7619	12601
7823	12367
7382	12874
7657	12824
7094	13315
7787	12639
7642	12490
7686	12357
6877	13235
6877	12831
7604	12287
7585	13071
7529	12487
6878	12743
7010	12874
7058	12490
7252	13174
7036	12824
7290	12694
7252	12259
7894	13345
7370	12490
7252	13029
7687	13345
7464	12872
7331	12969
7575	13105
7812	13233
7278	12270
6753	12824
7804	13253
6710	12407
7665	13131
6993	12682
7895	12367
7353	12769
7335	12367
6870	13254
6993	12965
7450	13026
7145	13186
6722	12782
7707	13189
7465	13233
7455	13345
6685	13172
6872	12490
7184	12267
6907	13112
7669	12793
7787	12639
7274	13233
7355	12617
7784	13108
6842	12477
7907	13069
6907	12991
6940	13206
7801	12258
7706	12852
7775	12502
7898	13215
7091	12561
7774	13345
7396	12820
6712	12490
7023	13233
7805	13300
7906	12639
7134	12561
7583	13233
6877	12327
6753	12824
7251	12906
6985	12965
6823	13233
7078	13209
6877	12299
7471	13257
6882	12968
7784	13108
6993	13105
7856	12453
7082	12491
7676	12906
7360	12806
7019	12832
6831	13233
7907	12500
7431	12650
7669	12395
7891	13253
7397	12602
7594	13206
7892	13115
7795	12955
7166	12770
7581	13194
7134	12287
6980	13172
7080	12394
7679	12451
7178	13030
7166	13233
7603	12965
6877	13172
7172	12287
7739	13105
7511	12490
7613	13345
7058	12985
7130	13233
7774	12577
6985	12273
7182	12831
6755	12824
6742	13164
6875	12664
7720	13140
7572	12591
7414	12713
7584	13235
7059	13215
7059	13195
7174	13215
7159	12956
7133	12779
6754	12261
7213	13043
7013	13233
7734	13299
7134	12456
7278	12389
7845	13229
7647	12938
6667	12903
6963	12287
6940	12357
7291	13172
6953	12906
7697	12326
7130	12731
7885	13174
7107	13345
6924	13235
7250	13211
7062	12490
6907	13345
7575	13220
7795	12955
6940	12299
7560	13345
7471	13345
6877	13239
7669	12863
7166	13345
6779	13253
7907	12415
6914	12490
7356	12980
7149	12955
6980	12951
7682	13307
6993	13035
7693	12493
7186	12461
7669	12395
6832	12934
7382	12863
7604	12561
7807	12951
7609	12701
6725	12830
7133	13233
7907	12951
7386	13294
7370	13345
7089	13345
6868	13215
6943	12324
6904	12591
7554	12389
7159	13094
7059	13135
7133	13235
7163	12367
6658	12254
7910	13345
6877	13235
7669	12298
6877	13233
7575	12658
7036	13172
7687	13233
6846	12926
7197	12824
7062	12965
7059	12795
7431	12514
7581	12951
7896	13325
6685	13215
7370	12895
7691	12326
7253	13323
7548	12289
7471	13242
7273	12642
7575	12874
7522	12639
7393	12490
7288	13104
7185	13026
7382	13081
7575	13220
7286	12883
6745	13233
7471	12674
7278	13345
6754	12682
6963	12759
7396	12893
6799	12500
7133	12874
6934	12586
7431	12259
7345	13086
7188	12824
7134	12759
6877	12647
6847	12998
6745	12647
7754	13215
7043	12455
6825	13244
7172	12759
7708	12832
7211	12474
6863	13182
7018	12926
7003	13111
7074	12536
7520	13197
6658	13301
7896	13307
6877	12617
7228	13172
7252	13298
7575	12314
7613	13188
7062	12951
7320	13345
6712	12490
7367	12490
7471	13044
7669	12736
6880	12445
7909	13345
7653	13172
6877	12614
7329	12323
7896	13253
7036	13306
7575	13140
7110	12930
6940	13023
7343	12395
6895	12824
7194	12585
7018	12428
6907	13227
7159	12605
7209	12824
7739	13345
7457	12861
7004	12956
7209	13172
7134	13345
7149	13140
7916	12824
7625	13233
7416	13163
7040	12301
7036	13345
7472	13253
7534	13307
6879	13301
7018	12428
7290	13140
6874	13029
7185	12831
7691	12484
6901	13233
6879	12352
7254	12832
7133	12795
7176	13206
7036	13235
7644	12259
7669	13026
7831	12824
7074	12832
7767	12490
7697	12569
6976	12832
7471	12824
6913	12335
7346	13066
6745	12618
7903	13259
7164	13253
7312	12747
6980	13172
7471	13270
7588	12326
7220	12911
7240	12373
7004	12259
7003	12490
7770	13052
6999	13233
7251	12326
7669	12682
6652	12956
6762	12832
7181	12647
7263	12374
6754	12965
7283	13332
7002	12892
7527	12914
7686	12832
7239	13239
7551	12351
6832	12831
7506	12413
6963	12561
7133	13094
7278	12395
7130	13026
7059	12906
7471	13030
7464	13283
7907	12951
6658	13094
7004	12956
7445	13203
7739	13105
7471	13062
7883	12948
7575	12647
7004	12310
7164	12684
7831	12824
7313	12490
7192	12795
7303	13140
7589	12662
7670	13135
7475	12308
7185	13253
6836	12490
6785	12938
7185	12465
6941	12367
7382	12762
7691	13212
7691	12686
7572	12855
7589	12392
7059	13030
7251	12990
7386	12824
6847	13233
7576	12820
7366	12824
7905	12714
7358	13239
7226	13302
7697	12421
7852	12618
7253	12301
7892	12647
7409	12874
6872	13233
7003	13073
6685	13233
6653	13194
6949	12939
6728	13035
7089	12596
7433	12463
7282	12750
7896	13135
7240	13174
6898	13066
7641	13345
7286	12824
7454	12327
6937	13028
7133	12647
7331	13345
6968	13253
7634	12272
7892	12938
7382	13345
6772	13233
7253	12455
7589	13345
6704	13233
6920	13177
7549	13172
7915	13307
7612	13318
6652	12647
6697	12769
7058	13345
7219	12367
7278	13345
7471	13140
7486	13233
7185	12490
7138	12490
7128	12321
7221	12283
7795	12490
7471	13035
7018	12758
7062	12490
7898	12824
7278	12731
7774	12407
7386	12951
6932	12824
7303	13233
6707	12296
7471	12985
7581	12842
7554	13233
7059	13131
6991	12865
7669	12779
7663	13294
6759	12256
7692	12935
7049	13108
7872	12973
7589	13253
7270	13029
6901	12824
6822	12231
6877	12457
6877	13206
6994	13206
7253	12824
7471	12490
7703	13298
7907	12930
6676	12613
7575	13334
7575	12395
7511	12675
6669	12829
7404	13215
7471	13199
7386	12906
7907	13224
7440	12926
7286	12874
6819	12379
7409	13233
7795	12965
7315	12978
7681	12518
7719	13084
6891	12831
7254	13253
6926	13189
7270	12956
6740	12714
7312	13107
7892	12287
7471	13233
7515	13026
7614	12391
6940	13135
7665	12338
7036	12239
6725	12667
6877	12936
6880	13066
7423	12468
7576	12400
7735	13233
6985	12795
7287	13215
6821	12355
7482	12831
7159	12310
7253	12490
6872	13345
7134	12906
7113	12906
7529	13345
7797	12272
7589	13215
7382	12570
6740	12926
7579	12456
6988	12332
7892	12328
7078	13065
7214	12490
7165	12647
6757	12531
6993	12490
7059	12875
7399	13253
7075	12793
7907	12832
7252	13341
7285	13030
7594	13084
6954	12430
7736	12713
7160	12862
7872	13255
7386	13233
7892	13253
7059	12682
7003	12490
6754	12272
6835	12367
7384	13214
6817	12948
7133	12955
6877	12656
6993	12955
7059	12430
7134	12824
7852	12727
7166	12731
7100	12720
7255	12490
7319	13233
7536	13115
7285	12682
7257	12490
7467	13222
6821	12831
6821	13235
6870	12416
7100	13345
7613	13233
7550	13201
7682	12914
7203	12870
7832	12951
6966	12420
6898	12287
7453	13068
7696	12541
7559	13253
7059	13265
7485	13253
7059	12307
6666	13345
6814	13345
7189	12983
6832	12490
6900	12831
6962	13015
7252	12994
7422	12490
6882	13253
7332	12860
7627	12632
7575	12298
7253	12824
7133	12937
7133	13235
7382	13345
7471	13235
7406	12561
7640	12614
7303	13140
7725	12490
7216	12581
7280	12265
7471	12965
7004	12650
6993	12795
6836	13345
7892	12327
6849	12270
6803	12741
7471	12942
7386	13233
7350	13345
7831	13084
6662	12926
7173	13233
6746	13030
7575	13026
7059	12296
7709	13144
7669	13109
7883	13249
7059	12618
7333	12406
7059	13235
7872	13140
7059	12831
7804	13230
7441	12769
7133	12647
7312	13233
7251	12832
6772	13294
6963	12824
7567	13237
7003	13105
7827	12424
7743	12748
7289	13345
7180	12618
7639	12361
7433	12779
7421	12413
7284	12462
7553	12824
7003	13248
7303	13233
6859	13085
7604	13232
7710	12759
7406	13140
6877	13323
7188	13140
7502	12981
7703	13235
7130	13345
7133	12935
7581	12560
7059	12874
7188	13345
7898	12824
6859	12979
7892	13235
6729	13337
7885	12955
7059	12287
7149	12654
7665	13029
7431	12259
7059	13345
6877	12440
7257	13345
7457	12915
6921	13174
6877	12878
7852	12701
7486	13233
6832	12942
7691	13006
6963	13215
6907	13135
7260	13233
7902	13233
6714	13253
7471	12800
6725	13135
6688	12369
7817	13345
7841	13030
7892	13233
7907	12824
7689	12824
7252	12310
6880	12287
7223	13215
7077	12738
6805	13194
7741	13174
7417	13140
7594	13140
6660	12774
7575	13345
7471	12985
7360	13221
6653	12575
7192	12503
7695	12477
7059	13028
7258	12951
7134	12477
7604	13215
7677	12835
7133	13131
6940	13278
7406	12599
7134	12480
6870	13345
7170	12302
7299	13197
7494	13289
7059	12824
7682	13307
7653	12384
7195	12292
7344	13037
7896	12639
7575	12779
6692	13345
6980	12951
7416	13163
7055	12824
7650	13224
7429	12279
7584	12460
7100	12720
7159	12259
7887	12917
7907	12815
7824	12831
7729	12601
7149	13239
6749	13314
6817	13131
7367	13140
7382	12682
6987	13345
7868	13148
7059	12599
6851	12974
6800	12647
7395	12490
7835	12958
7265	13233
7422	12920
7150	13042
7038	13065
7137	12490
7471	12328
6940	12614
6953	12906
7272	12514
7109	12354
7575	12612
7078	13065
7332	12490
6728	13233
7658	13233
7538	12863
7708	12656
7709	12831
7462	12439
6907	13126
7787	12832
6717	12550
6805	13194
7059	12820
6814	12363
6926	13189
7253	12724
7270	12259
7305	13219
7547	12464
7471	13228
7907	13239
6756	12648
7440	12926
7433	12779
7840	12951
7831	12951
7686	13083
6907	13097
7691	13172
7254	12662
7774	12496
6786	13140
6677	12395
7598	13215
7475	13345
7012	12965
7036	13140
7686	13345
7691	13206
6847	12454
7089	13005
7611	12824
7765	13345
6882	12926
6963	12490
7360	12739
7691	12573
7182	13233
7420	12700
6832	12618
7176	12933
7433	12490
7536	13172
7386	12561
6849	12395
7668	13345
6654	12490
7368	12434
7000	13140
7133	12832
7692	13233
7059	12242
7469	13253
7112	12536
7892	12599
7907	13224
7604	13172
7611	12832
7423	13235
7418	13345
7528	12352
7595	12693
6660	12490
7916	13140
7594	13255
7575	12777
7133	12367
7382	12547
6898	13172
6861	12490
6749	12892
7032	12391
6982	13345
7896	12803
7471	12832
7907	12326
7275	12379
6712	12270
7195	12292
7253	13022
7175	13215
7284	12736
7059	12639
7742	12559
6704	13345
7456	13051
7240	13233
7795	13345
6912	12713
7665	13047
6993	13345
7892	12838
7626	13108
6694	12824
7892	12906
6873	13334
7600	13140
6819	13233
6976	13030
7431	12647
7581	12560
7252	12647
6945	12232
6877	12468
6998	12641
7647	13308
7647	13215
6658	12254
7003	13345
7913	13123
7863	13174
6940	12809
7669	12618
7548	13345
7758	12948
7240	13174
6720	12926
7594	12296
6980	13224
6895	12563
7176	12933
7254	12471
7769	13313
7134	13122
7011	12926
7207	12965
7291	12824
7089	13088
7396	13345
7811	12468
7553	13206
7805	13233
7024	13030
6847	13334
7892	12399
6907	13333
6968	13233
7466	13345
7625	13233
7004	12512
7669	12774
7661	13345
6685	12351
7026	12647
7059	13233
7343	13345
6832	13218
7543	13345
6655	12599
6941	12759
7059	12832
7181	13030
7471	12395
7548	12965
7240	12968
7059	12824
7594	12326
7209	12539
7794	12614
7059	12795
6704	12490
7365	12537
7115	13303
7163	12799
7159	12647
6882	13345
7166	12682
7590	12327
7134	13172
7396	12824
7433	12955
7471	12351
6760	12876
7072	12793
7691	12872
7907	12597
6870	13247
7082	13345
7471	13044
6923	12472
7538	12965
7739	13235
7687	13345
7533	13098
7252	13277
7811	13235
7159	12310
7059	13334
7892	12951
6993	13115
7229	12461
6976	13295
7646	13253
7471	12832
7464	12809
7709	13074
7481	12928
7431	13131
7767	13198
7501	13230
7896	13249
6865	13345
6653	12326
6940	12547
6938	12950
6762	12418
7820	13253
7154	12259
7575	12926
6881	12304
6950	12400
6923	12770
7346	13215
7884	12561
7433	12874
6874	12387
7134	12561
7368	12926
6974	12713
6872	13157
6966	12420
7214	12490
7185	12793
7052	13345
7575	12731
7604	13215
7163	12940
6940	13333
6832	13233
7529	12402
7575	12965
6907	12926
7324	12468
7650	13224
7691	12686
7346	12815
7669	12965
7692	12656
7253	13104
6785	13215
7805	12906
7559	12824
7514	13026
7883	12517
7052	12490
6728	12873
6980	13224
7159	13301
7805	12906
7254	12291
7575	12795
6725	13344
7288	12538
7004	12709
7270	12647
7133	12965
7225	13135
7623	12233
6907	13050
7725	12874
6784	12798
7498	12965
7774	12498
7592	12712
7278	12333
6681	12351
7750	13140
7395	12490
7430	12891
7254	13135
7346	13235
6717	12550
7471	12357
6877	12655
7017	12630
7686	12357
7397	12455
6811	13230
7036	13118
7885	13345
7647	13153
7464	12761
7644	12259
6806	12571
7697	12569
7673	12655
7564	13026
7757	13345
6661	12824
6688	12647
7845	12925
7187	12561
6758	12374
6782	13092
7662	12639
7611	12930
7669	12490
6931	12769
7703	13104
6660	12779
7275	12379
7382	12545
7892	12530
7687	13215
6819	12379
7036	12384
7036	12351
7192	12874
7570	13233
7467	12938
7691	12826
6882	12288
7233	13233
7214	13233
6993	12509
7706	12924
7346	12518
7181	12795
7471	12980
7059	12307
7886	12832
7173	13345
7291	13066
7331	12969
7004	12647
7910	13345
7004	12259
7325	13215
7747	13253
6958	12395
7581	12490
7883	12916
7056	13305
7396	12490
6778	13135
7375	12272
7270	13029
6836	12395
7252	13206
6877	12351
7047	12884
7572	12855
7370	12731
7059	12395
7892	13334
6725	12665
6728	13345
6742	13254
7541	12373
6662	13253
7266	13140
7310	13294
7319	12971
7604	12824
7777	12885
7471	13189
7589	12832
7686	13233
7229	12461
6963	13140
7575	12914
7604	12561
7609	12962
7004	12419
6684	12824
7896	13135
7370	13336
7201	12490
7433	12647
6910	13050
7253	13278
7712	13255
6949	12395
7163	12955
7382	12965
7892	12618
7342	12761
7267	12891
7521	12722
7647	12824
7382	12965
7081	13215
7036	13140
7645	13046
7739	12658
6910	13345
7133	12956
7592	12712
7565	13226
6788	13050
7038	12532
7007	13030
7564	12961
6870	12825
6883	12824
6772	12384
7650	12448
6877	13135
6832	12490
7706	12852
7317	12832
7892	12691
6771	12353
6901	13233
7576	12250
7531	13255
7708	13253
7262	13345
6977	12955
7511	12675
7388	13259
7163	13140
7257	13235
7852	12916
7739	13253
7795	13345
7253	12301
6932	12467
7067	13215
7749	13336
6877	12572
7293	13312
7291	13255
7728	12604
6984	12790
6713	13210
7161	12490
7748	12951
7689	13172
7043	12832
7759	13345
7273	13215
7794	12614
7883	13159
7086	12401
7303	13255
7678	12272
7153	13172
7815	12951
6772	12334
6950	12327
6836	12965
7079	13345
6722	13255
6940	12832
6877	12458
7907	12815
7271	12729
7698	12926
7600	12824
6944	13340
6907	13005
7456	13083
7892	13235
7758	12522
7548	12270
7647	12561
7566	13229
6846	13010
7709	12874
7575	13035
7374	12706
7682	13345
7575	12647
6963	13194
7471	13253
7346	13194
7346	13255
7647	12713
7575	13009
7589	13135
7311	12452
7455	12682
6662	13050
7641	12798
7266	12390
7278	13239
6959	12490
7575	12534
6929	13221
7575	12801
7543	12795
7669	12955
6877	13140
7039	12647
7100	13233
7253	13235
7907	13215
7628	12815
6720	13030
7471	12880
7058	12490
6907	12336
7059	12815
6728	12490
7253	12647
7003	12472
7536	13115
7133	12955
7273	12987
7892	12682
7241	12490
6993	12779
7168	12518
7235	13233
7004	12514
7575	12311
6980	13140
7586	13233
7159	13029
7892	13135
7228	12287
6733	13089
6940	13059
6993	12955
7052	13345
7743	12583
6830	13135
7342	12402
7692	12972
7251	12713
7230	12490
6993	13140
7521	12846
6940	12647
7869	13233
7725	12795
7386	12561
7553	12569
7561	13233
7725	12965
7406	13233
7085	13119
7892	12490
6693	13253
7130	12490
7471	12305
7303	12824
7068	13345
7331	13345
7286	13233
7214	12682
6932	12342
6678	13233
7231	12831
6977	13253
7355	13172
6980	13076
7159	13047
7382	12955
6923	12795
7588	13172
6829	13215
6832	12647
6877	12600
7306	13345
7691	13235
7831	12367
7471	13085
7575	13197
7845	12925
6918	12770
7275	12926
7669	13035
7862	12379
7521	12490
7278	12795
6870	12491
6923	13345
7896	13235
7888	12831
6728	12490
7256	13172
7523	12906
7433	12720
6702	12804
7801	12258
7059	12393
6874	12647
7059	12955
7703	13104
6670	12367
6832	12793
7886	12259
7669	13140
6870	12795
6691	13108
6983	12300
7686	13235
7411	13345
7890	12529
7159	13094
7386	13255
6964	12489
7589	13333
7902	13233
7745	12926
7795	12965
7543	12951
6832	13233
7052	12779
7609	12962
7710	12287
7137	13085
7434	12926
6940	12832
7802	13277
7473	12463
6812	13215
6785	13233
7571	12795
7174	12824
6940	12824
7052	13164
7594	13206
7581	12824
7257	12270
6652	12512
6910	12369
6832	12270
6882	13235
6830	13332
7907	12351
7190	13345
6754	12965
7464	12872
6675	12430
7682	13009
7159	13029
6940	12945
7105	12625
7382	12428
7900	13103
6847	12407
7079	13007
7059	13345
7474	12824
6993	13026
7254	12679
7896	12831
7874	13343
7149	12904
7575	12490
6754	13164
6688	12614
7382	12428
7291	12951
7840	12951
7134	13233
6880	12906
6728	12873
6849	13345
7534	12359
7819	12788
7575	12431
7324	12353
7522	13233
7816	13173
7464	12455
6870	13345
7288	13165
7110	13063
7586	13253
7031	12673
7907	12824
7312	12926
7575	12770
7364	13160
7249	12824
7897	13291
6856	13255
6675	12295
7892	12795
6886	12274
7605	12241
7370	13149
6923	12779
7209	13239
7541	13082
7757	12965
7768	13345
7892	12420
6872	13255
6903	12635
6877	12783
7471	12713
7907	13131
7052	12795
7471	12931
7728	13075
7134	12456
7581	12955
7662	12639
7224	12926
7706	12832
7290	13345
7163	12778
7830	13067
7152	12490
7187	12264
7532	13017
7130	12965
7075	12528
6877	12655
6943	13186
7286	12846
6974	13172
6877	13233
7775	12951
7777	12885
7589	12621
6883	13140
7315	13313
7676	12482
6797	12490
7825	12291
7015	12395
7132	13215
6909	13345
6877	13135
7253	12614
7739	12736
7335	13215
6940	12490
7382	12463
6899	12336
6725	12948
6788	13050
7691	13253
6784	13215
7907	12367
7896	12687
7595	12693
6717	12649
8347	14159
8233	13380
8316	14214
8685	13932
8650	13384
8261	14038
8155	14254
8098	14217
8826	13449
8556	14278
8667	14262
8740	13687
8452	14054
8155	13470
8155	13470
8745	13749
8473	14118
8657	13845
8108	14203
8821	13557
8435	14201
8311	13700
8347	14135
8794	13362
8504	13380
8422	14147
8722	14136
8344	13870
8728	13808
8146	14300
8146	13804
8740	13547
8327	13700
8688	14300
8160	14064
8718	13910
7949	13927
8091	14005
8052	13378
8550	13658
8763	14214
8246	13380
8275	13712
8556	13459
8125	14059
8109	13935
8405	14112
8354	14217
8803	13668
8218	13611
8124	14112
8132	13635
8601	13435
8107	13956
8022	14262
8046	14254
8347	13804
8048	13668
8300	13380
8108	14066
8548	13380
8128	14214
8341	14262
8740	13736
8179	14214
8223	14136
8504	13571
8134	13503
8527	14201
8758	13433
8311	13571
8386	13647
8428	13912
7990	13380
8344	14278
8344	13769
8344	14268
8027	14112
8134	14120
8659	13487
8134	14248
8167	13457
7922	14108
8388	13571
8229	13380
8146	14159
8793	14081
8740	14213
8300	14272
8405	13804
8276	13863
8601	13863
8105	14017
8568	14108
8409	14166
8536	13588
8732	14134
8420	13571
8412	13870
8435	13950
8020	14214
8344	13677
8751	13910
8564	13480
7918	14214
8373	13629
8435	14272
8232	14240
8301	13755
8344	14272
8096	13709
8791	14113
8409	13910
8732	14248
8108	14277
8212	13611
8046	14147
8088	13479
8354	14250
8119	13703
8435	13637
8205	13766
8106	13444
8745	14217
8822	14262
8490	14047
8354	13700
8043	13686
8435	13538
8096	13869
8715	14190
8760	14272
8745	13611
8560	14149
8530	13420
8109	13554
8217	13485
8822	13609
8649	13557
8732	14134
8111	13700
8041	14269
8160	14066
8109	14307
8347	14108
8405	14156
8283	13536
8537	14262
7918	14150
8354	14240
8229	14203
8474	13533
8419	13384
8758	14179
8078	13507
8473	13507
8718	13863
8517	13571
8799	14201
8435	14278
8137	14262
8386	13459
8146	13804
8722	14166
8027	14060
8061	13435
8398	14218
8795	14012
8052	14036
8636	14110
8291	14027
7958	13870
8561	13554
8347	13974
8740	14272
8271	13709
8110	13579
8195	14076
8291	14290
8229	14100
8347	13583
8616	13747
8637	14214
8616	13554
7918	14278
8640	14166
8234	13700
8146	14304
8344	14214
8821	13479
8409	13568
8273	13571
8362	13863
8105	13910
8421	13571
8070	14112
8616	13876
8027	14060
7971	13507
8593	13537
8291	13609
8823	14291
7996	13459
8435	14066
8802	14220
8811	13544
8680	14212
8628	13494
8277	13609
8167	14005
8132	13635
8105	14217
8052	13910
8020	14166
8108	14272
8017	14219
8130	13633
8099	13378
8616	13574
8052	13738
8052	13863
8115	13507
8813	13484
8252	13609
8078	13590
8286	13479
8247	13606
8423	13527
8347	13706
8795	13870
8108	14254
8444	13572
8347	13863
8470	13417
8732	13570
8180	14066
8405	13571
8108	14147
8386	14014
8732	13705
7931	13863
8462	13863
8645	13605
8344	14201
8405	14108
8170	14029
8078	13708
8146	13609
8347	13459
8388	13557
8795	13895
8272	14073
8046	14052
8485	13686
8108	14150
8561	14120
8817	14191
8490	13705
8108	14272
7934	13359
8070	13411
8347	13610
8344	13522
8795	13668
8369	13491
8354	13430
8073	14113
8795	13590
8420	13722
8302	13669
8480	13941
8435	14150
8821	13435
8443	14150
7918	14214
8065	14034
8098	13910
8409	13435
8564	13395
8676	13365
8079	13743
8179	13457
8131	13368
8096	13804
8517	13995
8016	14153
8017	14217
8409	14262
8237	13435
8616	13574
8344	13459
7972	14220
8504	13868
8335	14110
8114	13571
8405	13700
8483	13571
8548	14136
7919	14260
8347	14150
8344	13642
8140	13367
8616	14134
8130	13611
8405	13832
8560	13496
8109	13700
8246	14278
8219	13946
8020	13870
8612	13805
8146	14245
8649	14214
8745	13749
8472	13870
8509	14108
7984	13678
8640	14118
8052	13870
8344	14288
8740	14118
7970	13394
8740	14159
8354	14134
8732	13430
8129	13478
8298	13749
8148	13430
8589	13380
8336	14220
8027	13927
8078	13609
8049	14217
8633	13480
8405	14059
8073	13804
8131	13820
7924	14201
7944	13467
8047	14136
8722	13435
8670	13543
8539	14000
8477	13700
8496	13795
8178	13870
8221	13380
8487	13380
8130	13451
7918	13696
8486	13951
8473	14118
7971	14004
8477	13700
8015	14220
8732	14297
8405	13590
8769	14214
8128	13609
8624	13576
8465	14214
8049	13750
8052	14136
8435	13560
8804	14166
8154	14125
8617	14211
8564	14004
8229	14239
8444	13571
8058	13501
8435	13769
8740	13700
8487	14100
8513	13992
8635	14197
8740	13870
8186	13614
8095	14060
8316	13804
8556	13827
8546	14122
8504	13480
8167	14136
8636	14266
8783	14255
8732	14019
8344	14115
8718	13986
8291	14036
8398	13543
7950	13360
8311	14114
8636	13380
8150	13744
8419	14069
8224	13516
8234	13918
8052	13378
8143	14036
7971	13380
8473	13938
8264	13677
8798	13788
8347	13350
8020	13462
7918	13457
8179	13457
8500	13700
8108	13367
8273	13538
8105	13413
8078	14220
8643	13542
8347	14266
8636	14048
8645	14262
8624	14106
8234	13523
8162	13364
8409	13910
8699	14165
8344	14148
8023	14149
8560	13459
8063	13694
8564	13772
8046	13507
8199	13925
7972	13475
8267	13571
8344	13367
8252	13998
8748	13740
8699	14165
8146	13866
8806	13410
8561	13463
8643	13542
8268	14147
8354	14272
8105	14166
8095	13367
7941	13543
8316	13832
8298	13749
8353	14214
8347	14217
8004	14046
8477	13651
8146	13479
8344	13700
8073	14131
8089	14266
8344	14149
8109	13724
8227	13380
8277	13609
8782	14166
8601	13863
8405	14059
8017	13459
8743	13639
8048	14262
8388	13895
8305	14075
8821	14136
8134	13602
8472	14306
8772	13957
8760	14078
8331	13459
8777	14246
8335	14150
8535	13996
8128	14136
8740	13804
8073	13870
8499	13962
8578	13863
8346	13656
8341	13609
8219	13880
8386	13367
8435	13571
8435	14214
8059	13804
8311	14100
7918	14147
8060	13479
8595	13355
8354	13571
8397	13863
8409	14306
8078	13479
8098	13566
8487	14100
8770	14210
8107	14201
8740	13410
8400	14239
8745	14208
8505	13384
8347	13927
8046	13848
8166	13435
8108	14052
8751	13910
8075	14103
8487	14034
8354	14134
8040	14054
8311	14272
8405	14150
8769	14214
8405	14112
8095	13706
8146	13380
8348	13557
8444	13571
8782	13768
8344	14064
8078	13371
8291	14036
8277	13479
8403	14214
8119	13703
8199	13925
8073	13367
8225	14150
8574	13459
8300	13380
8419	13502
8045	13910
8513	13677
8795	14166
8540	13471
8347	13409
8346	14118
8740	13380
8501	13457
8046	13571
8003	13526
8098	14166
8190	14078
8108	14278
8131	14060
8420	13840
7971	14201
8745	13916
8564	13832
8795	13728
8250	13348
7942	13873
8105	13863
8735	13933
8046	14150
8291	14078
8386	13459
8098	14170
8506	13677
8435	14041
8146	14150
7954	14108
8403	14304
8506	13955
8213	13539
8134	13724
8614	14032
8229	14239
8344	14288
8740	13557
8095	13459
8513	13380
8234	13454
8325	14036
8184	13491
8585	14017
8685	13571
8001	13428
8347	13728
8560	14214
8128	14162
7931	14143
8685	13833
8405	13358
8234	14120
8151	13380
8409	14046
8347	13969
8435	14201
8344	14147
8472	14306
7968	14166
8191	13771
8800	14136
8398	13743
8202	13459
8305	14075
7919	14272
8273	14272
8548	14136
8337	14232
8047	14136
7983	13571
8405	14004
8775	13485
8198	14146
8242	13499
8227	14262
8723	14136
8405	13593
8347	13459
8690	14174
8068	13397
7978	13410
8435	13700
7967	14262
8173	13761
8803	13568
8031	13681
8130	13863
7931	14143
8016	13459
8319	13377
8354	13535
8815	13423
8122	13674
8569	14039
8285	13430
8740	14036
8718	14005
8420	13435
8078	13479
8560	13717
8784	14293
8785	13769
7918	13571
8405	13384
8357	13515
8745	13451
8560	13914
8782	13684
8386	13804
8130	14108
8636	14272
8131	13368
8567	13419
8106	14066
8625	14066
8718	13513
8095	13384
8791	13843
8420	13831
7994	14149
8348	13770
8291	13569
8146	13712
8340	13435
8109	13430
8639	13550
8704	14201
8560	13749
8795	13590
8179	14147
8631	13677
8745	13413
8795	14046
8792	14136
7971	13571
8246	13571
8105	13804
8761	13882
8044	14214
8040	13380
8143	14001
8308	13459
8343	14069
8710	14166
8271	13709
7918	13700
8179	14214
8349	13840
8472	14036
8052	13863
8215	13608
8645	14166
8795	13513
8285	13965
8274	13948
8146	14036
8190	14078
8782	13986
8383	14036
8223	13479
7918	14066
8291	13590
8080	13391
8403	13664
8344	14204
8105	13896
8134	13495
8134	13651
7961	13911
8344	13677
8641	14100
8513	13384
8234	13523
8096	13804
8564	14239
8435	13462
8526	14167
8616	14307
8716	14166
8612	14039
8327	13700
8412	14159
8166	13435
8341	13643
8521	13459
8192	14223
8347	13488
8095	13927
8203	13384
8019	14046
8621	13752
8291	14007
8108	13380
8340	13571
8108	13474
8668	13611
8802	14220
8800	13609
8354	13522
8342	13797
8666	13426
8530	13420
8146	13840
8340	13643
8639	13459
8130	14024
8727	14204
8740	13870
8109	13700
7971	13810
8273	14147
8356	13652
8103	14217
8131	13645
8635	13459
8635	14197
8547	13411
8425	14291
8429	13520
8741	13616
8758	14021
8157	14295
8549	13728
8731	13700
8435	14272
8740	13769
8017	14108
8535	13996
8046	14150
7978	13410
8504	14066
7918	13637
8077	14270
8762	13851
8247	14076
8422	14278
8347	13889
8640	14243
8130	13633
8791	13716
8360	13571
8146	14036
7956	13557
8064	13804
8344	14275
8409	14272
8405	13480
8108	14103
8273	13508
8308	14112
8474	14214
8388	13731
8078	13870
8130	13686
8412	13388
8354	13367
8435	13426
8587	13489
8405	13358
7956	14242
8659	13487
8560	14217
8108	14268
8718	13435
8099	13378
8289	14254
8729	14046
8745	14087
8340	13380
8134	13570
8103	13686
8669	14152
8596	13571
8795	13986
8495	13804
8228	14217
7924	14201
8435	13649
8160	13380
8108	14064
8372	14166
8294	13746
8685	14179
8486	13951
8497	13648
8162	14066
8548	13479
7980	13514
8354	14214
8280	13459
8100	14149
8639	13836
8273	13850
7933	13434
8405	13832
7957	14208
8233	14094
8134	13724
8386	14060
8409	14005
8513	13930
8352	13804
8405	13700
8560	14066
7949	13507
8004	13502
8639	13380
7954	13467
8229	14064
8137	13444
8184	13479
8258	13441
8745	13700
8052	14066
8798	13788
8737	13804
8195	13778
8411	13981
8652	14225
8497	13600
8562	14085
8131	13384
8348	14137
8564	13772
8179	13466
8078	13557
7971	13787
8098	13826
8374	13380
8224	14241
7975	14301
8435	13424
8745	13772
8291	14166
8272	14073
8238	14106
8588	14262
8486	14208
8078	13564
8249	13547
8513	13380
8120	14103
8240	14110
8405	14237
8199	14112
8036	13867
8105	14017
8072	14228
8239	13673
8344	13722
8347	14060
8560	14051
8308	13384
8201	14108
8340	14036
7953	13464
8419	13380
8740	14266
8016	13663
8617	13938
8740	13991
8547	14112
7945	14214
8405	13459
8017	13380
8636	14119
8284	13870
8532	14170
8740	14214
8513	13384
8180	13863
8616	14120
8740	13439
8472	14136
8105	13435
8224	13870
8705	13700
8223	13479
8109	14170
8273	14260
8108	14025
8167	13357
8694	13840
8344	14150
8347	14214
8435	13466
8060	13479
8129	13478
8233	14224
8229	13571
8233	13804
8547	14060
8740	13590
8681	13995
8617	14211
7918	14147
8645	13607
8571	14056
8344	14058
8398	13543
8699	14179
8640	14272
8474	13940
8057	13982
8134	14248
8742	14159
8078	14256
8592	13806
8487	14034
8237	13582
8709	13590
8300	13868
8685	14214
8146	14266
8059	13743
7970	13590
8273	13380
8012	13585
8016	14112
8596	13380
7970	13394
8740	13507
8277	14220
8504	14201
8685	14286
8377	14098
8435	13354
8049	13750
8649	13507
8354	14217
7971	13507
8601	13462
7994	14149
8459	13922
8340	14220
8291	14136
8363	13380
8234	14248
8761	14258
8109	14131
7954	13467
8561	14134
8195	14076
8341	13895
8109	14134
8322	14036
8340	13643
8049	14217
8816	13730
8134	13819
8075	13737
8041	14269
8625	13735
8632	13384
7941	14266
8405	13367
7923	13380
8449	13742
8354	13927
8275	13712
8289	14254
8069	13722
8311	13571
8795	13768
8545	13380
8108	13571
8713	13523
8160	14066
8795	13479
8477	13554
8177	14256
8512	13381
8435	13870
8625	14066
8393	13863
8612	13805
8740	14114
8243	14022
8744	13380
8641	14100
8068	13842
8430	13365
8665	13577
8602	13732
8472	14066
8479	13910
8521	13459
8344	13380
8017	13571
8718	13479
8169	13918
8822	14036
8795	13668
8146	14272
8043	13510
8393	13863
8649	14214
7979	13547
8238	13749
8760	13446
8167	13479
8269	14267
8009	13568
8666	13426
8109	13380
8560	14155
8369	14125
8673	14136
8740	13571
8098	14017
8029	13472
8746	14109
8616	13819
8194	13794
8160	14235
8355	13551
8104	13903
8130	13870
7928	14298
8179	13466
8685	14286
8589	13384
8565	13490
8795	13435
8134	13430
8052	14107
8560	14214
8809	13413
8281	13479
8291	14136
8344	13351
8357	14021
8725	14256
8560	13769
8390	13878
8108	13405
8227	14036
8732	13700
8607	14182
8718	13513
8229	13352
8716	13403
8297	13804
8291	14093
8822	14036
8115	14303
8234	13918
7987	13751
8560	13863
8386	13490
8661	13479
8403	13479
8108	13507
8038	13743
8776	13604
8382	14066
8108	14118
8078	13590
8386	13490
8616	13602
8288	14100
8344	13804
8504	13868
8044	13677
8315	14010
8347	13388
8746	14109
8098	14306
8167	14214
8718	13710
8273	13725
8016	13804
8128	14220
8729	13566
8340	13664
8277	13479
8711	14278
8344	14066
8252	13609
8109	13651
8420	13731
8732	13819
8745	14250
8631	13450
8375	14205
8340	14262
8556	13571
8073	14060
8146	13870
8490	13705
8479	13910
8680	13925
8344	13726
8105	14106
8246	13380
8498	14201
7998	13526
8521	13380
8740	13367
8344	13507
8347	13367
8273	14240
8404	13459
8191	13361
8040	14040
8347	14133
8504	14272
8522	14147
8074	13540
8016	14214
8344	14163
8128	14036
8507	14214
7958	14150
8732	13455
8733	14207
8344	13700
8502	13968
8782	13462
8125	13385
8146	14214
8745	13700
8564	14111
8022	14078
8745	14217
8435	13571
8344	14100
8673	13605
8655	13551
8291	14125
8075	14066
8795	13479
8291	14262
8649	13566
8822	13483
8718	14214
8829	14178
8073	14115
8745	13535
8905	14338
8888	14314
8857	14362
8906	14352
8861	14345
8908	14388
8907	14313
8888	14314
8850	14343
8865	14309
8865	14373
8865	14338
8882	14380
8861	14338
8845	14370
8897	14375
8845	14357
8841	14349
8911	14347
8869	14348
8876	14338
8861	14388
8885	14358
8893	14358
8847	14324
8848	14325
8845	14389
8853	14310
8881	14338
8865	14380
8899	14377
8842	14320
8907	14386
8897	14375
8897	14338
8869	14346
8908	14388
8862	14386
8985	14438
8987	14616
9011	14532
8980	14663
8995	14559
8951	14682
8997	14505
9058	14630
9040	14705
8960	14502
8976	14504
8924	14686
8997	14486
8982	14465
9002	14619
9030	14561
8966	14465
8986	14417
9022	14459
8935	14582
8987	14616
8972	14395
8945	14521
8981	14560
8976	14458
9019	14475
8987	14554
8994	14411
8988	14469
9006	14434
8929	14603
8982	14616
8953	14477
9007	14536
9004	14717
8938	14616
9042	14642
8928	14553
9065	14409
8982	14394
8949	14529
8980	14613
9021	14603
9052	14481
8956	14454
9011	14521
9000	14681
8995	14704
8982	14465
9065	14409
9021	14561
9010	14596
8980	14594
8984	14566
8972	14521
9003	14611
8972	14521
9022	14458
8991	14641
9021	14565
8997	14505
9027	14462
8984	14566
8989	14404
9048	14547
8961	14534
9001	14602
8980	14446
8980	14594
9003	14611
8977	14716
8916	14406
8939	14687
8921	14699
8921	14392
8953	14477
8947	14620
9022	14458
9069	14458
8966	14465
9041	14659
8985	14438
8978	14704
8948	14462
8980	14522
9161	14756
9140	14792
9106	14774
9102	14832
9080	14804
9138	14891
9090	14760
9140	14809
9099	14926
9117	14785
9131	14866
9073	14743
9133	14921
9102	14734
9153	14893
9090	14792
9153	14893
9140	14760
9139	14738
9153	14896
9080	14904
9136	14872
9160	14935
9163	14797
9103	14894
9121	14861
9075	14800
9170	14951
9102	14832
9126	14793
9159	14935
9153	14883
9153	14919
9075	14917
9160	14814
9123	14753
9131	14866
9089	14784
9111	14829
9140	14726
9083	14941
9153	14799
9149	14916
9161	14756
9070	14732
9145	14816
9079	14874
9167	14752
9160	14935
9121	14813
9096	14790
9095	14915
9149	14916
9117	14841
9092	14824
9115	14835
9109	14745
9072	14841
9116	14869
9104	14812
9129	14815
9140	14757
9129	14815
9117	14841
9164	14830
9126	14793
9095	14915
9159	14814
9170	14951
9164	14830
9070	14732
9121	14813
9180	14968
9182	14973
9172	14953
9176	14960
9173	14955
9180	14968
9179	14966
9172	14953
9178	14963
9177	14961
9215	15056
9209	15088
9229	14975
9209	15007
9206	15045
9225	15039
9216	15046
9225	15063
9210	14975
9249	15035
9241	15007
9201	15062
9198	15007
9222	15038
9237	15088
9225	15043
9237	15082
9206	14980
9245	15074
9202	15010
9222	14982
9249	15026
9255	15040
9188	15012
9225	15043
9215	14987
9243	14993
9230	14979
9230	15082
9215	14980
9210	15046
9187	14999
9262	15015
9195	15035
9217	15066
9225	15056
9225	14988
9234	15003
9206	15082
9259	15038
9192	14994
9242	15007
9249	15055
9205	15047
9245	15063
9215	15046
9210	15037
9230	15020
9210	15063
9215	15046
9212	15088
9186	15012
9216	14993
9217	14985
9246	15072
9202	15018
9234	15007
9206	14990
9256	15003
9215	15037
9206	15003
9232	14994
9215	15026
9212	15001
9195	15007
9219	15033
9252	15026
9232	15044
9258	14998
9248	15045
9263	15003
9237	15003
9218	15007
9218	14985
9238	14975
9242	15059
9245	14975
9209	15088
9215	14986
9206	15012
9242	14975
9200	15062
9241	15042
9206	15007
9199	15020
9241	14982
9240	15071
9246	15072
9222	15079
9257	15026
9242	15088
9215	15007
9215	15056
9208	14997
9237	15003
9225	14996
9206	15017
9249	15007
9189	15052
9248	15007
9216	15059
9208	14997
9206	15053
9251	15088
9223	15007
9225	15056
9226	15007
9215	15048
9192	15044
9232	14994
9234	15056
9260	15088
9215	15066
9217	14976
9212	15088
9221	15088
9240	15082
9215	15012
9210	15063
9199	15082
9196	15003
9225	14988
9222	15071
9206	15003
9206	14993
9192	15044
9222	15020
9236	15088
9216	14975
9206	15082
9205	15047
9225	15045
9208	15088
9243	14993
9195	15035
9221	15088
9243	15084
9251	15003
9206	15064
9212	14992
9237	15076
9203	15082
9207	15007
9206	15064
9215	15017
9225	15039
9239	15058
9251	15064
9216	15074
9217	15026
9215	15085
9217	15066
9186	15012
9225	15025
9216	15000
9225	15003
9217	15039
9195	15061
9217	15088
9245	14975
9195	15012
9247	15038
9218	15026
9249	15000
9222	15062
9245	14999
9244	15088
9195	14997
9210	14993
9226	15056
9218	15088
9245	15063
9216	14975
9202	14993
9214	15088
9188	15051
9245	14993
9263	15088
9241	15007
9225	15007
9226	15056
9191	15041
9240	15038
9209	15039
9249	15012
9206	15045
9218	14985
9210	15007
9234	15003
9217	14985
9257	15061
9215	14986
9256	14984
9222	15082
9216	14977
9216	15007
9225	14976
9215	15082
9217	15000
9242	15010
9254	15007
9220	15007
9242	15007
9210	14975
9262	14983
9209	15026
9211	15088
9264	15392
9565	15123
9561	15618
9388	15303
9264	15412
9264	15205
9425	15379
9543	15429
9433	15122
9342	15404
9565	15627
9361	15245
9272	15102
9442	15554
9499	15521
9497	15336
9470	15599
9380	15284
9355	15233
9264	15638
9528	15575
9431	15591
9474	15473
9300	15218
9477	15218
9526	15572
9592	15666
9283	15211
9353	15097
9286	15404
9577	15645
9543	15590
9528	15322
9578	15128
9524	15138
9590	15662
9445	15507
9286	15544
9563	15201
9447	15518
9538	15358
9538	15114
9457	15146
9341	15152
9477	15218
9570	15638
9516	15554
9538	15585
9435	15394
9302	15242
9302	15381
9524	15510
9497	15647
9289	15133
9295	15246
9522	15421
9541	15593
9431	15570
9593	15629
9557	15524
9537	15570
9594	15662
9538	15483
9565	15627
9269	15196
9507	15537
9538	15381
9439	15242
9275	15180
9469	15462
9367	15098
9333	15287
9317	15180
9578	15128
9420	15297
9403	15324
9294	15570
9364	15251
9578	15580
9284	15126
9497	15559
9504	15531
9311	15176
9436	15218
9264	15470
9526	15572
9436	15483
9563	15620
9491	15508
9367	15197
9333	15607
9264	15508
9484	15627
9421	15565
9360	15649
9563	15201
9524	15591
9426	15585
9333	15273
9264	15470
9343	15219
9433	15387
9582	15652
9294	15334
9539	15184
9420	15368
9333	15378
9525	15571
9439	15404
9524	15570
9354	15232
9360	15371
9509	15334
9342	15156
9419	15366
9518	15240
9449	15427
9281	15121
9439	15242
9548	15599
9326	15427
9398	15320
9439	15404
9300	15299
9543	15590
9286	15242
9444	15427
9448	15424
9340	15232
9544	15334
9578	15647
9458	15438
9497	15518
9484	15494
9511	15551
9478	15484
9379	15386
9557	15381
9395	15317
9545	15594
9317	15474
9269	15196
9588	15661
9308	15543
9333	15427
9536	15509
9360	15419
9463	15452
9464	15193
9456	15371
9509	15543
9392	15312
9309	15171
9463	15452
9379	15359
9367	15098
9273	15105
9524	15543
9453	15434
9264	15192
9527	15167
9433	15311
9509	15570
9542	15386
9302	15156
9320	15108
9585	15659
9360	15442
9522	15488
9529	15576
9539	15570
9341	15218
9433	15483
9488	15503
9409	15336
9300	15218
9592	15666
9272	15102
9579	15648
9341	15299
9317	15423
9499	15521
9367	15258
9409	15575
9264	15412
9341	15218
9306	15332
9446	15418
9359	15556
9461	15448
9326	15453
9333	15646
9373	15502
9544	15385
9391	15182
9392	15312
9306	15589
9372	15263
9264	15532
9464	15453
9436	15396
9422	15370
9538	15524
9409	15246
9467	15461
9459	15444
9476	15481
9327	15336
9335	15397
9360	15649
9340	15162
9570	15638
9517	15665
9493	15515
9431	15591
9501	15419
9317	15184
9304	15162
9293	15137
9483	15493
9570	15460
9434	15388
9578	15384
9264	15233
9359	15387
9264	15504
9360	15509
9543	15238
9306	15245
9306	15384
9477	15664
9360	15264
9382	15289
9341	15299
9400	15321
9472	15470
9498	15519
9524	15138
9264	15434
9528	15575
9538	15524
9458	15438
9299	15149
9538	15585
9502	15530
9449	15453
9433	15524
9282	15125
9572	15507
9544	15570
9433	15570
9442	15408
9366	15638
9501	15381
9408	15098
9482	15406
9381	15283
9426	15404
9309	15171
9459	15444
9591	15483
9409	15575
9591	15664
9501	15524
9557	15371
9428	15383
9447	15518
9436	15483
9532	15144
9264	15434
9320	15609
9475	15475
9384	15218
9265	15097
9578	15543
9313	15209
9300	15299
9479	15487
9403	15324
9460	15446
9497	15543
9519	15457
9497	15575
9323	15190
9317	15184
9521	15560
9507	15537
9433	15387
9515	15365
9487	15501
9372	15263
9346	15483
9432	15647
9404	15326
9283	15211
9325	15289
9381	15386
9462	15450
9310	15586
9379	15283
9544	15385
9359	15311
9294	15138
9578	15610
9294	15570
9286	15129
9409	15647
9578	15184
9426	15371
9333	15199
9431	15385
9366	15256
9497	15647
9581	15384
9472	15470
9486	15498
9386	15300
9528	15662
9310	15586
9308	15170
9538	15371
9557	15585
9537	15513
9264	15508
9316	15180
9591	15483
9386	15300
9360	15524
9334	15201
9426	15371
9300	15152
9306	15166
9522	15565
9497	15575
9510	15548
9280	15627
9539	15543
9468	15465
9280	15518
9477	15483
9509	15543
9484	15548
9465	15456
9331	15484
9527	15573
9264	15656
9506	15446
