0	5
7	13
12	16
14	20
26	31
28	33
32	39
35	40
36	41
38	48
41	52
43	53
44	55
73	83
77	90
78	91
81	94
82	95
83	97
96	106
105	110
106	111
115	122
118	125
125	133
138	146
153	158
160	165
173	173
181	176
188	185
192	188
193	191
203	200
204	201
214	209
218	214
236	222
247	242
250	243
265	256
288	272
289	275
294	281
298	284
310	293
321	303
323	306
333	313
335	317
345	327
347	331
358	345
377	359
381	361
395	373
414	390
416	392
418	395
422	396
424	398
426	400
427	401
428	402
429	404
437	417
447	422
448	423
453	426
457	434
459	435
463	441
466	443
468	448
473	453
487	465
502	476
508	479
510	480
512	481
524	487
527	491
530	493
543	506
550	525
554	533
555	534
557	536
558	538
560	540
561	542
565	544
569	550
585	566
586	569
589	570
593	573
602	581
609	583
614	586
616	589
621	597
622	601
627	603
628	605
635	610
640	615
644	622
646	624
658	635
659	636
660	637
662	640
673	648
678	659
679	660
705	675
706	676
714	682
722	693
726	697
728	698
730	699
742	706
747	711
752	716
755	720
758	721
760	722
781	733
782	735
787	739
793	743
813	762
820	772
828	774
837	788
839	789
843	791
848	795
861	811
863	813
882	824
885	827
904	844
907	845
920	848
930	850
943	860
948	862
951	867
954	869
958	873
959	874
964	880
965	881
972	890
984	904
987	906
990	907
1009	919
1012	921
1019	926
1042	956
1048	958
1049	959
1053	963
1058	965
1059	966
1060	967
1069	971
1073	975
1081	979
1085	983
1086	984
1090	990
1095	996
1097	997
1114	1008
1117	1010
1123	1014
1124	1015
1128	1021
1139	1028
1167	1054
1171	1058
1176	1061
1197	1066
1198	1068
1208	1078
1220	1092
1222	1096
1223	1098
1230	1106
1239	1113
1243	1121
1251	1126
1273	1141
1274	1143
1279	1150
1282	1154
1293	1157
1298	1161
1301	1163
1302	1164
1321	1178
1344	1195
1355	1206
1358	1211
1365	1216
1367	1222
1378	1232
1389	1243
1397	1249
1401	1251
1419	1266
1429	1273
1433	1275
1441	1286
1448	1291
1451	1292
1456	1293
1470	1299
1473	1301
1474	1305
1475	1306
1484	1309
1485	1311
1487	1312
1496	1317
1497	1318
1506	1322
1510	1325
1523	1333
1538	1349
1549	1358
1551	1361
1555	1365
1556	1366
1568	1381
1576	1383
1577	1386
1578	1388
1588	1395
1590	1396
1591	1397
1598	1402
1601	1406
1610	1413
1611	1414
1614	1415
1619	1418
1634	1432
1639	1437
1656	1447
1657	1448
1659	1449
1671	1463
1672	1468
1684	1479
1690	1485
1696	1490
1715	1506
1728	1515
1744	1535
1745	1537
1748	1540
1753	1543
1759	1547
1764	1552
1787	1576
1790	1580
1792	1582
1797	1587
1800	1588
1803	1592
1811	1608
1819	1615
1821	1616
1839	1634
1842	1638
1844	1639
1845	1640
1848	1643
1859	1650
1877	1656
1880	1659
1883	1665
1887	1668
1893	1673
1900	1679
1908	1683
1915	1689
1926	1695
1935	1704
1937	1708
1939	1713
1948	1726
1951	1728
1958	1741
1967	1747
1971	1750
1974	1755
1976	1756
1977	1757
1980	1761
1984	1768
1994	1773
2007	1779
2015	1787
2030	1794
2035	1804
2037	1805
2049	1819
2067	1833
2069	1835
2075	1838
2078	1842
2079	1845
2084	1849
2088	1856
2096	1859
2100	1864
2113	1871
2115	1872
2116	1873
2119	1876
2125	1879
2143	1896
2160	1910
2163	1914
2181	1936
2202	1953
2207	1958
2211	1962
2231	1977
2232	1979
2236	1981
2254	1992
2263	1998
2292	2025
2305	2040
2313	2047
2315	2051
2317	2053
2334	2069
2337	2072
2341	2074
2342	2076
2345	2080
2351	2083
2369	2096
2370	2098
2378	2105
2385	2110
2393	2120
2400	2128
2401	2129
2404	2133
2405	2134
2409	2137
2413	2143
2432	2162
2434	2164
2438	2165
2440	2166
2447	2170
2450	2173
2456	2175
2457	2179
2458	2182
2470	2192
2472	2195
2474	2197
2478	2200
2493	2206
2494	2207
2509	2224
2517	2230
2524	2232
2525	2234
2529	2236
2550	2255
2553	2256
2557	2258
2564	2261
2569	2264
2570	2267
2572	2270
2575	2273
2576	2274
2581	2276
2590	2286
2594	2290
2597	2292
2598	2294
2612	2305
2614	2308
2621	2314
2626	2318
2630	2320
2637	2322
2638	2323
2643	2329
2663	2344
2680	2358
2688	2363
2689	2364
2727	2394
2728	2395
2734	2401
2744	2409
2752	2417
2754	2418
2757	2422
2758	2423
2762	2426
2769	2431
2783	2439
2800	2448
2812	2454
2827	2463
2828	2464
2831	2466
2835	2472
2837	2474
2840	2476
2857	2486
2860	2488
2862	2489
2865	2491
2868	2493
2870	2497
2877	2499
2880	2505
2898	2521
2904	2524
2908	2528
2910	2530
2943	2556
2966	2574
2968	2576
2972	2577
2978	2579
2979	2580
2988	2583
2994	2586
3000	2592
3002	2593
3012	2603
3016	2607
3017	2608
3025	2613
3032	2617
3037	2622
3038	2623
3040	2624
3042	2626
3046	2629
3057	2638
3058	2642
3059	2645
3067	2659
3077	2661
3080	2666
3083	2671
3084	2672
3098	2685
3103	2686
3109	2693
3127	2705
3136	2707
3144	2712
3149	2716
3151	2723
3154	2727
3163	2738
3164	2740
3167	2743
3173	2751
3179	2757
3192	2764
3197	2768
3198	2769
3201	2773
3209	2780
3218	2788
3219	2789
3221	2793
3225	2803
3228	2804
3230	2806
3238	2810
3239	2811
3252	2820
3256	2825
3258	2830
3267	2837
3271	2838
3276	2841
3278	2844
3284	2855
3295	2861
3308	2871
3311	2874
3317	2877
3318	2881
3320	2883
3330	2894
3338	2899
3344	2909
3347	2910
3349	2911
3356	2915
3364	2921
3367	2922
3368	2923
3369	2925
3377	2934
3379	2939
3387	2944
3389	2945
3400	2949
3404	2951
3409	2956
3419	2959
3428	2963
3435	2972
3455	2997
3456	3000
3478	3024
3486	3030
3493	3035
3497	3039
3508	3050
3517	3058
3518	3059
3540	3070
3541	3071
3552	3080
3558	3085
3571	3093
3577	3096
3590	3109
3594	3112
3597	3115
3598	3116
3601	3121
3603	3122
3604	3123
3611	3131
3618	3139
3627	3149
3652	3177
3653	3178
3654	3180
3660	3186
3662	3189
3663	3190
3668	3193
3673	3197
3674	3198
3677	3201
3679	3203
3686	3209
3689	3211
3692	3215
3696	3220
3703	3223
3704	3225
3710	3233
3714	3236
3720	3240
3734	3251
3735	3252
3737	3253
3751	3271
3753	3276
3761	3288
3763	3293
3769	3297
3772	3300
3775	3303
3782	3306
3784	3309
3785	3310
3794	3314
3797	3316
3800	3320
3801	3321
3815	3333
3816	3334
3819	3335
3825	3345
3826	3346
3833	3350
3836	3355
3863	3371
3876	3394
3884	3399
3899	3407
3905	3411
3913	3414
3921	3421
3923	3422
3941	3436
3957	3446
3970	3452
3975	3454
3979	3458
3980	3459
3983	3461
3986	3466
3991	3474
4007	3477
4009	3478
4010	3479
4025	3485
4027	3487
4030	3490
4033	3491
4042	3510
4048	3512
4049	3513
4054	3515
4056	3516
4065	3524
4066	3526
4078	3536
4094	3546
4101	3551
4105	3554
4111	3558
4112	3564
4127	3574
4136	3583
4137	3587
4141	3593
4146	3597
4162	3614
4185	3634
4192	3640
4194	3643
4195	3644
4203	3653
4213	3662
4215	3663
4223	3666
4224	3668
4225	3671
4227	3673
4245	3688
4248	3689
4256	3698
4264	3706
4267	3709
4271	3712
4283	3725
4290	3732
4292	3735
4297	3738
4304	3742
4305	3743
4312	3748
4317	3750
4319	3752
4328	3760
4334	3766
4340	3770
4344	3771
4349	3776
4352	3779
4359	3785
4361	3786
4363	3789
4372	3799
4380	3803
4382	3805
4384	3806
4387	3809
4394	3819
4401	3822
4405	3827
4415	3834
4420	3836
4424	3843
4426	3845
4432	3857
4433	3858
4438	3862
4441	3864
4442	3866
4444	3869
4454	3871
4458	3874
4465	3880
4474	3889
4476	3896
4479	3898
4480	3902
4482	3904
4488	3907
4500	3919
4506	3925
4508	3927
4516	3933
4523	3938
4528	3940
4542	3955
4553	3963
4555	3964
4561	3968
4566	3970
4569	3974
4571	3977
4579	3983
4600	3998
4601	3999
4613	4007
4624	4016
4626	4018
4627	4021
4638	4027
4654	4028
4658	4031
4670	4045
4680	4052
4689	4063
4699	4074
4704	4077
4711	4082
4723	4091
4737	4101
4743	4107
4746	4110
4749	4115
4751	4116
4758	4121
4765	4125
4778	4133
4781	4136
4787	4141
4789	4145
4790	4146
4794	4152
4796	4153
4809	4166
4813	4171
4821	4172
4823	4175
4836	4183
4837	4185
4840	4188
4845	4194
4853	4206
4859	4211
4863	4212
4864	4213
4885	4228
4888	4232
4890	4234
4893	4236
4897	4243
4901	4248
4918	4266
4925	4268
4929	4273
4930	4274
4934	4283
4936	4284
4952	4295
4963	4308
4968	4319
4976	4326
4977	4329
4979	4331
4980	4332
4981	4333
4984	4336
4995	4349
5001	4352
5017	4366
5020	4367
5034	4376
5038	4380
5039	4382
5040	4383
5049	4388
5076	4412
5077	4413
5093	4425
5096	4427
5108	4436
5135	4450
5145	4453
5146	4454
5160	4465
5163	4467
5167	4470
5170	4476
5175	4479
5180	4487
5190	4489
5201	4499
5202	4502
5205	4504
5206	4505
5209	4508
5220	4513
5227	4530
5236	4535
5237	4537
5242	4538
5251	4545
5260	4555
5266	4556
5268	4558
5271	4560
5279	4564
5282	4569
5293	4578
5297	4580
5300	4584
5301	4585
5311	4596
5314	4597
5318	4599
5336	4619
5340	4624
5342	4626
5356	4639
5366	4652
5379	4660
5381	4662
5383	4663
5389	4670
5390	4671
5395	4678
5396	4679
5400	4684
5402	4686
5411	4694
5422	4704
5434	4714
5436	4715
5451	4727
5458	4729
5459	4730
5467	4736
5473	4739
5485	4753
5510	4769
5511	4770
5514	4774
5516	4776
5522	4780
5529	4786
5540	4799
5542	4800
5543	4801
5555	4815
5572	4824
5573	4827
5575	4829
5582	4839
5585	4842
5601	4863
5605	4867
5623	4882
5626	4886
5628	4888
5631	4889
5639	4896
5644	4903
5663	4918
5664	4919
5666	4921
5671	4925
5677	4927
5684	4931
5695	4939
5707	4945
5712	4949
5722	4957
5726	4960
5729	4966
5730	4967
5737	4976
5738	4978
5744	4983
5755	4988
5758	4991
5760	4992
5764	4994
5770	5003
5771	5004
5772	5005
5778	5010
5780	5012
5781	5014
5782	5016
5787	5020
5788	5022
5791	5023
5798	5025
5800	5026
5801	5027
5803	5028
5806	5035
5813	5038
5815	5039
5823	5055
5824	5057
5826	5059
5832	5065
5835	5068
5843	5073
5846	5077
5848	5078
5863	5083
5864	5085
5874	5096
5877	5100
5882	5107
5901	5120
5903	5121
5904	5122
5906	5123
5907	5124
5910	5126
5911	5127
5933	5141
5952	5150
5953	5152
5959	5160
5980	5177
6004	5206
6006	5208
6014	5217
6022	5223
6023	5225
6039	5241
6042	5246
6046	5251
6055	5255
6059	5259
6061	5263
6065	5265
6069	5268
6070	5269
6081	5276
6093	5282
6097	5287
6102	5289
6108	5292
6112	5295
6114	5299
6118	5300
6121	5303
6127	5308
6129	5309
6141	5323
6163	5348
6169	5352
6170	5353
6173	5356
6177	5357
6182	5364
6184	5366
6188	5370
6190	5371
6197	5375
6203	5379
6206	5381
6207	5382
6212	5391
6218	5397
6226	5405
6228	5409
6242	5419
6243	5420
6251	5425
6256	5429
6259	5430
6269	5441
6271	5444
6272	5445
6275	5449
6282	5459
6283	5461
6302	5480
6315	5488
6325	5495
6338	5508
6341	5512
6344	5515
6361	5523
6365	5526
6369	5528
6371	5533
6373	5534
6376	5536
6383	5546
6399	5552
6412	5569
6414	5570
6418	5576
6425	5578
6427	5580
6430	5581
6436	5587
6438	5588
6444	5595
6448	5597
6452	5599
6453	5600
6457	5602
6458	5603
6460	5605
6461	5606
6489	5622
6493	5625
6499	5629
6500	5630
6502	5632
6510	5639
6512	5640
6517	5643
6521	5646
6525	5648
6526	5649
6539	5667
6544	5671
6547	5676
6577	5698
6578	5699
6580	5702
6585	5710
6596	5725
6601	5734
6615	5746
6616	5747
6617	5748
6624	5757
6628	5760
6636	5767
6662	5790
6673	5801
6674	5803
6705	5824
6711	5832
6713	5833
6746	5857
6750	5860
6769	5878
6770	5879
6771	5880
6797	5908
6798	5909
6807	5916
6808	5917
6812	5921
6822	5932
6828	5933
6833	5935
6847	5946
6849	5947
6851	5949
6862	5958
6869	5963
6888	5980
6900	5992
6904	5994
6911	5997
6922	6006
6923	6007
6927	6009
6934	6013
6939	6016
6941	6017
6944	6021
6951	6024
6961	6033
6964	6036
6978	6046
6989	6056
6992	6057
6998	6063
7001	6069
7003	6072
7019	6082
7027	6089
7029	6095
7031	6098
7035	6101
7039	6110
7046	6115
7048	6119
7056	6125
7058	6128
7059	6130
7061	6131
7063	6137
7064	6138
7071	6143
7078	6150
7084	6157
7085	6158
7092	6164
7102	6171
7108	6178
7110	6179
7117	6186
7121	6191
7140	6216
7145	6218
7149	6222
7163	6230
7166	6234
7168	6236
7170	6239
7171	6240
7174	6243
7179	6247
7182	6251
7213	6290
7217	6295
7227	6301
7231	6304
7233	6307
7245	6317
7250	6324
7264	6336
7288	6351
7290	6352
7297	6363
7309	6370
7312	6371
7318	6374
7320	6376
7332	6383
7335	6384
7347	6397
7355	6404
7374	6417
7385	6428
7391	6435
7403	6446
7411	6455
7415	6460
7423	6466
7430	6471
7437	6482
7442	6486
7450	6490
7461	6500
7465	6501
7472	6507
7488	6516
7513	6525
7520	6530
7533	6542
7535	6543
7543	6550
7544	6551
7551	6555
7552	6560
7558	6563
7568	6571
7579	6581
7582	6587
7588	6594
7591	6595
7605	6602
7614	6603
7620	6607
7638	6628
7639	6631
7645	6640
7653	6651
7659	6660
7664	6664
7675	6671
7676	6672
7682	6679
7690	6684
7695	6688
7701	6691
7702	6695
7704	6700
7709	6703
7711	6708
7713	6710
7723	6718
7725	6720
7730	6723
7732	6724
7733	6725
7738	6727
7742	6734
7744	6735
7751	6739
7752	6741
7776	6754
7782	6758
7787	6760
7788	6761
7790	6762
7794	6765
7798	6775
7805	6783
7807	6786
7815	6794
7816	6797
7824	6806
7825	6807
7833	6818
7835	6820
7840	6824
7843	6829
7846	6833
7848	6835
7858	6843
7862	6851
7873	6862
7881	6867
7882	6868
7883	6869
7890	6877
7902	6888
7904	6890
7907	6891
7926	6905
7929	6908
7935	6912
7944	6917
7984	6949
7989	6954
7996	6965
8014	6976
8020	6983
8030	6994
8031	6995
8034	6996
8035	6999
8040	7003
8051	7014
8056	7015
8063	7023
8066	7025
8069	7028
8090	7043
8116	7052
8119	7054
8135	7069
8136	7071
8140	7073
8142	7076
8148	7085
8178	7105
8188	7109
8193	7113
8197	7116
8200	7120
8201	7121
8205	7130
8214	7136
8224	7145
8226	7147
8238	7152
8240	7154
8241	7155
8242	7156
8256	7174
8257	7176
8280	7188
8283	7190
8302	7216
8304	7218
8308	7226
8310	7230
8312	7233
8322	7240
8329	7245
8336	7253
8347	7260
8349	7262
8353	7267
8354	7268
8364	7276
8367	7279
8370	7282
8371	7283
8376	7287
8379	7290
8382	7294
8390	7301
8394	7304
8396	7306
8398	7307
8437	7327
8441	7330
8443	7334
8445	7338
8448	7340
8449	7341
8451	7345
8463	7354
8467	7360
8470	7369
8473	7372
8483	7380
8489	7388
8492	7390
8494	7391
8497	7393
8512	7403
8516	7411
8529	7419
8533	7421
8536	7422
8538	7423
8552	7433
8571	7446
8574	7448
8597	7476
8598	7478
8601	7480
8604	7482
8606	7484
8610	7486
8615	7495
8619	7504
8621	7508
8626	7516
8642	7532
8645	7539
8648	7543
8655	7547
8659	7551
8662	7553
8666	7554
8671	7563
8672	7564
8682	7576
8692	7582
8701	7592
8705	7596
8710	7604
8717	7606
8728	7616
8730	7619
8732	7621
8744	7629
8751	7634
8774	7659
8778	7661
8779	7663
8781	7665
8787	7671
8788	7673
8796	7685
8797	7686
8800	7692
8802	7693
8803	7694
8809	7702
8812	7707
8817	7709
8818	7710
8820	7711
8821	7712
8834	7715
8836	7719
8851	7727
8852	7731
8858	7733
8869	7738
8878	7750
8881	7753
8898	7765
8900	7766
8915	7778
8921	7787
8932	7795
8941	7803
8943	7805
8953	7813
8959	7814
8963	7817
8968	7828
8978	7835
8981	7837
8983	7840
8998	7844
9001	7847
9013	7858
9014	7859
9021	7868
9028	7872
9031	7874
9033	7875
9036	7879
9037	7881
9041	7882
9051	7889
9053	7890
9055	7893
9064	7902
9067	7909
9077	7918
9090	7932
9096	7940
9103	7941
9109	7951
9129	7975
9130	7976
9137	7989
9149	7997
9153	8002
9158	8003
9163	8011
9173	8019
9175	8021
9182	8027
9183	8029
9184	8030
9190	8041
9194	8043
9201	8049
9213	8055
9218	8059
9225	8061
9227	8063
9234	8064
9237	8069
9245	8074
9247	8076
9262	8085
9272	8095
9282	8113
9318	8146
9324	8151
9326	8152
9328	8154
9330	8155
9334	8159
9339	8162
9358	8171
9359	8172
9360	8174
9364	8176
9374	8187
9384	8193
9388	8197
9403	8209
9406	8211
9410	8213
9421	8218
9426	8220
9428	8221
9436	8227
9437	8229
9442	8234
9443	8237
9453	8245
9455	8246
9465	8254
9468	8257
9469	8258
9475	8260
9485	8267
9486	8269
9489	8272
9490	8273
9492	8274
9493	8275
9505	8286
9513	8291
9515	8295
9518	8297
9520	8302
9525	8309
9532	8313
9535	8315
9543	8321
9545	8323
9548	8326
9563	8340
9585	8352
9589	8354
9595	8366
9599	8369
9600	8371
9602	8373
9606	8376
9609	8379
9626	8391
9633	8395
9641	8401
9645	8405
9668	8421
9676	8424
9677	8425
9684	8430
9690	8437
9696	8443
9699	8444
9705	8449
9714	8455
9718	8459
9721	8463
9728	8466
9731	8467
9738	8470
9755	8483
9787	8503
9813	8525
9816	8527
9818	8529
9822	8532
9837	8541
9839	8544
9840	8545
9843	8548
9848	8552
9849	8553
9852	8556
9853	8562
9860	8568
9871	8574
9881	8586
9883	8593
9884	8594
9888	8598
9897	8603
9899	8608
9909	8619
9911	8620
9916	8624
9920	8627
9921	8628
9926	8637
9927	8638
9931	8640
9935	8642
9968	8664
9972	8668
9975	8672
9976	8679
9978	8680
10011	8699
10019	8707
10020	8709
10025	8713
10029	8717
10031	8718
10037	8722
10038	8724
10040	8727
10046	8729
10049	8732
10063	8740
10064	8741
10068	8748
10074	8751
10089	8759
10092	8763
10099	8768
10109	8773
10117	8780
10119	8785
10137	8799
10159	8826
10160	8827
10181	8844
10188	8848
10194	8852
10195	8854
10220	8872
10222	8873
10230	8884
10231	8886
10233	8888
10245	8896
10253	8898
10261	8906
10268	8915
10272	8921
10275	8926
10281	8932
10295	8945
10298	8948
10301	8951
10313	8959
10318	8966
10323	8969
10328	8973
10338	8983
10352	8992
10353	8993
10366	9003
10373	9007
10377	9008
10383	9012
10385	9014
10386	9015
10393	9020
10403	9028
10409	9034
10416	9036
10438	9054
10449	9067
10455	9069
10461	9072
10472	9080
10473	9082
10475	9084
10476	9086
10489	9098
10510	9112
10513	9116
10514	9121
10516	9124
10517	9125
10527	9135
10532	9140
10537	9142
10547	9159
10553	9162
10563	9169
10571	9174
10572	9175
10577	9179
10582	9189
10589	9196
10594	9202
10603	9208
10616	9217
10624	9222
10638	9232
10655	9243
10662	9251
10671	9255
10675	9262
10683	9267
10697	9275
10729	9297
10730	9298
10738	9310
10756	9322
10751	9317
10753	9319
10755	9321
10754	9320
10903	9502
11191	9813
11350	9987
10996	9597
11315	9941
11235	9867
11069	9678
11301	9932
10760	9625
11128	9748
11383	10012
10956	9559
11422	10052
11006	9610
10836	9419
10960	9562
11305	9935
10925	9530
10836	9419
11095	9710
11007	9613
11339	9973
10941	9546
11220	9841
10761	9331
10936	9541
11187	9812
11108	9727
11028	9635
11082	9695
11223	9845
10762	9332
10862	9458
11196	9818
11168	9785
10855	9451
10760	9625
10831	9414
11198	9819
11408	10038
11236	9868
11409	10039
10917	9517
10901	9500
11339	9973
11322	9948
11415	10043
10843	9426
11132	9754
10993	9595
10781	9657
11023	9632
11073	9683
11373	10001
10872	9470
10952	9554
10986	9584
11075	9684
10803	9379
10795	9370
10859	9455
11001	9605
11419	10048
11198	9819
11052	9654
11232	9862
10792	9366
11404	10032
11088	9702
11294	9925
10946	9550
10930	9535
10860	9456
11165	9783
10832	9415
11382	10011
10966	9790
11098	9950
11156	9636
11180	9799
11175	9795
10822	9404
11418	10046
10902	9501
11291	9923
10856	9452
10864	9461
11360	9992
11358	9990
11139	9763
11392	10019
10975	9573
11289	9922
10810	9384
11284	9917
10926	9532
10853	9441
11008	9614
11011	9583
11125	10044
10770	9339
10880	9476
10846	9434
10941	9546
11363	9997
11155	9777
11377	10005
11097	9711
11256	9889
11318	9945
10942	9812
11090	9703
11157	9491
11104	9722
10766	9334
11119	9741
10772	9343
11226	9850
10931	9537
10760	9705
11042	9645
11203	9824
11086	9701
11075	9684
10785	9362
11119	9741
10810	9384
11135	9759
11195	9817
10999	9603
10966	9790
10907	9504
10954	9556
11417	10045
11332	9963
11413	10041
10886	9483
10949	9552
10824	9406
11195	9817
10862	9458
11004	9609
10970	9570
10790	9365
10829	9412
11347	9982
11237	9872
11202	9823
11401	10028
11097	9711
10822	9404
11289	9922
11281	9438
11369	10000
10891	9487
10992	9895
11266	9900
11322	9948
11199	9820
11133	9755
11055	9658
10911	9509
11095	9710
10842	9425
10937	9543
11240	9874
11297	9926
11038	9848
10981	9577
10987	9585
11209	9829
11219	9840
11073	9683
11424	10054
11381	10010
11184	9807
13468	12068
13522	12121
13279	11879
12922	11515
12854	11797
13110	11719
12248	10866
13504	12104
12593	11197
12688	11293
12438	11048
13052	11834
12922	11515
12496	11105
12476	11084
12311	10928
12960	11551
12556	11166
12620	11219
13112	11721
13186	11789
12764	12160
12533	11144
13038	11636
12774	11371
12978	11570
13475	12076
12499	11220
12393	11010
13016	11610
13024	11619
13378	11984
12188	10810
13071	11679
12720	11321
13649	12216
13503	12103
13011	11606
13650	12217
12821	11416
12567	11177
13258	11855
12937	11530
13289	11889
13410	12016
12177	10799
12348	10963
12984	11574
12627	11227
12722	11324
13123	11729
12381	10998
13196	11799
12292	10908
12630	11231
13438	12043
13399	12004
12271	10885
12355	10974
12161	10775
12924	11516
12551	11160
13253	12196
12313	10931
13411	12017
13507	12105
13013	11609
12432	11042
13395	12000
12753	11350
13360	11965
13176	11781
12305	10923
13444	12049
13211	11815
13618	12194
12290	10906
12408	11025
13013	11609
12819	11413
12679	11284
12950	12145
12184	11836
12489	11098
12618	11517
12354	10973
12282	10898
12161	11613
12965	11554
12469	11081
13028	11626
12952	11546
12595	11199
12576	11185
13424	12031
12243	10859
13521	12120
13551	12143
12705	11309
12882	11479
12434	11044
13052	11555
13662	12226
13111	11720
12893	11492
12585	11191
13240	11846
13152	11760
12904	11500
13151	12219
12397	11013
12168	10783
12575	11184
13358	11963
12586	11192
12350	10966
13433	10849
12269	10883
13273	11869
13268	11866
12309	10926
12967	11557
12873	11472
13011	11606
13106	11746
12233	10853
13167	11773
12576	11185
12833	11429
12290	10906
13044	11645
12837	11436
12567	11177
13231	11838
12265	10878
13039	11637
13148	11756
13385	11991
13223	11829
12438	11048
12327	10947
13310	11908
12494	11104
12769	11362
12869	12154
12260	10875
13128	12047
13354	11957
13336	11935
13290	11890
12542	11152
13497	12098
13207	11811
13629	12199
12335	10950
12549	11158
12902	11499
12560	11172
12619	11218
12283	10899
12647	11248
12344	10957
12654	11258
12884	11482
13657	12221
13082	11691
12374	10988
13044	11645
12967	11557
12241	10858
12409	11026
13562	12152
12397	11013
13182	11786
13396	12002
13259	11856
12614	10822
13405	12010
13628	12198
13603	12185
12490	11099
13305	11904
12261	11322
12416	11030
13578	12164
12722	11324
12493	11103
12226	10845
13348	11493
13037	11635
13213	11817
12321	10941
13352	11954
12623	11224
13272	11868
12189	10812
13397	12003
13262	11859
13494	12093
13435	12039
12591	11196
12698	11299
12836	11435
12870	11467
12897	11496
12416	11030
12525	11138
13034	11633
12909	11504
13216	11820
12167	10782
12878	11477
13332	11931
12301	10918
12942	11535
13535	12129
12740	11341
13095	11705
12673	11276
13311	11909
12704	11308
13488	12088
13662	12226
13445	12050
13383	11988
12666	11270
13567	12155
13278	11878
12734	11336
12851	11451
13051	11658
13094	11704
13200	11804
13488	12088
13027	11625
13635	12204
12387	11003
13465	12064
13079	11689
13222	11828
13450	12052
12580	11188
13048	11656
12651	11254
12402	11019
13101	11713
12739	11340
13289	11889
12694	11297
12223	10842
12822	11417
13525	11023
13244	10818
12224	11696
13418	12026
13617	12193
13141	10851
12457	11065
13141	11618
13351	11952
13066	11674
12925	11517
12343	10956
12582	11189
12203	10826
12480	11092
13049	11657
13633	12202
12929	11520
13066	11674
13433	10849
12672	11274
12471	11079
12917	11511
12215	10833
13526	12122
13322	11920
13473	12074
12432	11042
13220	11825
12311	10928
13637	12205
12372	10986
13526	12122
13090	11698
13404	12009
13446	12051
13481	12082
13647	12215
13115	11724
12486	11095
12648	11250
13105	11715
12151	10766
12754	11351
13607	12187
13559	12150
12614	11214
12398	11014
13024	11619
12656	11259
12840	11438
13360	11965
13530	12127
13637	12205
13150	11758
12435	11045
12384	10999
13166	11771
12739	11340
13350	11953
12888	11487
13404	12009
12303	10919
12462	11070
12862	11463
12319	10938
13631	12200
13043	11643
12378	10993
12602	11205
12453	11062
12826	11423
13125	11733
13517	12114
12255	10873
12672	11274
12300	10916
13513	12110
13536	12130
13533	12128
12535	11146
12653	11257
13077	11686
13361	11966
13629	12199
13207	12067
13561	12151
13472	12073
12434	11044
12436	11046
12189	10812
12810	11406
12472	11080
12807	11401
12934	11525
12171	10788
13600	12181
12938	11531
12969	11563
12958	11549
13177	11782
13496	12095
12600	11204
13645	12213
13174	11780
13132	11007
13211	11180
13540	12135
12523	11136
13536	12130
13209	11814
13096	11707
13108	11718
12317	10935
12272	10887
13023	11616
12998	11587
12413	11028
12385	11000
13418	12026
13412	12018
12608	11209
13415	12022
12856	11455
12774	11371
12600	11048
12333	10949
12193	10816
13211	11180
12768	11361
13519	12117
12303	10919
12885	11484
13057	11665
13316	11914
13373	11186
13004	11596
12542	11152
12803	11394
13274	11871
12499	11109
13416	12024
13055	11663
13092	11702
12510	10849
13288	11887
12855	11454
12270	10884
12852	11247
12224	10844
12596	11200
12494	11104
12765	11360
13499	12099
13220	11825
12604	11207
13581	12165
13331	11930
13208	11812
13657	12221
13371	11978
12220	10839
13638	12206
12741	11342
12900	11498
12658	11262
13314	11912
13275	11872
13049	11657
12896	11494
12823	11419
13285	11885
12232	10852
13169	11776
12260	10875
13136	11742
12428	11039
12749	11346
13431	12034
13190	11793
13258	11855
12665	11268
13551	12143
12636	11239
12925	11217
13122	11728
13339	11939
12523	11136
12230	10850
13598	12178
12457	11065
13649	12216
12770	11363
13444	12049
13078	11687
12615	11215
12885	11484
13184	11787
12304	10922
13405	12010
13203	11807
12550	11159
13380	11986
12389	11004
13438	12043
12694	11297
12326	10946
12741	11342
12571	11182
13474	12075
12800	11392
12755	11352
13600	12181
13323	11921
13533	12128
12712	11314
12913	11657
12988	11580
12889	11488
13053	11661
13571	12159
12187	10809
13187	11790
13635	12204
12699	11301
13603	12185
12406	11024
12685	11290
12752	11349
13052	10806
13571	12159
12164	11851
13075	11682
13204	10798
12197	10823
13345	11944
12670	11273
12372	10986
12566	11176
12876	11476
13189	11792
13514	12112
12204	10827
13632	12201
12393	11010
13099	11711
13478	12079
12719	11320
12982	11571
12428	11039
12440	11051
12254	10871
12461	11069
12909	11504
13483	12085
13441	12046
12402	11019
12621	11217
12639	11241
13029	11628
13254	11852
12504	11116
13344	11943
12561	12076
12295	10910
12974	11566
12761	11357
13029	11628
13543	12137
12839	11437
12538	11149
12284	10900
13647	12215
12611	11212
13303	11900
12974	11566
12693	11295
12606	11208
12652	11256
12521	11132
12797	11390
12381	10998
13430	12033
12760	11355
13064	11672
12666	11270
13103	11714
12565	11175
13234	11840
12861	11462
13520	12118
13070	11678
12796	11387
13417	12025
12254	10871
12985	11576
12320	10939
13515	12113
12618	11220
13164	11770
13126	11734
13005	11597
12580	11188
12433	11043
13489	12089
13408	12015
12511	11122
12452	11061
12796	11387
13623	12197
12323	10944
13541	12136
12814	11732
13514	12112
13141	10851
13598	12178
12833	11429
12954	11836
13598	11042
12369	10984
12489	11098
13229	11833
13010	11607
13355	10862
13639	12207
12536	11147
13107	11717
12578	11402
12172	10791
12164	10779
13465	12064
13317	11915
13661	12225
13022	11615
12530	11142
12228	10847
12338	10951
12642	11242
12386	11002
12501	11111
13605	11317
12878	11477
13032	11631
12384	10999
13310	11908
13387	11992
13202	11806
12918	11512
12175	10795
13503	12103
12563	11174
13106	11716
13023	11616
12618	11217
12631	11232
13257	11854
13595	12175
13138	11743
13292	11892
12652	11256
13054	11662
13039	11637
13192	11795
12945	11538
13617	12193
13648	10936
12668	11123
13141	11749
12217	10835
12163	12142
13278	11878
13552	12144
12422	11035
13123	11729
13211	11815
12264	10877
12783	11378
12328	11446
12928	11519
13152	11760
13547	12140
12167	10782
12771	11364
12398	11014
13407	12014
13274	11871
12225	11235
12546	11155
13621	12196
12653	11257
13100	11712
13541	12136
12898	11497
12289	10904
13588	12169
12624	11225
12945	11538
12843	11442
13376	11981
13132	11404
12654	11258
13353	11956
12298	10911
13446	12051
12765	11360
12417	11031
13347	11947
13062	11668
13002	11592
12555	11162
12440	11051
13082	11691
12661	11264
12723	11328
12717	11319
13161	11766
12904	11076
12238	10857
12418	11032
12975	11567
13038	11636
13633	12202
12908	11503
13317	11915
12924	11516
12997	11586
13406	12013
12859	11461
12219	10837
12775	11373
12570	11181
13189	11792
12155	10770
12373	10987
13086	11695
12975	11567
12827	11422
12387	11003
12491	11100
13476	12078
12413	11028
13313	11911
13030	11629
13306	11906
12226	10845
12501	11111
12649	11251
12157	10772
12181	10804
12933	11524
12776	11374
13043	11643
13423	12030
12299	10914
13254	11852
13089	11699
13547	12140
13394	11999
13491	11877
13156	11764
13329	11928
12649	11251
12274	10891
13378	11984
12529	11141
13052	11659
13233	11839
12368	10982
12839	11437
12884	11482
13247	11848
13353	11956
12220	10839
12473	11083
12695	11298
13564	12153
13441	12046
13641	12208
13174	11780
12468	11076
12186	10808
12983	11572
12950	12145
13407	12014
12412	11027
12889	11488
12841	11439
12161	12006
13106	11716
13068	11677
13178	11783
12262	10876
12578	11402
13245	11847
12699	11301
12215	10833
12159	10774
13232	11837
12648	11250
13642	12210
13180	11785
12307	10925
12271	10885
13020	11732
13341	11941
12814	12006
13257	11854
13222	11828
13552	12144
12844	11443
12665	11268
13270	11867
13349	11948
12365	10980
12683	11288
13467	11811
12631	11232
13527	12124
12465	11074
12865	10979
13004	11596
13144	11751
12390	11005
12959	11550
13268	11866
12439	11049
13188	11791
12164	11851
12809	11404
13640	12209
12345	10959
12867	11465
13478	12079
12704	11308
13634	12203
13384	11989
12628	10921
13337	11936
13357	11961
12830	11323
13471	12072
12660	12092
13161	11766
13006	11599
13236	11843
12966	11556
12152	10767
12479	11091
12382	11844
12191	10813
13240	11846
13167	11573
12406	11024
13428	10907
12622	11222
12524	11137
13368	11975
13053	11661
13486	12086
12787	11382
12575	11184
13419	12027
12441	11052
13584	12167
13193	11796
12343	10956
13281	11881
13076	11685
12849	11449
12911	11505
13091	11701
13098	11709
12538	11149
12918	11512
13467	12067
13158	11765
13163	11769
12868	11466
12935	11526
13287	11886
13219	11822
13144	11751
12468	11076
12831	11427
12579	10844
12509	11119
13297	11895
12293	10909
12175	10795
12873	11689
12825	11421
12676	11280
12237	10856
13122	11728
12958	11549
13026	11624
13261	11858
12166	10780
13483	12085
13610	12189
12548	11157
12478	11089
13031	11630
13282	11884
12646	11247
12873	11689
13262	11859
12509	11119
13087	11696
12664	11267
12816	11410
13336	11935
12453	11062
13071	11679
12346	10960
13593	12172
12968	11561
12854	11453
13487	12087
12823	11419
12893	11492
13412	12018
13027	11625
12539	11150
12610	11211
13619	12195
12788	11383
13184	11787
12867	11465
12534	11145
12414	11029
12238	10857
12241	10858
13247	11848
12374	10988
12633	11236
13451	12053
12534	11145
12513	11124
13365	11972
13529	12126
12752	11349
12284	10900
13331	11930
13357	11961
13550	12142
12768	12189
12322	10942
12419	11033
12249	10867
13107	11717
12785	11380
12368	10982
13500	12100
12806	11400
12520	11130
13020	11613
13658	12222
12768	11361
12934	11525
12824	11420
12950	11544
12463	11071
12624	11225
12205	10828
13276	11873
12558	11170
13451	12053
12633	11236
13394	11999
13019	11611
13614	12191
13545	12138
12380	10996
12886	11485
12682	11287
12419	11033
13501	12101
13127	11735
13393	11996
13156	11764
14325	12232
14067	12874
13817	12256
14144	13242
14160	13345
14252	12731
14493	12862
14401	12455
13988	13345
13817	13172
13801	12795
14252	12955
13695	12824
13768	13233
14402	12918
14602	12955
13703	12342
14694	12886
14299	13106
14401	12594
13695	13215
13682	12279
14458	12367
13994	12736
13901	13278
13824	12863
13859	12779
13679	13215
14641	12701
14450	13115
13861	12262
13801	12824
13885	13165
14641	13028
14206	13030
14683	13332
14694	12270
13694	13050
14458	13172
14268	13233
13815	13178
14045	12586
13912	13233
14137	13233
13901	12357
13785	13345
14370	12983
14601	13233
14243	12948
13835	12785
13692	13334
14588	13345
13789	13066
14207	13115
14307	13235
14401	12814
14673	12251
13990	12539
14127	12744
14207	12795
14628	12824
13726	12874
13747	12608
14174	13311
13718	12334
13726	13278
13943	12490
14207	13047
13994	12986
13794	13224
14543	13187
13801	13235
13801	12831
14663	12425
13799	12642
14071	12374
14285	13026
13802	12490
14111	13345
14146	12824
13994	12662
13801	12474
14690	12767
13910	12440
14163	12769
14562	12500
14614	13045
13913	12831
14162	13251
14429	12512
14659	13135
13976	13233
14252	12779
14694	13026
13980	13149
14631	12490
14287	13233
14663	13118
14214	12359
14252	13026
13994	13325
13726	12278
14401	12659
13901	12231
14458	13040
13726	13233
14347	12748
14113	13172
14168	13345
13901	13235
14148	13308
14694	12350
14507	13148
14111	12779
14211	13168
14219	13172
13817	13206
14178	12802
13986	12596
14688	13135
13844	13269
14451	12456
14178	12824
13726	12825
14157	13233
14695	12301
14561	12965
14129	12824
14138	13189
14484	12926
14140	13140
14664	12561
14285	13333
14178	12287
14111	13197
14341	12936
13824	13050
14163	13121
13768	12803
14440	13046
14472	13233
13826	13345
14384	12965
14111	12786
14297	12958
14065	12898
14401	12795
14148	12868
13994	12926
14458	13215
14401	12333
14561	12270
14694	12389
13835	13253
14148	13255
14254	13241
13901	12985
14383	13278
14171	12824
13801	13323
14252	12969
14642	12951
13801	12639
14694	12658
13853	13029
13772	13233
13692	13345
13726	12381
14252	12914
14148	12832
14694	12622
13972	13225
13885	12588
14119	13135
13817	12824
13835	12933
14262	13172
13853	12956
13740	12313
14588	12327
14663	12597
13760	12480
14637	12759
14082	13345
14082	12395
13817	13200
13770	12287
14694	13233
13909	13239
14356	12567
14111	13148
13901	12490
13726	12955
14543	13245
13901	12795
14082	12685
13706	12906
14373	13224
14497	12900
14235	12491
14356	12799
13719	13160
14252	12320
14078	13140
13844	12558
14049	12832
14637	12561
13801	12490
14285	12333
14694	12795
14236	13182
13824	13050
13801	12647
13948	12732
14694	12770
13824	12778
14543	13051
13994	12712
14084	12956
13835	12301
14140	13140
14660	12951
13772	12951
14567	13345
13971	13030
14641	13345
14663	12287
13768	12250
14543	13233
13787	12926
13700	12746
14694	12658
14206	12749
14117	12723
13723	13140
14148	13305
13950	12298
14441	12530
14694	12779
14550	12330
14355	13092
13972	13111
13815	12388
14641	12926
14358	12569
13863	12775
14401	13035
14663	12456
13994	12250
14252	13198
14080	13345
14663	12406
13901	12779
13694	13345
14384	12554
13718	13233
14356	12326
14084	12346
13773	12427
14401	13345
14675	12906
14268	13172
14287	13029
13770	12351
14397	12831
13924	12270
14168	13345
14356	13133
13680	12592
14002	13222
14660	12988
13901	13345
14379	12824
13768	13233
13824	13073
14206	12612
13994	12639
14694	12463
14375	12957
14252	13149
13717	12588
13994	13235
14373	12964
14641	13030
13924	12795
14258	12686
13835	12862
14678	12763
14694	12955
14129	12409
13744	12486
14287	12259
14678	13233
14401	13233
13994	12832
14401	13174
14276	13030
14252	12490
13770	13140
14254	12852
14307	12713
13789	13233
13801	12250
14694	12825
14140	12599
14111	12831
14204	13235
14480	12779
13823	12831
13815	13210
14458	12955
14679	12839
14355	13289
14252	12704
14252	13233
14252	12955
14106	13035
14005	12610
13859	13140
13853	13047
14243	12346
14601	13009
14462	13144
14252	12407
13901	12965
13726	13050
14148	12951
13901	12795
14383	13235
14631	12955
13946	12872
13817	12698
14279	13233
13774	13345
13901	12491
14148	13235
14008	12504
14426	12461
14483	12824
14148	12367
13770	13195
14087	12824
13774	13026
14145	13135
14341	12727
13844	13255
14568	13294
14111	12731
14458	13239
14084	13301
14307	12326
14398	13345
14472	12871
14588	13233
13901	12294
14617	13233
14307	12759
13826	13253
14663	12973
14434	13172
14622	12490
14365	12340
14257	13345
14490	13233
13885	13172
13695	13215
14695	13323
14401	13328
14111	13140
14631	12647
14153	12697
13961	12842
14664	12832
13924	13345
14561	13278
13701	12608
13901	12874
14338	13035
14279	13215
14663	13294
14561	12250
14588	13345
14429	12647
13901	12395
14458	13345
13901	13162
13726	13345
14606	13221
14055	13135
14331	12887
13757	13233
14252	13336
14420	13131
14305	12824
14113	13215
14213	12500
14111	13035
14145	13135
14287	12259
13815	12709
14223	12824
14694	13035
14694	13345
13801	12743
14401	12926
14318	12832
13994	12832
14695	13206
13824	13077
14622	13198
14257	12965
13901	13302
14111	12965
14179	13172
14217	12256
14401	12936
14584	13233
14252	12779
14542	12824
14080	13233
13817	12824
14124	12490
14617	13345
13752	13235
14601	12647
14585	12787
14544	13230
14268	12713
13792	12824
14694	12347
13874	13213
14338	12529
13801	13206
14588	12778
14372	12490
14052	12658
14084	12303
14178	12287
14217	12617
13994	12455
13929	13345
14061	12591
13757	12407
13885	12988
14366	12981
14663	12832
13994	13135
14148	13293
14229	13345
14694	13026
14287	12310
14543	12316
13924	13035
14641	12965
14608	13276
14010	12460
14287	12619
14561	12674
13901	12305
14694	13030
14080	12824
13994	12780
13994	12916
13770	12819
14183	13234
14502	12304
13726	12955
13960	13131
13901	12942
13972	13345
14148	12971
14214	12955
13936	12536
14252	12529
14628	12824
14694	13105
13913	13345
13901	13276
13835	12892
13853	13029
13770	13139
13919	12516
14458	13204
14664	12951
14323	12405
14178	12367
14663	13239
13706	12367
14592	13086
14235	13254
14148	12456
14409	13212
13942	13233
14605	13197
14303	12522
14401	12651
14261	12423
14319	13253
14401	13140
14206	13345
14458	12367
14026	13334
13768	13187
13846	13172
13770	12657
14148	12555
14427	12509
13770	13224
14401	12395
14442	12978
13972	12795
14111	12490
13719	13160
14631	12647
14234	13235
14122	13345
13706	12367
14261	12824
14341	13151
13856	12828
14401	12647
14319	12712
14148	12260
14663	12641
13882	12280
14514	12686
14500	13235
14663	12466
13806	12959
13768	12258
14628	13015
13667	13117
13926	13020
14697	12521
13702	12647
13901	12499
14206	12831
13924	12490
13770	12657
14178	13204
14642	12951
14193	12728
14307	12561
13952	12832
14401	12639
13707	12961
13817	13206
14189	13253
13835	12369
14622	12420
14534	12484
13933	12639
14617	13233
14160	12561
14450	12925
14188	13224
14233	12272
14148	12868
14178	13255
14694	13144
14352	12800
14588	13115
14261	12351
13865	12519
14300	13114
14325	12968
14401	13135
14111	12472
14579	12514
14409	13264
13876	12473
13994	13253
14490	12289
14207	12604
14383	12614
14401	12770
14221	12509
14631	13030
13835	12945
13770	12326
14694	13197
14628	12906
14694	13004
13676	13233
14040	12739
13945	12561
14287	12978
13726	13253
14626	12639
14458	12589
13690	12939
14543	13189
14140	12287
14663	12367
14588	12795
14325	12490
14695	12600
14401	13030
14657	13029
14304	12755
14171	12467
14525	12377
14429	13235
13972	12935
13800	12652
14458	12824
13901	12529
14179	13172
13885	12287
14663	13255
14316	13345
14364	13274
13924	13149
13972	12472
13936	12536
14611	12759
14024	12490
14429	12310
13726	13163
14458	12561
14318	12933
13726	13253
14663	12406
13823	12601
14695	13196
13801	12455
14652	12997
14500	12619
14601	13052
13689	12490
13931	12679
13824	12795
14243	12777
13768	13015
13738	13010
14641	12490
13764	12926
14460	13334
13885	12617
14411	12824
13901	13149
13748	12420
13901	12832
13801	12655
14401	12973
13817	12409
13824	12489
13966	12421
14490	12905
13726	12758
14389	13345
14457	12729
14356	12759
14079	13039
14129	13172
13726	13254
14603	13277
13901	13278
13819	12636
14470	12501
14082	13026
14267	12885
14198	13194
14635	12961
14221	12373
14663	12951
14229	13233
13901	13115
14287	13210
14248	13233
14018	12490
13941	12706
14663	13233
13819	13277
14002	13255
14074	12951
14176	12824
13695	12938
14695	12301
14132	12946
14044	13255
14398	12477
13770	12713
14458	13285
14214	12795
14401	13253
14129	13206
14628	12264
14373	12824
14694	12618
14287	13029
13916	12311
14229	13215
14229	12357
13801	12743
14450	12874
13706	13233
14277	13318
14138	13051
13835	12722
14273	12490
14111	12831
13929	12391
14164	13345
13859	12287
13972	13220
14243	12514
14356	13233
14401	13115
14049	12656
13912	13233
14337	13031
14230	12832
14561	13233
14124	12911
14661	12843
13744	12287
14036	12575
14439	12581
13885	12988
13793	12361
14458	12779
13901	12863
14450	13115
13867	12647
13824	13215
13901	13215
13901	13148
14255	13215
13901	12428
14049	12832
14239	13135
14626	12972
14694	12508
14663	12451
14490	13334
13706	13233
14588	12395
14569	13051
13924	12682
14038	12817
13885	12334
14299	12781
14641	13227
13974	13062
13964	13250
13768	12395
13845	13315
14663	12641
14134	12271
14137	12824
14265	12873
14103	12666
14373	12490
13835	12402
14093	13233
14447	12297
14243	12514
14148	13172
13838	12490
14401	12307
13757	13345
14341	13050
14382	13307
13909	12824
13727	13071
14111	13233
14038	12824
13757	12998
14288	12522
14373	12527
14663	13194
14373	12495
13698	13215
14252	13345
14694	12472
14252	12926
13801	12815
14137	12824
13924	12551
13774	13345
13817	12686
14622	13233
13910	12783
13726	12463
14221	13271
14581	13215
13952	13067
14493	12392
14660	13235
14458	12360
13815	13019
13726	12874
14265	13273
14401	13189
14023	12609
13770	12860
14289	12287
14280	13298
14339	13233
13806	12824
13768	13345
13768	12907
14694	13233
14326	12874
13726	12490
14229	13278
13794	12744
14285	13333
14185	12455
14694	12731
14401	13233
13901	12979
14252	13345
13901	12554
13994	13345
13841	12498
13901	13131
14148	12774
14155	12490
14206	12926
13824	13035
14206	12490
13856	13206
14626	12490
14111	12270
14373	12815
14148	13233
13721	13335
13801	12369
13901	12647
13858	12604
14292	12648
13853	12647
14082	12490
13801	13135
14694	12565
14252	13233
14137	13172
13846	12906
13856	12824
14285	13345
13994	12712
14694	12350
13726	13233
14176	13294
13770	12660
14544	13233
13823	12601
14525	13108
13777	12382
13801	12926
14494	12259
14401	12874
14185	12872
13824	12926
13862	13222
13757	12571
13770	12722
13801	13135
14694	13105
14663	12513
14252	12490
14285	12410
14694	13140
14261	12351
14124	12373
13913	13074
14694	13004
14490	13345
13987	12951
14609	13029
14637	12456
13789	12824
14387	12722
14476	13255
14325	12373
14077	13084
14631	12955
14144	12568
13757	13291
13817	12826
14148	13140
13980	13149
13901	12926
13834	12965
13901	13008
14186	12801
14561	13135
13976	12693
14148	12964
14393	12259
14345	13140
13994	12682
14143	12599
13770	12527
14252	12536
13801	12614
14207	12832
14251	13345
14130	12490
14285	13233
13915	12363
14140	12561
13920	12482
14214	13174
13901	12874
13732	12430
14401	13265
13760	13215
13770	12599
14596	13345
14268	13041
14373	12367
13801	12351
14289	12502
13801	13118
13782	13206
14429	12310
14028	13051
14401	12553
13770	12451
14373	13140
14345	12490
14525	13108
14222	13228
14458	12951
14084	12259
14338	13345
14503	12236
13770	13239
14469	12270
14233	12546
14288	12382
14252	12270
13801	12490
14000	12769
14140	12264
14608	13345
14373	13224
14129	12402
14096	12702
13817	12573
14303	12858
14655	12965
14362	12412
14111	12395
14412	13059
14585	12561
14499	12955
14111	12703
14127	12744
14563	12490
14229	12742
13817	13235
13762	13235
14356	13322
14681	13066
14046	12286
14634	12997
13770	13294
14383	12824
14533	12989
14678	12779
14129	13206
13823	12831
14499	13174
14383	13135
13801	13028
14216	12244
13770	12954
14561	13135
13835	12301
14694	13073
14111	13345
14318	12933
13772	12625
14490	12538
14637	12824
14111	12874
14531	12824
13994	13233
14492	13206
14133	12741
14475	12824
14401	12874
14111	12618
14356	13084
14252	12914
14626	12878
14289	12851
14148	12824
14419	13233
14148	12824
14356	12951
14039	12646
13830	13345
13760	12824
13972	12389
14287	13317
13901	13085
14118	12823
13726	13135
13801	13263
13726	12965
14252	12357
14256	12824
13717	12824
14345	13239
14643	13290
13763	13345
14261	13312
14278	12306
13770	12384
13757	12498
14316	12832
14480	12270
13815	12645
13789	12518
14588	12915
14434	12906
14458	12561
13694	13253
13770	12367
14114	12350
13692	13167
13722	12265
14243	12346
13792	13345
14500	13235
14206	12820
14287	13270
14148	12832
14358	12326
13772	12824
14434	12367
13994	12336
14626	12639
14518	12561
14010	12402
13770	12951
14356	12938
14145	13249
13901	12350
13801	12323
13789	13233
14287	13057
14221	12327
13801	12793
13972	13345
13994	13026
13943	12675
13994	12490
13757	13345
14628	13345
13726	13243
14694	12825
14274	12930
14373	12322
13901	12358
13835	12926
13987	12351
13908	13047
13722	12265
13801	12647
14428	12956
13679	13215
14694	12389
14231	12395
14561	12912
13970	12493
13835	12357
14637	13233
13667	12824
13801	12926
13875	12595
14269	12597
14358	12544
14498	13037
14227	12824
14148	12326
13901	12937
14694	12311
13695	13233
14140	13215
13810	12832
14622	13008
14450	12925
14253	13345
14561	13050
14401	12431
13976	13215
14206	13074
13946	12455
14663	12597
14663	12287
13838	12413
14536	13181
14129	12951
14546	13233
14458	12824
13901	12438
14316	13162
14529	12367
14694	12311
13835	13172
13676	12922
14426	12774
14663	13233
14561	13253
14663	12938
13924	13085
13789	12287
13869	13207
14594	12824
14036	12575
13706	12642
14543	13186
14108	12608
13706	13172
14214	12955
14373	13286
14458	12951
14377	12639
13912	12862
14133	12741
14229	12832
14663	12824
13820	13345
14425	12672
14646	12346
14361	12821
13766	13345
13901	12805
13901	13319
13901	12489
14412	13059
14631	12250
14391	12489
13726	13030
13760	13122
13847	12717
14401	13119
14694	13225
14401	12287
13835	13022
14305	13056
14173	12456
14539	12816
13726	12820
13924	12490
14305	13215
14611	12326
13961	12955
14327	12869
14178	13345
13994	12490
14111	12793
14307	12367
13901	13254
13726	12580
13838	13233
14580	12815
14384	12490
14458	13345
13770	12490
14664	12334
13966	12990
13772	12874
14458	12537
13817	12490
14452	13240
14622	13085
14111	13233
13789	13066
14624	12597
14695	12490
14458	12906
14145	12457
14320	12490
14605	13345
13901	13253
13724	12290
13838	12370
14234	12809
14694	12682
14254	12469
13994	12536
14315	13235
13979	13233
14059	13131
14207	12824
14623	12832
14129	12698
14282	12829
14408	13233
14401	12428
13801	13030
13768	12305
14093	12647
14574	12441
13851	12824
13885	12456
14214	13345
13768	13135
14111	13026
14084	12259
14545	12737
14615	12630
14052	12720
14675	12906
13768	12462
13901	12639
14622	12270
14663	12906
14480	13345
14585	13215
14204	12468
14084	12647
14401	12793
14641	12373
13770	12824
13914	12824
14129	13104
14148	12951
13740	12979
14145	13050
13885	13316
13994	12350
13901	13198
13859	12367
14664	12588
14637	13222
13695	13233
14307	13260
13801	12327
14186	12801
14401	13140
13901	12692
14268	12287
14585	13015
13835	12402
13801	12727
13901	13345
13726	12682
14343	12355
14520	12561
14433	13342
14138	12832
13818	12490
14229	12832
13856	12828
13770	12832
14084	12512
13885	13172
13770	12391
14626	13233
14337	12824
14458	13140
13764	13247
14206	12875
14637	12599
13768	13135
14420	13029
13770	12824
14345	12824
14268	12326
14178	13140
13801	13345
13789	12906
13770	13223
14487	12415
14663	13215
13729	13035
14170	12522
13824	13085
14080	12824
14143	12599
14672	13172
13770	12237
14095	12564
14287	12514
14000	12769
13901	13164
13859	13003
14243	13131
13801	13253
14663	12575
14280	13135
14588	12490
14612	13262
13774	12344
14345	12824
14565	12942
14374	12824
13920	12482
13770	13215
14171	13206
14624	12832
14694	12795
14458	12477
13935	12855
14206	12692
14429	13029
13698	12824
13738	12490
14479	13233
14383	13059
13768	12662
13835	12656
14624	12569
14535	12379
14401	12468
14588	12784
14280	13189
14295	13141
13838	12831
14080	13222
13961	13076
14248	12991
14248	13126
13817	12249
14458	13040
14345	13140
14113	12409
14631	13233
14232	12635
13994	13112
14178	12951
13770	12688
14434	12822
14148	12787
14401	12832
14458	13233
14252	13050
13770	12415
13893	13347
13924	13035
13835	12647
14178	12477
13726	13227
14287	12514
13901	12400
14429	12259
14192	12824
14292	13321
14356	12759
13761	12582
14301	12860
14694	13307
14268	12824
13824	13345
14403	13006
14626	12831
14373	13215
13885	12455
14694	13148
13929	12719
13833	12601
13901	12601
14145	13253
13757	12496
13834	13164
13950	13345
13770	13293
13824	12476
14305	13233
13770	12832
13924	13345
13976	13188
14663	13066
13801	12351
14547	13345
14356	13294
13835	12369
13922	13233
14141	13253
14401	13115
13757	12577
13853	12956
14663	12367
14458	13255
13801	12458
14221	12968
14631	12331
13706	13255
14082	13233
14356	12391
14675	12682
14601	13345
13906	12477
13885	12561
14030	12633
14601	13233
13824	13035
14588	12752
14641	12682
14565	12955
14337	13140
14263	13131
13698	13170
14061	13302
13910	12647
14316	13233
14082	12779
14694	12831
14261	13215
14480	12955
14682	13307
13770	13172
13838	13035
14111	12681
13901	12980
14664	13345
14287	12735
14117	12723
13726	13345
14420	12259
13912	13135
13801	13172
14294	12889
13896	12960
14207	12614
14279	13215
14490	12571
13913	13030
14601	12914
14449	12263
14124	12682
14401	12242
14678	13345
13801	12270
14637	12938
14575	12649
14530	13177
13770	12415
14663	12815
13702	13345
13699	12868
14401	13126
14013	13260
14401	12393
14493	13253
14129	12369
14548	13089
14420	13131
14306	13339
13838	12270
14585	12832
14206	13233
13824	12682
13901	12270
13738	12490
13770	12446
14287	12338
14472	13255
13891	12286
13835	13253
14511	13006
13755	12367
13667	12824
13987	13140
14458	13255
13859	12721
13754	12639
14663	12456
13885	13215
14345	12420
14401	13302
14669	12490
14328	12367
13967	13259
13835	12428
14401	12795
14020	12627
14249	12474
13924	12472
13789	13255
14688	13233
14401	12938
14368	12980
13783	13239
14287	12346
14381	13239
13870	12439
13908	13047
13770	12597
13994	13345
14695	13235
13874	13131
14473	12647
13801	12906
13732	12295
13901	13280
14562	13235
13901	12779
13768	13131
14458	12899
14148	13140
14229	13035
14626	12712
14373	12824
14429	12259
14401	12736
14622	12420
14692	13149
13768	13235
13789	13194
14663	13124
14561	12880
13757	12270
14207	12832
14010	12299
14637	13215
13824	12874
13801	13345
14292	12648
13695	12824
14598	13345
14111	12490
14401	12965
14694	13109
14148	12367
14207	12656
13727	12832
14252	13149
14458	12940
13794	13224
14338	12247
14641	13030
14244	12335
14052	13345
14601	13345
13933	12639
13770	13194
14223	12561
13859	12490
14145	13233
14111	12395
14471	12305
13726	12434
13831	12403
13835	12832
14232	13215
13770	12414
13829	12330
14148	12490
13824	13105
14356	12367
14401	12651
13757	12490
13885	13066
14588	12874
14345	13031
14307	13253
14434	13345
14197	13239
13976	13233
13885	12713
14287	13131
14664	12824
13801	13313
13770	12815
14695	13206
13901	12914
14458	12715
13994	12618
13896	12960
13990	13172
14458	12653
13829	13345
14347	13115
14631	12831
13901	13035
14252	12682
14555	12647
13859	12395
14007	13298
14280	13345
14506	13259
13770	12906
14414	12400
14506	13047
14296	13144
13801	13323
14080	13215
14434	12445
14663	12476
13859	12477
14694	12813
14221	12490
14694	12874
14694	13009
14337	13233
14383	12832
13738	13345
13770	12798
13994	12250
13994	12830
14694	12618
14129	12256
13901	13157
14669	12490
13772	12456
14694	12831
13859	12951
14148	13206
14561	13299
14562	12500
14653	12684
14202	12965
13737	12951
13901	12490
14036	12287
14080	13215
14356	12653
14401	12618
14588	13233
14356	12641
14345	13239
14409	13172
14348	12490
13695	13084
14500	12514
14221	13030
14401	13345
13994	12862
14694	12534
14138	12774
13835	13135
13898	12824
14401	12991
14000	12832
14152	12795
13770	13239
13695	13084
14305	12725
13949	12767
13706	12287
14403	13006
13815	12352
13892	13210
14694	12647
14664	12456
14061	12591
14694	12965
13781	13235
14252	12793
14558	13233
14458	12955
14161	13082
13768	12288
14261	12248
14695	12614
14325	12747
14356	12954
14608	13026
14663	12644
13789	12903
14002	13170
13901	13026
14095	12700
14124	12647
13801	12599
14148	12282
14412	12369
14517	12812
14003	13233
14221	13174
13835	12490
13782	13206
13835	12490
13923	12870
14458	12653
13815	13029
14458	12766
13801	12890
13815	12259
14140	13345
14458	12312
14530	13177
14396	13189
14663	13224
14631	12529
13824	12407
14006	13208
14694	12682
14229	12357
14236	13233
14252	12795
14429	13029
14177	12840
14401	13151
14694	13140
14506	12656
14561	12689
14588	13334
14695	13235
14401	12824
13716	12281
14409	12291
13770	12597
14187	12424
14345	12490
13901	12805
13924	12395
14148	13172
13792	12367
13726	13001
13824	12965
14148	12326
14145	13233
13772	12983
13824	13233
14219	13172
13801	12655
14694	12874
14287	13131
13986	12596
13994	12948
13715	12279
14694	13225
14494	12650
14248	13005
13988	12831
13817	12490
14178	13140
14543	12865
14637	13294
13757	12321
14145	13253
14472	13233
14585	13206
13954	13140
13702	12647
14737	14278
15023	13910
15378	13921
15413	13567
15508	13696
15127	14151
14826	14272
14825	13380
14792	13513
14917	13398
15201	14134
15340	13701
15417	14035
14799	14147
14859	14209
15394	13543
15038	13380
14942	14036
15010	13479
15448	13700
14702	14159
15115	13563
15158	13786
14718	14203
15378	13459
15430	13769
15236	13451
15445	14175
14857	13571
15057	13771
15115	13471
15013	13728
15115	13609
15222	14166
15234	13724
15346	14114
15113	14183
14714	14100
15476	13766
15499	14007
15270	13571
14819	13800
15549	13571
14985	13600
15048	13704
15419	13479
14721	14166
14824	13554
14921	13412
14826	13479
15551	14240
14826	14149
14737	14066
14744	13863
15013	13910
15023	13413
15139	14182
15292	13656
14870	14142
14857	13705
15303	13863
15367	13668
15373	13766
14972	14036
15272	13813
15234	13953
15327	14262
15234	13700
15575	13870
15189	13769
14737	14112
15141	13380
15177	13805
15023	14166
15575	13584
15346	13746
14792	13986
15101	14066
14826	13497
15193	14272
15189	14214
14735	13479
15263	14303
15575	13350
14699	14087
15407	13891
15201	13455
15234	13953
14737	13358
15220	14136
14880	13459
14796	14147
15251	14296
14917	13367
14792	13462
15319	13863
15160	13910
15201	13430
14763	13427
14844	13876
15013	13435
15298	14216
14990	13678
15491	14118
15266	13951
14840	13795
15115	13640
14826	13895
14917	13384
15407	13418
14793	13507
15469	13459
15013	14166
15190	13466
15346	13568
15551	13538
15556	13692
15229	13420
15346	13969
15476	13490
15494	13461
14762	14066
15234	13430
15116	14136
15346	13507
14714	13642
14796	13450
14827	14120
15489	13478
14704	14054
14737	13607
15101	14036
15340	14214
15281	13413
15469	14060
14855	13566
14819	13540
15327	13910
14793	14004
14917	13426
15374	13566
14747	13394
14857	14173
15190	14108
15472	13579
15066	13380
14737	14064
14709	14066
14737	13677
15013	13895
15115	14066
15368	13698
15101	13571
14827	13571
14841	13430
14735	14136
14735	14306
15218	13910
15214	13668
15201	13455
14764	14147
14792	13402
15327	13568
15103	13800
15053	14017
14737	13572
15010	14136
14792	13568
15229	13420
15234	13918
14917	13380
15572	13384
14702	13566
15289	13776
14763	14187
15075	13880
14786	14036
14849	13743
14702	14143
14804	14028
15236	14286
15327	14136
15052	13571
15115	13565
15364	13827
15499	14036
15014	13689
15407	14262
14826	13378
15115	13913
15342	13706
14917	14134
15524	13455
15395	14098
14792	13684
15025	13699
14857	13869
14917	13559
15346	14114
15575	14159
15029	13870
15000	13821
15111	13550
15115	14306
15101	14046
14773	13863
14737	14268
15346	13712
15101	14093
15346	13557
15566	13910
15241	13895
15455	13804
15289	13870
15455	14108
15012	13413
14762	13380
15116	14262
14737	13398
14812	13635
15116	13557
15101	13380
14773	13888
14826	13919
15407	13590
14780	13479
14841	14248
15458	13865
15101	13609
14922	14217
14804	14028
15489	14109
15330	14051
14794	13550
15551	13598
15034	13479
15234	13804
14851	14170
14708	13390
14737	13507
15431	13901
15549	14046
14917	13507
14792	14236
15384	13938
15467	14190
15327	14306
15010	14136
15115	14125
15346	14204
15255	13571
15038	14046
14714	13815
15328	13700
14826	13769
14881	13527
15187	13536
15299	13801
15425	13458
15575	13482
14792	13863
14917	14069
15039	14201
14844	14134
15190	14147
15016	14106
15407	13910
15190	14214
15430	13380
14989	13667
15023	14073
14749	14293
14826	13380
14773	13491
14699	13497
15115	13468
15371	13615
14737	13867
15038	14066
14826	13412
15566	14220
15252	14136
15508	14217
15458	13380
15575	13367
15575	13804
15144	14125
14917	13426
14699	14087
15549	13479
15430	14011
14966	14077
14792	13491
14699	14217
14699	13467
14821	14036
14737	13908
15084	14301
15115	14306
14737	13700
15417	13560
15346	14149
15346	13571
15299	13801
14762	13457
14857	14217
15417	13571
15575	13927
14874	13825
15214	13664
15430	13380
15575	14108
15411	13380
14924	14002
14737	14035
15063	13746
14857	13409
14853	13441
15575	13869
15174	14017
14878	14038
14735	14262
15348	14289
15337	14125
15115	14214
15569	13361
15575	13459
15508	13870
15287	13803
15575	13927
15572	14147
14737	13687
15236	13901
15407	13479
15378	13388
14718	13405
14826	13611
14793	14108
15394	14060
14970	13350
15403	13571
14699	13497
14932	13823
15364	13426
14822	14147
14924	14181
15524	13430
14792	13435
15430	13457
15250	14166
14826	14059
14900	13910
15575	14217
15357	13480
15569	13866
14827	14248
15234	13455
15216	13535
15425	14217
15109	13826
15449	13857
14880	14059
14718	13810
14966	13863
14737	13446
14826	14254
15346	13698
15325	13380
14773	14166
15384	14118
15340	13479
15016	13728
15403	14114
14917	13466
14737	13405
15115	13870
15103	13800
14737	14103
14857	14306
15027	13401
15437	13530
15109	13870
15575	13526
15327	13910
15101	13897
15236	13870
15419	13558
14773	13910
14917	14064
14747	13673
15524	13602
14949	13885
14737	13507
14826	14245
14793	13380
15508	13804
14826	13768
14917	13459
14793	13782
14737	13522
14917	14094
15328	13445
14792	14036
14917	13550
14956	13566
14735	14036
15482	14272
15417	13560
15551	13616
15169	14262
15066	13748
14857	13611
14849	13543
14735	13863
15529	14150
15047	13485
15170	13380
15569	14214
15438	14242
14997	13673
15238	13922
14756	13410
14878	13514
14738	14134
15476	13490
15247	13685
15491	13833
15101	14125
15569	13380
14924	13384
14917	14214
14735	14088
14793	14228
15297	14134
15491	14272
15394	14272
14699	14217
15472	13571
14793	14112
15010	14068
14735	13566
15030	13671
15415	14239
15234	13495
15220	13870
14737	13483
15101	13871
14722	14053
14847	14214
14796	13367
15463	14201
14737	14052
15201	13430
15346	14112
14737	14288
15432	14152
14714	14272
15179	13678
15115	14166
14721	13895
14919	13634
15215	14036
14968	14029
15403	14119
14737	14004
14743	14036
15484	13375
15524	13700
15186	13863
15497	14039
15458	13963
14762	14136
14917	13437
15524	13570
14793	13700
15006	14076
14737	14303
14917	14004
15101	13722
15346	13459
14699	13611
15101	13846
15323	14100
15101	13607
14763	14224
15232	13348
15170	14109
15053	14017
14826	14147
14886	14193
15572	14303
14702	13863
14826	13642
15346	14060
14793	13480
15526	13566
15101	14007
15257	14149
14857	13535
14857	14208
15010	14220
15214	13462
14756	13410
14792	13475
15116	13609
15234	13682
15116	13557
14855	14136
15101	14301
14857	13459
15101	14290
15115	13910
15214	14159
15115	13479
15297	14134
14735	14106
15327	14005
15097	13781
14978	14305
14944	14112
14713	14201
15364	14214
14944	14237
15491	13811
14764	13571
14714	14054
15242	13870
15115	13738
15551	13924
15491	13571
15303	13547
14826	13863
14762	13870
14826	14047
15085	14125
15010	14166
15101	14186
15220	13609
15573	13504
15421	14242
14826	13683
14826	13384
15566	13731
14762	13491
14768	14166
15454	14165
14848	13499
14737	13450
14857	14145
15346	14266
15165	13749
14762	13425
14855	14136
14737	13572
15170	14066
14857	13804
14792	13513
14715	13557
14826	14254
14793	13571
15430	14150
14857	13497
15378	13886
14922	13933
15546	13479
15407	14214
15013	13768
14924	14147
15544	13557
14737	13380
14826	13958
15575	13889
15491	13507
15220	13913
14762	14078
15429	13419
15250	14166
15207	13743
15526	14159
14936	13894
14855	13643
15575	13431
14793	13590
14795	13519
15250	13609
14877	14060
15394	13380
15101	13360
15116	13479
14968	13397
15106	13797
14973	13470
15477	13530
15400	13460
15417	13568
14857	14106
15575	13870
15023	13413
15059	13863
14735	13720
14826	14217
14971	13365
15419	13840
15530	14255
14714	13380
14837	13949
15570	13516
14735	13590
15099	13662
15069	13462
15324	14136
14792	14206
15267	14214
14855	14220
15365	13719
14972	14262
15575	14253
15377	13380
14723	14166
15234	14266
14712	14097
15023	13863
15155	14144
15170	13491
14764	14214
15234	13570
14826	13927
14943	13882
14836	13494
15010	14166
15297	13918
15458	14150
15327	13479
14847	13501
15230	14174
14762	14125
15115	14005
15030	13412
15575	13647
15128	13870
15167	14307
14986	13455
14819	13540
14793	13459
15023	13484
15220	13710
15454	14179
15381	13571
14900	14136
14735	13566
15442	14171
15167	13961
15346	14272
15040	13917
14826	14147
15491	14147
15493	14136
14993	13434
14741	13652
15327	13863
15110	14258
14761	13424
15284	13863
15126	14050
15416	13628
14917	13572
14917	13870
14792	13479
15060	13378
14735	14136
14793	14060
14917	13868
15531	13380
14829	14269
15569	14214
15001	13677
15101	13396
15116	13479
14789	13442
15292	14118
14735	13564
14699	14108
14826	13457
15234	13700
15496	13557
15167	13870
15046	13723
14857	13462
14737	13459
14932	13903
15469	14239
15220	13816
15566	14125
14895	13995
14792	13348
14826	13549
15137	13987
14826	13633
15190	13980
15070	13755
15246	13812
15398	13479
15346	13367
14933	14170
14734	14107
14755	13590
14826	13436
15423	14230
15558	13380
15519	14306
15250	14262
15462	13686
14719	13976
14944	14237
15013	13684
15250	14220
15226	13863
14938	14031
15104	14134
15346	13804
14957	13677
15346	13954
15003	13681
15054	13727
15170	14036
15508	14217
15101	13558
15433	14154
14857	14179
15392	13658
15115	14166
14737	13804
14792	14192
15428	13940
15101	13607
14737	13726
15252	13512
14792	14166
15569	14134
15545	13700
15411	14214
14827	14248
14737	14272
15394	13411
15264	13633
15560	14064
15013	13684
14838	13731
15301	14152
15242	13870
15132	13380
15486	13557
14917	14150
14787	13479
15551	14147
15394	13810
15243	13557
14792	13895
15544	13479
15572	14147
15281	13968
15059	13977
14950	14006
15304	14099
14737	14214
14826	13350
15106	13797
14792	14046
15485	14207
15384	13507
14763	13645
15208	13804
15116	14262
14714	13714
14728	13449
15145	14058
14917	13380
14792	13910
15551	13380
14880	13459
14714	14100
15211	13367
15087	13700
14958	13430
14851	13863
14793	13367
15378	14112
15524	14217
15268	14272
14792	14080
14827	13700
14735	14036
14714	14103
15048	14131
14973	14254
14699	13700
15236	14286
15575	13716
15255	14100
15521	13678
15190	13863
15454	14071
15167	13945
14793	13421
15016	13484
15400	13571
15297	13523
15306	14270
15567	14136
14762	13491
15346	14217
14714	14201
14792	13841
15327	13557
14966	13863
15242	13804
14826	13870
14826	14304
15250	14262
14917	13731
14965	13896
15031	13435
14826	13895
15096	13863
14796	13380
15284	13668
15110	13355
15346	14204
15569	14119
14737	13642
15508	14219
14732	14036
14714	14278
15092	13581
14721	13895
15161	14239
15170	14136
15177	14257
15522	13380
14796	14214
15092	13380
15391	13405
14764	14069
15575	14214
14989	14094
15551	13349
15115	14148
15115	14217
14794	13459
15407	14199
14857	13925
15156	13590
14875	13529
14776	14217
15155	14144
15566	14166
15387	14166
15524	13819
15101	13558
14944	14150
15407	13643
15489	14306
14793	14272
15508	13571
15101	13491
14773	13444
15572	14064
15000	13870
14947	13840
14839	14044
15524	14120
15205	13586
14699	13535
14771	14045
15273	13380
15099	13579
15250	14150
15346	13380
14737	13384
14857	14013
15567	13479
14880	13905
14879	14262
15202	13477
14817	13686
15234	13819
15425	13430
15312	13996
15316	13544
14912	13979
14826	14278
15315	14000
15218	13863
14917	14114
15348	14214
14857	13864
15122	14214
15551	13538
15168	14075
15224	13668
15470	14004
15058	13470
15190	13466
14773	13910
15499	13985
15116	13590
15044	13870
15303	13952
14737	13868
15575	13368
14699	13611
14792	13475
14792	13609
14714	14073
15551	13380
15186	13863
14826	13804
14721	14170
15117	13678
14867	13698
14827	13430
15328	14248
15115	13863
14737	13927
15565	13630
14739	13520
15407	14220
15234	14248
15343	13982
15368	13624
14917	14220
15216	14250
15234	14307
14786	13479
15419	13840
15135	13733
15184	14034
14832	13870
15476	13925
15575	13638
14718	14112
15303	13380
14793	13810
15167	13965
14826	14149
14792	14036
15575	14131
15493	13910
15148	14067
15216	14250
15163	14149
15444	14003
15199	13801
15250	14064
14724	13801
15116	13354
15562	13517
14793	14004
14917	13457
14718	14214
15268	13507
14849	13459
15162	14056
15080	14073
14735	14220
15095	14110
15346	14118
15016	13484
15407	13525
15013	13668
15220	14012
15411	13870
14853	14094
14976	14153
14737	13382
14706	13644
15250	13479
14773	13491
14917	13545
15127	14217
15006	13778
14762	13863
15346	14155
15044	13560
15346	14118
14737	13696
15234	14045
14883	13571
15491	14214
15107	13384
15115	14125
15522	13380
15491	13687
14793	13459
14792	14166
15252	13479
15575	13482
15482	13677
14844	13574
15346	13380
14826	13827
14764	13572
15053	13413
15493	13435
15039	13571
15097	13781
14941	13844
15010	13903
14917	13384
15191	13590
14896	13942
15472	13648
15569	14119
14737	14201
15115	14284
14794	13740
15250	13491
15234	13426
15436	13918
15546	13479
15101	14262
14792	14066
15389	13788
14764	13521
14793	14273
15417	13731
15115	13528
15575	14114
14855	14033
14963	13465
14917	14203
14737	13642
15015	13679
14735	14078
15479	13804
15167	13709
15101	14252
15469	13384
15327	13863
15311	13448
15425	14217
15101	13630
15472	13648
14824	13554
14735	13888
14829	14269
15310	13980
15218	14256
14793	14202
14917	14217
14857	13709
14974	13863
15469	14243
15001	13637
14737	14083
15203	13648
14973	13470
15038	13571
14778	14059
15185	14221
14826	13535
14826	14245
14898	13772
15524	13700
15211	13459
14735	13609
14920	14132
14747	13394
15292	13802
14847	14147
14737	13769
14849	14214
15091	14266
15283	14233
14719	14256
15508	13649
15234	13430
15115	14023
15448	13380
15448	14152
14799	14147
15224	13668
15219	13907
14710	13452
14792	14017
15575	14224
14932	13818
15563	14064
15023	14166
14917	14266
15220	13910
15016	13863
15350	14201
15567	13863
15234	13651
14826	13870
15164	14266
15454	14021
14718	14112
14844	13602
15575	13459
15219	13907
15236	14112
15167	13700
14826	13700
14802	13669
15101	13609
15346	13538
15113	13590
15326	14166
15297	13523
15191	13526
14830	13524
15557	13895
15214	14125
15508	14108
15549	13609
14762	13863
15346	13631
15491	14054
14826	13915
15101	14125
14773	13557
14917	14191
14779	13380
15013	13870
14737	13367
14827	14228
15174	14276
15342	14214
14737	14108
14849	14304
15384	14211
14700	14123
14826	14214
15138	13880
14737	13868
15425	13430
15491	13380
15115	13487
15454	13515
15524	13819
14793	13380
14850	13384
14826	14214
14737	13571
15209	14227
15348	13992
14826	13958
14826	13700
15218	14073
14900	13479
14737	14214
14792	13590
15480	13703
14853	13441
15032	13467
15268	13380
14737	14103
15346	13557
15389	13788
15381	14214
14854	13380
15049	13459
15115	13630
15407	14304
15153	13518
15588	14315
15622	14338
15593	14320
15622	14364
15640	14338
15671	14333
15646	14380
15622	14373
15669	14338
15632	14347
15622	14380
15622	14327
15591	14318
15614	14380
15657	14338
15632	14380
15614	14380
15616	14347
15622	14388
15627	14343
15596	14338
15658	14373
15662	14375
15645	14376
15608	14320
15674	14389
15672	14388
15658	14375
15606	14358
15662	14380
15582	14314
15622	14363
15583	14338
15665	14347
15605	14347
15620	14338
15631	14348
15622	14356
15590	14317
15645	14358
15632	14371
15601	14311
15637	14351
15658	14380
15645	14386
15654	14369
15622	14350
15628	14343
15913	14459
15867	14559
15687	14459
15706	14602
15806	14525
15714	14593
15821	14480
15774	14632
15727	14501
15887	14589
15908	14571
15911	14444
15808	14495
15951	14520
15951	14551
15922	14577
15956	14497
15911	14703
15687	14458
15863	14394
15682	14716
15774	14557
15857	14519
15950	14704
15831	14658
15811	14433
15680	14453
15863	14596
15821	14649
15951	14521
15804	14716
15911	14623
15706	14411
15691	14469
15955	14587
15922	14577
15743	14462
15863	14437
15934	14481
15836	14632
15752	14477
15844	14458
15714	14593
15809	14609
15702	14408
15734	14575
15707	14570
15860	14594
15878	14706
15951	14452
15863	14412
15696	14651
15979	14409
15862	14402
15863	14465
15682	14503
15863	14419
15698	14721
15934	14481
15811	14433
15706	14707
15809	14609
15758	14591
15771	14708
15844	14458
15821	14576
15796	14485
15808	14522
15801	14561
15824	14713
15918	14475
15914	14394
15706	14411
15957	14473
15914	14561
15965	14464
15964	14720
15792	14521
15971	14467
15913	14459
15796	14485
15744	14696
15706	14582
15764	14637
15918	14475
15706	14585
15863	14419
15715	14509
15805	14446
15716	14608
15693	14528
15884	14639
15708	14428
15764	14637
15721	14436
15808	14565
15710	14510
15883	14398
15911	14392
15677	14438
15722	14394
15775	14471
15692	14600
15951	14532
15960	14412
15863	14596
15886	14393
15808	14565
15869	14611
15749	14701
15731	14552
15777	14614
15808	14594
15965	14464
15864	14550
15826	14669
16080	14845
15984	14773
16059	14814
16088	14883
16030	14841
16150	14807
16094	14779
16043	14754
16007	14790
16063	14905
16113	14743
16069	14881
16014	14896
16056	14812
16082	14834
15982	14909
16080	14845
16136	14795
16016	14853
16137	14944
16126	14922
16105	14815
16138	14947
16091	14745
16034	14792
16158	14928
16086	14893
15999	14788
16106	14866
16124	14891
16034	14809
16110	14910
16177	14752
16034	14760
16057	14804
16095	14827
15991	14787
16000	14832
16136	14795
16128	14935
16178	14798
16037	14926
16171	14796
16040	14824
16037	14926
16181	14858
16086	14896
16142	14907
16090	14792
16093	14946
16086	14896
16118	14935
16117	14732
16044	14863
16171	14823
16163	14840
16059	14935
16059	14935
16034	14760
16088	14799
16007	14776
16042	14915
16179	14835
16106	14866
16101	14933
16180	14877
16133	14948
16114	14809
16121	14786
16128	14935
16096	14921
16098	14865
16064	14857
16018	14794
15998	14843
16005	14832
16048	14738
16013	14767
16096	14859
16014	14896
16042	14915
16068	14919
16001	14858
16086	14919
16172	14858
16180	14877
16172	14858
16141	14927
16003	14841
16025	14847
16102	14862
16050	14879
16101	14933
16044	14863
16143	14912
16154	14868
16093	14946
16134	14940
15987	14876
16001	14800
16084	14803
16122	14908
16010	14934
16005	14832
16124	14891
15982	14909
16170	14906
16142	14907
16114	14809
15998	14843
15990	14733
16059	14841
16023	14734
16001	14917
16193	14963
16188	14958
16189	14959
16184	14953
16186	14956
16197	14971
16196	14969
16196	14969
16187	14957
16194	14966
16187	14957
16198	14972
16183	14952
16200	14974
16250	15039
16210	15043
16233	15088
16233	15043
16228	15056
16290	15088
16223	14979
16233	14976
16249	15073
16264	15007
16223	15068
16283	15082
16248	15056
16228	15088
16248	14976
16210	15007
16235	15039
16233	15063
16217	15007
16232	15090
16203	15003
16223	15076
16233	15066
16275	15088
16290	14975
16262	15056
16223	15082
16223	15035
16293	14995
16211	15063
16240	14993
16274	14979
16274	14983
16301	15028
16288	15015
16231	15007
16240	15063
16260	15088
16219	15003
16210	15063
16253	15020
16273	15003
16233	15007
16214	15007
16256	15051
16248	15084
16240	15074
16292	15007
16230	15003
16233	15017
16276	15038
16224	15046
16203	15056
16233	15065
16223	15017
16223	15000
16228	15003
16230	15056
16235	14997
16284	15038
16257	15082
16211	14999
16297	15082
16248	15059
16237	15058
16290	15026
16268	15055
16223	14993
16223	15064
16233	15046
16248	14984
16240	15088
16240	15017
16223	14976
16278	15037
16233	15026
16233	14987
16286	14992
16287	15061
16248	15074
16248	15026
16224	15044
16262	15017
16268	15088
16248	15074
16296	15012
16274	15020
16278	15007
16284	15038
16223	15027
16248	15017
16233	15012
16223	15088
16240	15003
16223	15056
16233	14980
16203	15007
16223	14993
16242	15088
16240	15082
16251	14976
16227	14985
16236	15020
16233	15024
16233	15063
16248	15035
16222	15088
16300	15012
16233	15056
16221	15083
16287	15061
16256	15051
16282	15075
16228	15056
16222	15012
16253	15038
16225	15007
16245	14985
16290	15003
16277	15072
16223	14997
16235	15026
16248	15003
16298	15052
16237	15088
16257	15038
16233	14976
16261	15048
16223	15026
16224	15085
16223	14997
16248	14980
16233	15056
16233	14999
16248	14975
16274	15020
16231	14985
16240	15017
16231	15050
16223	15082
16233	14980
16233	15035
16262	15012
16248	15035
16300	15012
16226	15007
16231	15026
16248	15088
16283	15020
16230	15056
16223	15012
16233	15043
16219	15064
16257	15088
16256	15049
16296	14982
16240	15012
16248	15056
16202	15037
16270	15058
16240	14996
16271	15016
16290	15050
16257	14979
16223	15042
16214	14975
16247	15003
16224	15026
16248	15084
16274	15038
16237	15003
16300	15061
16210	15003
16223	15007
16278	15003
16246	15046
16227	14980
16217	15026
16231	15066
16227	15061
16204	15082
16240	15082
16253	15020
16248	15012
16223	15051
16274	15073
16248	15007
16219	14997
16278	15007
16203	15003
16284	15082
16258	15088
16203	15057
16223	15027
16248	15012
16274	15079
16223	14984
16224	15078
16250	15009
16301	15012
16275	15088
16223	15061
16223	15011
16237	15058
16268	15026
16290	15026
16258	15088
16230	15051
16284	15015
16233	14975
16262	15056
16248	14975
16205	15012
16284	15079
16262	15007
16262	15026
16231	15026
16208	14981
16217	15012
16296	15038
16274	15082
16233	15048
16223	15076
16211	15000
16228	15017
16364	15258
16521	15242
16482	15448
16389	15404
16715	15474
16631	15553
16726	15343
17049	15152
17064	15663
16856	15651
16861	15207
17038	15543
16726	15607
16413	15492
16534	15184
16392	15524
17016	15280
16779	15357
16957	15617
16586	15585
16903	15198
16492	15591
16726	15199
16795	15402
16815	15556
16765	15315
17040	15409
16871	15115
16494	15162
16727	15201
16304	15095
16891	15363
16624	15537
16625	15591
16835	15661
17041	15429
16684	15102
16884	15193
16630	15184
16730	15384
16317	15311
16749	15408
16736	15570
16305	15463
16315	15427
16556	15376
16881	15543
16618	15097
16968	15647
16625	15385
16405	15462
16552	15209
16499	15176
17028	15518
16875	15556
16942	15575
16673	15233
16665	15343
16304	15656
16692	15128
16820	15524
16924	15184
16422	15585
16538	15311
16693	15404
16554	15585
16916	15237
16832	15396
16425	15555
16915	15548
16335	15627
16835	15363
16808	15452
16693	15381
16885	15192
16362	15302
16890	15160
16457	15635
16450	15622
16693	15371
16787	15508
16817	15521
16776	15352
16859	15657
16756	15524
17036	15381
16604	15396
16527	15446
16554	15585
16768	15318
16321	15629
16365	15111
16433	15382
17045	15152
16790	15389
16409	15480
16378	15289
16658	15616
16787	15395
16403	15455
16610	15501
16472	15299
16460	15459
16316	15126
16938	15320
17008	15518
16693	15404
16715	15180
16798	15412
16327	15170
16828	15556
16438	15242
16437	15101
16726	15378
16336	15193
16861	15242
16754	15275
16763	15310
16744	15404
16452	15627
17028	15274
16912	15387
16557	15105
17008	15336
16640	15557
16954	15364
16891	15289
16818	15647
16974	15156
16334	15508
16558	15144
16430	15567
16516	15593
16383	15380
16527	15470
16802	15424
16371	15543
16320	15307
16536	15299
16538	15556
16667	15201
16400	15368
16545	15212
16433	15483
16554	15156
16708	15396
16822	15240
16820	15440
16527	15386
16630	15180
16771	15196
16993	15470
16756	15381
16334	15231
16521	15242
16976	15193
16455	15557
16584	15590
16861	15207
16976	15427
16304	15448
16972	15392
16624	15537
16929	15184
16726	15199
17033	15582
16342	15196
16561	15384
16487	15139
16968	15271
16385	15643
16962	15379
16366	15585
17000	15485
16744	15608
16769	15570
16787	15371
16306	15258
16832	15396
16304	15199
16491	15311
16536	15218
16637	15560
16667	15412
16628	15543
16655	15242
16336	15427
16726	15195
16422	15524
16556	15376
16787	15457
16891	15659
16435	15471
16820	15585
16968	15246
16749	15263
16304	15532
16893	15169
16366	15313
17034	15509
16509	15483
16813	15311
16334	15192
16673	15644
16325	15154
16787	15164
16334	15428
17000	15483
16787	15327
16418	15613
16456	15419
16478	15112
16787	15585
16926	15513
16822	15556
16588	15129
16558	15585
16336	15453
16554	15371
16629	15547
16864	15287
16820	15381
16787	15565
16327	15647
17028	15575
16687	15396
16923	15193
16398	15097
16304	15638
16632	15225
16371	15570
16567	15548
16973	15483
16787	15094
16538	15387
16927	15269
16344	15098
16791	15446
16788	15575
16498	15174
16651	15524
16523	15276
16885	15138
17038	15570
16615	15508
16867	15575
16807	15322
16828	15240
16787	15627
16619	15524
16591	15447
16826	15518
16651	15381
16787	15457
16356	15372
16787	15548
16691	15124
16949	15158
16691	15124
16993	15470
16881	15570
16615	15192
16698	15136
16686	15371
16742	15556
16536	15299
16709	15483
16639	15381
16918	15245
16871	15115
16306	15285
16771	15324
16686	15524
16883	15141
16584	15590
16943	15341
16746	15251
16414	15498
16779	15357
16709	15483
16891	15363
16956	15297
16482	15448
16494	15162
16553	15378
16371	15334
16787	15149
16314	15218
16331	15570
16990	15459
16968	15591
16772	15326
16854	15639
16795	15402
16352	15270
16715	15467
16336	15488
16872	15117
16835	15434
16875	15556
16595	15460
16665	15199
16636	15170
16717	15181
16538	15240
16717	15243
16976	15453
16782	15404
16787	15518
16889	15241
16879	15130
16593	15452
16327	15575
16959	15385
16364	15258
16861	15524
16788	15412
16327	15411
16478	15112
16350	15261
16628	15543
16740	15609
17038	15543
16789	15388
16409	15480
16436	15423
16615	15095
16946	15353
16371	15334
16646	15584
16841	15644
16612	15505
16765	15315
16476	15105
16451	15623
16304	15434
16405	15462
16686	15144
16974	15156
16942	15336
17006	15515
16833	15576
16493	15161
16761	15305
16833	15576
16604	15664
16699	15137
16344	15098
16339	15203
16435	15471
16888	15155
16472	15299
17057	15647
16475	15371
16940	15585
16534	15184
16311	15302
16527	15518
16646	15584
16452	15123
16652	15353
16968	15591
16655	15156
16976	15193
16314	15483
16771	15324
16715	15184
16936	15578
16791	15446
16968	15524
16771	15215
17016	15371
16710	15171
16756	15280
16603	15426
16589	15446
16304	15270
16436	15423
16305	15097
16677	15667
16752	15265
16942	15518
16436	15385
16820	15371
16321	15484
16861	15242
17006	15515
16749	15263
16513	15213
16820	15381
16336	15193
16622	15531
16944	15349
17041	15590
16316	15126
16411	15489
17025	15565
16604	15483
16968	15385
16942	15336
16923	15258
16787	15626
16607	15494
16378	15289
16835	15661
16789	15388
16919	15484
16336	15453
16953	15537
16861	15404
16366	15540
16422	15371
16641	15483
16533	15294
16662	15619
16722	15188
16554	15381
16327	15543
16545	15166
16538	15387
16598	15324
17048	15620
16651	15524
16828	15387
16346	15548
16388	15371
16672	15643
16372	15338
16781	15366
16436	15591
16630	15543
16468	15659
16336	15163
16887	15311
17018	15548
16887	15311
16777	15207
16352	15270
16472	15218
16507	15653
16730	15212
16756	15524
16693	15665
16561	15384
16604	15664
16785	15299
16431	15457
16327	15332
16804	15436
16583	15431
16450	15622
16371	15612
16619	15585
16389	15404
16538	15311
17008	15543
16600	15476
16609	15500
16860	15166
16957	15184
16701	15148
16881	15543
16879	15130
16440	15601
17019	15551
16995	15472
16981	15432
16597	15464
17027	15571
16558	15381
17005	15511
16820	15524
16764	15312
16615	15508
16600	15476
16466	15655
16820	15396
16545	15332
16699	15137
16327	15518
16737	15644
16835	15289
16693	15156
16861	15665
16557	15105
16571	15405
16787	15097
16891	15434
16701	15148
16673	15095
16427	15564
16820	15221
16331	15180
16815	15240
16707	15166
16655	15404
16476	15105
16536	15218
16863	15099
17008	15575
16371	15158
16698	15475
16962	15379
16787	15128
16651	15387
16802	15424
16597	15464
16366	15381
16588	15404
16413	15492
16391	15413
16881	15334
16635	15452
16691	15570
16912	15122
16434	15579
16974	15404
16814	15656
16913	15227
16536	15152
17008	15591
16534	15474
16852	15638
16967	15203
16978	15289
16437	15595
16320	15565
16787	15647
16488	15207
16433	15381
16814	15656
16495	15163
16769	15423
16365	15158
16742	15556
16968	15111
16828	15387
16867	15570
16585	15627
16939	15321
16374	15340
16997	15494
16383	15380
16572	15410
17019	15551
16432	15368
17045	15299
