0	6
6	11
7	13
31	33
41	41
42	42
48	45
58	61
67	71
68	72
83	91
84	94
86	95
92	99
93	100
98	101
114	114
117	117
126	124
128	126
139	134
143	135
154	150
157	152
158	153
163	157
169	163
178	169
183	172
188	178
205	204
231	222
264	260
268	268
274	276
277	281
285	288
299	297
307	305
309	310
312	316
329	327
332	328
333	329
345	342
367	366
375	371
381	378
386	384
387	385
392	392
393	393
401	400
402	405
404	407
416	414
427	422
428	424
429	425
431	432
438	443
458	466
459	467
462	469
468	473
475	476
484	486
489	491
493	496
495	497
497	498
506	509
507	510
513	516
522	530
524	532
526	534
528	535
531	537
532	538
536	541
541	545
543	551
554	565
561	577
566	578
570	583
581	595
593	608
596	613
597	615
603	616
604	617
609	620
611	622
617	626
622	631
629	640
632	645
633	646
643	654
644	655
646	658
649	661
652	665
661	682
671	689
679	702
696	712
699	717
700	718
709	726
711	728
719	736
723	738
724	739
730	742
740	747
751	759
771	779
774	782
781	786
782	788
783	790
790	791
793	793
795	797
800	803
809	815
825	824
827	825
830	828
839	834
844	839
848	843
849	848
851	850
852	852
871	870
876	874
891	885
903	905
905	909
910	911
921	916
931	921
932	922
942	936
948	941
953	951
955	952
964	960
970	962
978	974
988	980
993	983
1009	999
1020	1002
1026	1005
1031	1012
1035	1017
1047	1024
1058	1035
1061	1038
1068	1043
1072	1046
1084	1056
1089	1060
1102	1079
1122	1089
1125	1091
1136	1098
1138	1100
1144	1107
1145	1111
1146	1112
1148	1116
1173	1142
1185	1150
1188	1153
1200	1163
1203	1165
1204	1167
1207	1169
1215	1173
1221	1188
1228	1197
1233	1199
1238	1205
1242	1212
1243	1215
1249	1221
1256	1225
1275	1246
1276	1250
1280	1252
1281	1253
1303	1261
1307	1263
1312	1268
1319	1276
1331	1290
1353	1305
1367	1326
1368	1327
1369	1329
1372	1333
1373	1334
1381	1339
1385	1347
1392	1352
1431	1371
1432	1372
1439	1381
1445	1386
1446	1387
1453	1394
1454	1395
1457	1398
1459	1402
1462	1403
1475	1416
1476	1417
1479	1420
1488	1427
1496	1429
1501	1430
1504	1432
1506	1433
1508	1436
1516	1448
1520	1452
1524	1459
1525	1461
1528	1465
1530	1466
1543	1472
1545	1478
1554	1485
1559	1490
1562	1493
1567	1495
1574	1497
1575	1498
1589	1507
1593	1512
1602	1523
1607	1528
1618	1546
1620	1548
1635	1561
1636	1562
1637	1563
1643	1570
1651	1577
1652	1578
1654	1579
1662	1588
1670	1600
1683	1617
1685	1619
1688	1620
1693	1631
1695	1632
1702	1641
1705	1646
1706	1647
1718	1660
1741	1688
1742	1689
1747	1692
1749	1694
1757	1701
1768	1717
1774	1725
1776	1726
1780	1727
1781	1728
1787	1733
1788	1734
1799	1742
1800	1743
1828	1773
1833	1781
1850	1794
1858	1800
1867	1806
1868	1807
1876	1814
1878	1815
1882	1819
1886	1820
1887	1821
1894	1830
1898	1832
1900	1834
1910	1847
1928	1858
1933	1867
1936	1871
1942	1879
1951	1895
1958	1908
1974	1926
1986	1939
1990	1942
2001	1947
2005	1949
2008	1955
2009	1957
2013	1962
2027	1968
2050	1996
2058	2006
2069	2015
2078	2021
2082	2023
2086	2025
2096	2035
2099	2038
2100	2039
2105	2046
2112	2050
2120	2051
2135	2064
2149	2085
2158	2090
2161	2098
2163	2100
2164	2102
2178	2112
2181	2114
2184	2116
2197	2129
2220	2144
2230	2157
2236	2161
2237	2162
2241	2163
2244	2165
2254	2178
2265	2183
2270	2189
2289	2208
2302	2220
2306	2226
2320	2239
2327	2246
2335	2252
2343	2259
2367	2280
2369	2284
2379	2295
2383	2298
2385	2299
2389	2306
2396	2310
2409	2316
2412	2317
2419	2323
2431	2341
2440	2346
2443	2352
2454	2355
2458	2363
2462	2370
2466	2371
2474	2385
2477	2387
2493	2394
2495	2396
2496	2398
2498	2401
2503	2407
2504	2408
2506	2409
2511	2414
2526	2424
2538	2435
2540	2442
2544	2448
2552	2455
2560	2463
2565	2464
2572	2472
2575	2477
2586	2482
2587	2484
2592	2491
2596	2492
2614	2513
2638	2529
2647	2535
2649	2539
2650	2540
2663	2548
2664	2550
2675	2553
2677	2555
2679	2561
2681	2566
2696	2577
2718	2595
2719	2597
2720	2598
2722	2601
2725	2607
2730	2611
2733	2612
2739	2626
2744	2630
2752	2640
2754	2642
2756	2644
2768	2655
2772	2658
2775	2660
2783	2663
2799	2677
2802	2682
2805	2686
2810	2690
2816	2696
2824	2702
2826	2704
2846	2723
2850	2725
2860	2733
2890	2763
2895	2767
2896	2770
2938	2805
2941	2808
2950	2817
2956	2821
2960	2824
2971	2831
2977	2833
2987	2837
2989	2839
2994	2844
3003	2850
3011	2853
3015	2856
3017	2858
3024	2865
3033	2878
3035	2881
3036	2882
3040	2884
3044	2887
3049	2895
3057	2900
3058	2901
3060	2903
3066	2911
3071	2913
3084	2927
3085	2931
3088	2932
3108	2944
3114	2952
3120	2956
3127	2964
3129	2968
3131	2970
3140	2976
3163	3005
3176	3020
3186	3026
3192	3028
3194	3031
3214	3056
3222	3070
3225	3076
3229	3080
3235	3081
3241	3086
3248	3091
3249	3092
3251	3095
3260	3108
3272	3118
3273	3120
3274	3122
3285	3137
3293	3146
3309	3158
3314	3163
3318	3170
3320	3173
3339	3197
3344	3204
3346	3205
3356	3214
3358	3216
3372	3222
3379	3228
3380	3229
3393	3237
3401	3243
3403	3245
3409	3249
3414	3253
3422	3258
3428	3263
3432	3266
3436	3267
3439	3272
3446	3276
3447	3281
3450	3283
3452	3287
3456	3292
3478	3321
3483	3328
3487	3331
3491	3338
3497	3348
3501	3351
3508	3358
3509	3361
3517	3370
3519	3372
3520	3373
3523	3375
3535	3382
3537	3383
3544	3391
3553	3398
3566	3411
3607	3436
3614	3443
3621	3448
3623	3449
3631	3456
3644	3465
3650	3475
3655	3484
3672	3496
3673	3497
3676	3500
3682	3501
3683	3502
3690	3508
3698	3517
3702	3519
3710	3526
3713	3528
3715	3530
3716	3532
3719	3535
3720	3537
3723	3542
3733	3554
3736	3556
3742	3563
3744	3564
3748	3575
3776	3601
3779	3603
3786	3608
3790	3610
3793	3613
3800	3621
3810	3633
3816	3637
3836	3659
3839	3662
3847	3667
3850	3668
3851	3670
3861	3674
3866	3682
3872	3691
3883	3698
3884	3699
3893	3702
3897	3704
3909	3709
3914	3713
3939	3739
3940	3741
3943	3744
3944	3746
3958	3763
3962	3765
3964	3767
3970	3773
3973	3774
3974	3775
3979	3779
3980	3782
3984	3787
3985	3790
4000	3809
4007	3816
4017	3819
4020	3823
4022	3827
4024	3829
4033	3834
4035	3837
4036	3839
4039	3843
4040	3844
4052	3853
4058	3856
4062	3863
4070	3870
4072	3873
4076	3877
4082	3884
4093	3893
4094	3894
4101	3899
4116	3912
4133	3927
4136	3931
4166	3959
4176	3967
4193	3981
4195	3987
4196	3989
4198	3990
4224	4016
4230	4019
4232	4022
4234	4024
4244	4034
4255	4042
4256	4043
4257	4045
4258	4046
4277	4056
4294	4077
4295	4079
4299	4083
4300	4084
4304	4088
4314	4098
4323	4109
4329	4114
4339	4123
4340	4124
4346	4125
4347	4129
4351	4134
4357	4141
4361	4142
4362	4143
4370	4152
4379	4157
4381	4159
4384	4161
4385	4162
4387	4164
4389	4167
4390	4168
4413	4179
4414	4182
4416	4184
4419	4188
4429	4204
4430	4205
4436	4209
4451	4223
4458	4227
4459	4228
4470	4234
4476	4244
4478	4245
4480	4248
4496	4263
4500	4266
4505	4273
4508	4279
4510	4283
4512	4284
4513	4287
4520	4298
4521	4300
4522	4302
4555	4337
4558	4338
4565	4344
4566	4345
4575	4355
4576	4356
4578	4359
4581	4363
4597	4375
4604	4383
4610	4389
4612	4390
4620	4404
4622	4410
4623	4411
4627	4421
4629	4423
4632	4425
4635	4426
4639	4430
4649	4434
4655	4437
4660	4442
4661	4443
4663	4446
4664	4447
4667	4450
4668	4451
4681	4465
4683	4466
4707	4479
4715	4489
4719	4494
4720	4495
4727	4501
4731	4504
4741	4512
4766	4533
4779	4546
4780	4547
4783	4551
4784	4552
4801	4578
4814	4590
4816	4592
4832	4604
4836	4606
4837	4609
4846	4614
4847	4616
4854	4632
4855	4634
4860	4638
4866	4644
4878	4652
4881	4654
4891	4659
4895	4662
4902	4669
4911	4680
4926	4693
4932	4699
4934	4702
4935	4703
4939	4707
4944	4709
4962	4724
4965	4728
4973	4731
4977	4734
4982	4737
4992	4747
4997	4751
5003	4756
5014	4763
5020	4770
5021	4771
5031	4774
5035	4778
5036	4780
5037	4781
5041	4789
5045	4791
5047	4794
5060	4811
5076	4829
5080	4833
5091	4841
5114	4856
5117	4858
5152	4894
5153	4895
5157	4900
5158	4902
5160	4904
5171	4913
5178	4918
5182	4923
5189	4924
5203	4937
5213	4944
5215	4947
5220	4952
5221	4953
5231	4968
5236	4970
5242	4973
5245	4974
5246	4975
5249	4980
5255	4986
5258	4992
5262	4998
5264	5001
5266	5003
5272	5010
5277	5011
5286	5019
5301	5031
5304	5036
5306	5039
5315	5043
5317	5044
5319	5045
5320	5051
5328	5066
5331	5069
5334	5071
5338	5073
5346	5082
5352	5086
5374	5108
5381	5116
5383	5120
5385	5123
5396	5133
5413	5157
5414	5158
5415	5161
5417	5162
5418	5163
5419	5164
5423	5169
5424	5172
5426	5176
5430	5182
5434	5183
5445	5200
5447	5203
5454	5206
5458	5211
5470	5218
5472	5222
5473	5223
5476	5227
5490	5240
5491	5241
5511	5253
5513	5255
5526	5263
5527	5266
5531	5270
5541	5281
5542	5282
5545	5283
5557	5292
5558	5293
5559	5294
5565	5296
5579	5306
5582	5311
5583	5312
5586	5315
5588	5317
5594	5324
5597	5327
5598	5329
5615	5343
5618	5349
5620	5350
5624	5357
5637	5372
5638	5373
5641	5377
5656	5396
5657	5397
5662	5405
5664	5407
5665	5409
5673	5416
5687	5426
5688	5427
5689	5428
5697	5439
5700	5440
5702	5444
5716	5453
5723	5462
5748	5484
5751	5486
5755	5491
5756	5492
5760	5494
5764	5498
5767	5503
5780	5511
5781	5513
5798	5527
5801	5528
5805	5532
5806	5536
5817	5542
5821	5550
5823	5551
5825	5554
5848	5571
5855	5575
5861	5579
5863	5580
5869	5586
5882	5601
5884	5602
5898	5613
5901	5615
5918	5623
5920	5627
5925	5629
5934	5633
5939	5636
5953	5645
5969	5655
5977	5661
5984	5664
5996	5683
6011	5693
6018	5698
6022	5700
6024	5703
6039	5720
6040	5721
6042	5724
6045	5729
6056	5735
6064	5740
6072	5743
6079	5748
6081	5750
6089	5756
6093	5758
6095	5764
6112	5775
6116	5781
6117	5784
6125	5791
6130	5795
6144	5812
6148	5816
6153	5819
6156	5823
6158	5825
6159	5826
6172	5834
6174	5836
6185	5847
6194	5852
6199	5856
6202	5859
6208	5865
6214	5876
6218	5880
6224	5883
6234	5892
6244	5902
6250	5909
6253	5913
6255	5915
6260	5919
6263	5922
6283	5937
6286	5940
6289	5943
6290	5945
6300	5960
6306	5964
6307	5966
6318	5976
6326	5983
6345	5997
6351	6002
6352	6004
6358	6007
6362	6013
6369	6025
6377	6028
6380	6032
6388	6041
6392	6044
6395	6049
6397	6051
6404	6057
6410	6064
6427	6078
6434	6083
6438	6087
6444	6092
6445	6094
6461	6107
6475	6119
6478	6123
6480	6127
6486	6132
6511	6146
6512	6147
6513	6148
6514	6151
6518	6156
6520	6157
6523	6158
6547	6185
6553	6191
6555	6192
6569	6206
6591	6232
6607	6250
6621	6264
6625	6267
6627	6268
6628	6270
6632	6275
6633	6276
6638	6280
6640	6285
6644	6287
6645	6294
6650	6299
6652	6301
6658	6309
6665	6317
6672	6327
6675	6329
6680	6338
6689	6346
6705	6352
6717	6364
6720	6369
6723	6371
6728	6374
6730	6377
6746	6390
6781	6426
6788	6431
6793	6435
6804	6443
6808	6447
6811	6450
6817	6455
6823	6466
6829	6473
6836	6477
6851	6488
6857	6495
6868	6501
6882	6520
6894	6531
6897	6535
6898	6537
6900	6539
6903	6542
6906	6544
6923	6562
6930	6569
6937	6576
6948	6589
6949	6590
6977	6612
6980	6619
6983	6631
6995	6636
6997	6638
6998	6640
6999	6642
7015	6649
7021	6655
7026	6663
7029	6666
7030	6667
7032	6669
7036	6673
7049	6686
7053	6690
7064	6705
7066	6708
7075	6714
7079	6720
7081	6721
7090	6728
7092	6730
7095	6731
7102	6738
7109	6748
7110	6749
7114	6750
7118	6756
7124	6762
7139	6776
7142	6780
7143	6781
7147	6786
7163	6804
7164	6805
7166	6807
7171	6811
7172	6814
7177	6816
7178	6818
7179	6819
7183	6826
7190	6836
7193	6839
7206	6856
7207	6857
7209	6858
7212	6864
7214	6866
7225	6871
7226	6873
7232	6877
7234	6879
7239	6883
7242	6886
7257	6899
7277	6921
7283	6923
7291	6927
7293	6928
7297	6936
7318	6949
7327	6959
7331	6961
7351	6976
7354	6977
7363	6984
7367	6989
7377	6993
7386	7004
7396	7008
7397	7012
7402	7014
7404	7017
7411	7031
7413	7032
7430	7045
7452	7061
7461	7067
7466	7070
7468	7071
7486	7085
7489	7086
7494	7089
7498	7092
7510	7102
7521	7104
7523	7105
7527	7110
7532	7114
7536	7118
7539	7123
7557	7138
7560	7142
7577	7155
7581	7158
7583	7160
7587	7164
7592	7167
7600	7175
7602	7176
7612	7185
7614	7188
7620	7192
7621	7194
7628	7202
7633	7206
7636	7211
7653	7224
7659	7232
7664	7235
7666	7236
7675	7246
7677	7249
7682	7255
7695	7272
7697	7273
7702	7278
7710	7285
7713	7287
7717	7292
7725	7305
7738	7312
7742	7318
7746	7320
7752	7324
7762	7331
7795	7353
7799	7360
7820	7380
7822	7386
7828	7395
7831	7401
7839	7407
7844	7409
7852	7417
7860	7428
7878	7445
7883	7448
7894	7461
7902	7468
7903	7469
7911	7479
7913	7482
7914	7483
7922	7489
7951	7500
7962	7509
7971	7516
7973	7518
7979	7523
7984	7530
7988	7540
7989	7541
8012	7558
8019	7569
8031	7582
8034	7584
8035	7585
8036	7586
8038	7587
8045	7595
8059	7601
8060	7602
8070	7613
8073	7622
8078	7624
8084	7631
8086	7634
8093	7639
8094	7641
8100	7644
8104	7645
8110	7649
8119	7663
8124	7669
8125	7670
8140	7682
8142	7684
8147	7690
8161	7705
8163	7706
8166	7709
8175	7713
8176	7716
8177	7721
8189	7730
8192	7731
8195	7736
8196	7737
8201	7745
8222	7763
8237	7771
8238	7773
8246	7785
8257	7794
8268	7805
8270	7806
8276	7810
8282	7819
8283	7820
8285	7823
8287	7827
8302	7843
8303	7845
8309	7854
8318	7863
8320	7867
8321	7868
8323	7872
8330	7877
8335	7881
8336	7882
8346	7892
8360	7907
8365	7911
8367	7912
8371	7915
8388	7931
8390	7932
8392	7933
8394	7934
8395	7937
8399	7938
8400	7939
8401	7941
8408	7946
8420	7962
8428	7968
8437	7975
8439	7979
8446	7986
8451	7990
8454	7995
8457	7999
8458	8000
8463	8004
8478	8017
8481	8020
8482	8021
8485	8022
8492	8027
8504	8036
8517	8049
8535	8058
8536	8059
8537	8061
8546	8071
8548	8074
8554	8084
8561	8100
8562	8102
8574	8113
8578	8122
8579	8124
8596	8138
8598	8140
8601	8143
8604	8145
8606	8148
8611	8156
8614	8160
8643	8190
8646	8197
8656	8202
8659	8210
8660	8212
8665	8215
8667	8217
8670	8220
8677	8230
8679	8231
8680	8233
8682	8234
8683	8235
8686	8238
8694	8245
8711	8264
8723	8271
8737	8281
8743	8285
8750	8288
8755	8291
8762	8305
8769	8311
8777	8317
8788	8338
8800	8356
8803	8359
8806	8360
8808	8362
8811	8364
8825	8368
8836	8377
8840	8379
8843	8382
8855	8408
8858	8411
8870	8416
8882	8429
8884	8430
8886	8432
8889	8437
8890	8439
8896	8442
8898	8443
8911	8454
8912	8455
8913	8457
8914	8459
8922	8465
8924	8466
8930	8470
8932	8473
8953	8488
8959	8489
8962	8492
8963	8493
8964	8494
8977	8504
8994	8512
8996	8518
9006	8529
9012	8532
9037	8553
9045	8560
9049	8569
9053	8573
9069	8587
9074	8590
9081	8597
9085	8604
9095	8617
9106	8625
9111	8628
9129	8644
9130	8645
9139	8657
9144	8661
9149	8662
9169	8687
9171	8689
9173	8690
9180	8694
9191	8706
9194	8710
9198	8712
9202	8717
9205	8720
9207	8725
9214	8729
9217	8731
9220	8734
9221	8735
9230	8740
9235	8743
9237	8746
9266	8773
9274	8782
9281	8794
9289	8800
9292	8803
9301	8820
9315	8831
9350	8853
9354	8854
9358	8859
9361	8860
9370	8870
9384	8882
9388	8883
9397	8897
9404	8904
9406	8905
9414	8910
9421	8915
9426	8918
9431	8920
9433	8923
9442	8926
9443	8928
9447	8935
9462	8944
9477	8951
9479	8953
9491	8959
9494	8960
9497	8963
9499	8966
9505	8973
9519	8989
9529	8995
9561	9021
9578	9031
9580	9033
9583	9035
9592	9046
9597	9049
9601	9052
9609	9061
9613	9065
9614	9066
9615	9067
9619	9072
9623	9077
9626	9080
9638	9086
9641	9092
9647	9096
9652	9102
9659	9109
9663	9114
9668	9118
9671	9119
9675	9123
9677	9125
9678	9126
9679	9127
9691	9140
9698	9146
9707	9153
9716	9165
9738	9183
9740	9186
9749	9193
9770	9212
9775	9216
9780	9221
9784	9229
9785	9230
9786	9232
9788	9239
9789	9240
9791	9241
9792	9243
9813	9260
9815	9264
9821	9273
9823	9275
9827	9276
9828	9279
9836	9286
9841	9288
9845	9297
9849	9299
9854	9309
9884	9334
9892	9342
9903	9352
9906	9353
9915	9358
9921	9368
9922	9370
9924	9372
9925	9377
9943	9389
9961	9398
9962	9399
9967	9403
9975	9409
9979	9414
9980	9416
9983	9418
9984	9419
9990	9422
9999	9424
10003	9428
10008	9432
10016	9446
10020	9449
10024	9454
10053	9477
10054	9478
10057	9480
10063	9483
10068	9487
10069	9489
10076	9492
10081	9494
10096	9505
10109	9513
10121	9524
10122	9525
10123	9526
10124	9527
10125	9529
10131	9532
10132	9533
10137	9539
10145	9547
10149	9551
10151	9556
10159	9565
10170	9572
10178	9578
10181	9580
10182	9583
10187	9584
10195	9588
10196	9589
10197	9590
10198	9591
10201	9593
10205	9599
10210	9600
10214	9613
10242	9637
10263	9650
10264	9652
10265	9653
10282	9682
10289	9683
10293	9687
10309	9702
10313	9708
10329	9721
10335	9733
10340	9734
10349	9736
10351	9738
10372	9756
10383	9759
10388	9763
10390	9768
10416	9793
10436	9811
10443	9817
10449	9822
10451	9825
10465	9838
10470	9841
10473	9846
10474	9849
10483	9860
10487	9863
10492	9865
10503	9875
10507	9878
10510	9884
10515	9893
10517	9895
10519	9901
10525	9907
10527	9908
10530	9910
10540	9921
10559	9945
10560	9946
10565	9953
10574	9965
10581	9975
10582	9976
10583	9977
10593	9991
10597	9993
10604	9996
10610	9999
10613	10000
10636	10025
10646	10034
10652	10041
10654	10047
10656	10050
10668	10056
10674	10064
10676	10067
10681	10069
10685	10071
10689	10073
10690	10076
10691	10077
10693	10080
10694	10082
10708	10089
10710	10091
10719	10101
10721	10103
10722	10104
10730	10110
10731	10112
10734	10116
10756	10135
10751	10130
10753	10132
10755	10134
10754	10133
11307	10834
11093	10581
11090	10571
11255	10783
11384	10935
11076	10554
10997	10457
11422	10974
11365	10153
10957	10414
11319	10850
11322	10852
11020	10491
11123	10822
11282	10806
11147	10869
11081	10560
11281	10275
11299	10827
11292	10817
10864	10297
10984	10441
11332	10871
10804	10213
11221	10745
11264	10793
11242	10771
11100	10590
11213	10732
11301	10829
10835	10255
11400	10651
11160	10670
11290	10814
10998	10458
11182	10701
10809	10216
10836	10256
11318	10848
11101	10591
10774	10168
11011	10480
11411	10966
10865	10296
10758	10136
10781	10178
11261	10230
11115	10614
11388	10940
11085	10565
11382	10933
11344	10747
10831	10252
11285	10811
11356	10454
10773	10162
10992	10449
10954	10410
11179	10695
10833	10254
11408	10962
11186	10707
10975	10431
11083	10564
11196	10718
10806	10214
11391	10945
11249	10778
10842	10265
11166	10675
10993	10450
11402	10955
11223	10747
11220	10743
11342	10890
10859	10288
11387	10941
11154	10665
11396	10951
11038	10749
11195	10717
11344	10889
11176	10690
11229	10755
11280	10805
11330	10550
11200	10723
11294	10819
10772	10160
11399	10682
11094	10585
11177	10692
11300	10828
11139	10641
10830	10251
10974	10430
11272	10798
10858	10286
10812	10223
10922	10374
10995	10452
11128	10627
10950	10407
11046	10527
11366	10916
10925	10377
10892	10325
11297	10821
10802	10211
11385	10934
11203	10725
11243	10772
11342	10890
10810	10218
11325	10860
11393	10949
11036	10512
11386	10752
11305	10831
11012	10482
11127	10628
10953	10439
11377	10928
10937	10394
11423	10975
11219	10741
10946	10402
11117	10617
11252	10781
11089	10570
11413	10965
11363	10913
11019	10490
11313	10838
10839	10262
10931	10386
11339	10886
11415	10968
11289	10815
11258	10785
13256	12749
13077	12538
13048	12505
12262	11638
13161	12636
12166	11533
12974	12403
13316	12818
13419	12928
12373	11745
13471	12984
13006	12444
12918	12345
12958	12383
12158	11524
13398	12905
13000	12437
13368	12875
13240	12730
13433	11606
12577	11527
12502	11890
13636	13153
13209	12692
13386	12889
12786	12205
12854	12271
12842	12257
13459	12965
13141	12608
13341	12847
13022	12463
12843	12258
13253	13140
12984	12416
12189	11562
12412	11798
12690	12102
13465	12971
12655	12056
13128	12596
12889	13128
13125	11528
12475	11859
13095	12558
12566	11964
12968	12395
12946	12371
12557	11955
12584	11979
13011	12453
13581	13100
12488	11872
13537	13061
13603	13125
13066	12236
13354	12859
13385	12888
12316	11685
12615	12013
12270	11646
13274	12772
12452	11840
13115	12587
12627	12026
12985	12418
12300	11667
13054	12511
12768	12181
13512	11748
13478	12993
12675	12078
13419	12928
12567	11966
13247	12736
13176	12653
12964	12391
12555	11952
13614	13136
12972	12400
12785	12203
13139	12606
12283	11655
13148	12618
12215	11586
13558	13080
13319	12820
13206	12689
13503	13019
13290	12788
13279	12775
12719	12132
13062	12520
13081	12543
13167	12502
13604	13126
12410	11795
12915	12340
13024	12469
12693	12103
13205	12687
12831	12244
12260	11636
13360	12866
12355	11723
13428	12934
12196	11569
12557	11955
13645	13162
12586	11982
12171	11541
12218	11591
13145	12613
13662	13174
12556	11954
12246	11622
12785	12203
12745	12164
13229	12712
12510	11606
12546	11942
12374	11746
12269	11645
12304	11675
12917	12343
13096	12560
12834	12246
12373	11745
13044	12493
12873	12294
13203	12684
13444	12955
13628	13144
13091	12555
13146	12614
13204	12685
13142	12609
13413	12919
13629	13146
12542	11939
13630	13147
13404	12909
13240	12730
12525	11914
13304	12804
12971	12397
12846	12259
12769	12182
12800	12213
13488	13001
12319	11688
13418	12392
13266	12762
12899	12329
12606	12002
13216	12696
12396	11772
13648	11687
13529	13054
13330	12831
12833	12245
13338	12841
12750	12167
12958	12383
12241	11617
12172	11542
13268	12765
12653	12049
12513	11900
12576	11974
13332	12834
12614	12426
12522	11912
13263	12758
12224	11600
12249	11627
13649	13164
13154	12626
13628	13144
12452	11840
13610	13131
12886	12311
12724	12143
13642	13160
13069	12531
12155	11520
13396	12900
13175	12652
12942	12366
13066	12525
13352	12856
12368	11737
12188	11748
13342	12849
12189	11562
13187	12664
12325	11695
13406	12912
12550	11945
12827	12317
12254	11631
13254	12748
13140	12607
12602	12684
13621	13140
13285	12783
12628	11674
13002	12439
13222	12705
12736	12159
12592	11989
12799	12212
13241	12731
12762	12176
13658	13169
12226	11602
13229	12712
13162	12639
12984	12416
12539	11936
12602	12890
12925	12017
13576	13097
13004	12442
12731	12152
12712	12125
13374	12880
12670	12073
12425	11814
12380	11756
12835	12250
13320	12823
12705	12121
13262	12756
13595	13114
12347	12126
13399	12906
13297	12794
13353	12858
12225	11728
13140	12607
12223	11599
12458	11843
12240	11616
13355	12665
12249	11627
12676	12082
13634	13150
12523	11913
12421	11810
13176	12653
13405	12910
12585	11981
13515	13034
13416	12925
13044	12493
12945	12368
13605	12864
12499	12073
12413	11799
12905	12332
12310	11679
12324	12271
12171	11541
12491	11876
13273	12770
12492	11878
12667	12071
13306	12808
13310	12811
13420	12930
13020	11527
12328	11697
13101	12566
12161	11527
12917	12352
12347	11711
12618	12021
13257	12752
12713	12126
12284	11656
12195	11571
13239	12729
13008	12449
12180	11552
12248	11626
12843	12258
12614	11572
13351	12855
12790	12208
13203	12684
12413	11799
13034	12479
13472	12985
12530	11919
12530	11919
12946	12371
12223	11599
13122	12269
12207	11581
12572	12011
12826	12241
12584	11979
12545	11941
12849	12265
12539	11936
12667	12071
12776	12192
13445	12956
13498	13017
12969	12396
12323	11694
13057	12513
12971	12397
12904	11854
12619	12019
12618	12017
12754	12170
12993	12430
13122	12269
12622	12022
12448	11835
13468	12977
13105	12572
12734	12157
13376	12881
12977	12315
12228	11604
12606	12002
13152	12622
12420	12196
13020	12460
12174	11545
12567	11966
13299	12795
12207	11581
12390	11766
13061	12519
12406	11792
13155	12631
12418	11808
12238	11614
12898	12328
13323	12825
13076	12537
13007	12446
12405	11791
12372	11742
12343	11708
12572	12269
12526	11915
12777	12193
12668	13084
12320	11690
12175	11547
12578	11568
12227	11603
12391	11769
13546	12178
13645	13162
12716	12128
13136	12603
13201	12681
13276	12773
13487	13002
13301	12796
13100	12134
13489	13005
12411	11796
12347	11711
12803	12215
13132	12599
13219	12701
13198	12676
12647	12043
13324	12826
12765	12180
12827	12240
13038	12483
12757	12172
13526	13048
13210	12693
12723	12142
13444	12955
13434	12942
13037	12481
12488	11872
12654	12055
13612	13133
12417	11807
12889	12314
12477	11861
12354	11722
12421	11810
13303	12802
12615	12013
12203	11575
12250	11629
12862	12283
13468	12977
12361	11730
13476	12991
12414	11801
13396	12900
13314	12814
13646	13163
13235	12723
12665	12066
12822	12235
12608	12005
12577	11527
12732	12601
12341	11706
13371	12877
13643	13161
12333	11701
13058	12516
12996	12432
12967	12393
13208	12691
13412	12918
13217	12698
13015	12458
12392	11770
12830	12243
13169	12643
12307	11677
12348	11712
13013	12457
12572	12593
12928	12357
12717	12130
13039	12484
13625	13143
12454	12927
13384	12887
13297	12794
13588	13108
12562	11960
12616	12014
13384	12887
12285	11657
12446	11832
12608	12005
12284	11656
12198	11573
12490	11875
12609	12008
13196	12673
13465	12971
12513	11900
12505	11901
12701	12112
12597	11992
12253	11630
13130	12597
12393	11771
12959	12384
13337	12840
13410	12916
12637	12037
12479	11865
13423	12932
13379	12885
13393	12896
13066	12236
12531	11921
13587	13106
12481	11866
12638	12038
12224	11600
12312	11681
13187	12664
13412	12918
13191	12669
13143	12610
12534	11928
13486	13003
13326	12828
12572	12269
12827	11883
13191	12669
13397	12902
12629	12028
12885	12310
13496	13012
12364	12954
13355	11619
12652	12050
12517	13165
13358	12865
12867	12288
12827	12958
13222	12705
13048	12505
13051	12508
12925	12017
13236	12727
12588	11984
13097	12561
12506	11894
12153	11517
13092	12556
13387	12890
13057	12513
13163	12640
12345	11710
13477	12992
13201	12681
13489	13005
13598	13118
12894	12320
12764	13093
13445	12956
12863	12284
12874	12296
12538	11934
13288	12786
12954	11557
13141	12608
12152	11516
12246	11622
12673	12074
12911	12335
13052	12509
12898	12328
13590	11589
13508	13029
12618	12017
12162	11530
13264	12759
12596	11993
12441	11828
12650	12047
12728	12150
12922	12350
13574	13095
13002	12439
13347	12853
13299	12795
12314	11683
13293	12790
13335	12836
13056	12512
12375	11748
12380	11756
13323	12825
12287	12233
13037	12481
13023	12464
13454	12450
13085	12550
13552	13074
12559	11958
12812	12228
12164	11532
13333	12835
12403	11787
12707	12122
13406	12912
12779	12196
13010	12454
12416	11803
13389	12295
13521	13044
13431	12937
13622	13141
13303	12802
12201	11574
13111	12581
12191	11563
12839	12254
12599	11998
12996	12003
13287	12785
13320	12823
12954	12379
12827	12240
13602	13124
13332	12834
12603	11999
13367	12874
13486	13003
13233	12720
12397	11778
13610	13131
12789	12207
12730	12151
12248	11626
12842	12257
13618	13138
13027	12323
12241	11617
13649	13164
13189	12666
13056	12512
13424	12933
12917	12352
12226	11602
12854	12271
12863	11674
13282	12779
12752	12168
12928	12357
13418	12927
12506	11894
13547	12611
12401	11784
13430	12936
12664	12065
12321	11693
13328	12829
12323	11694
12523	11913
12283	11655
12906	12333
13070	12532
13223	12707
12193	11565
12378	11753
13221	12704
12963	12387
12779	12196
13339	12844
13641	13159
12855	12273
12852	12041
12422	11811
12204	11576
13416	12925
12919	12346
12783	12201
12795	12209
13614	13136
12435	11821
12537	11932
13336	12838
13083	12547
12834	12246
13395	12898
12168	11537
13313	12813
12656	12057
13094	12557
12991	12429
13638	12146
13013	12457
13148	12618
13357	12862
12515	11903
12153	11517
13270	12767
12468	11854
13657	13168
12562	11960
12311	11680
12577	12721
13333	12835
12817	12232
13141	11607
12893	12319
12928	12868
12656	12057
13027	12323
12496	11882
13653	12109
13305	12805
13481	12996
12236	11613
12750	12167
12635	12035
12824	12237
12220	11596
12594	11990
12164	11532
12602	12000
13284	12782
13124	11527
13288	12786
12436	11823
12384	11761
13220	12702
13473	12987
13239	12729
13409	12915
13331	12832
12412	11798
12918	12345
13621	13140
13467	12974
12896	12324
12850	12266
13636	13153
12379	11755
12602	12000
12660	13010
12937	12360
13538	12986
13459	12965
12544	11940
12823	12236
13407	12913
13204	12685
13522	13046
12892	12318
13475	12989
12486	11870
12184	12379
12461	11849
12753	12169
13543	13067
12546	11942
12227	11603
13125	11528
12975	12404
12720	12133
12358	11727
12466	11852
13196	12673
13368	12875
12775	12191
13029	12472
13066	12525
13290	12788
13575	13096
13629	13146
12331	11700
12386	11762
13130	12597
13348	12320
12493	11879
12867	12288
13599	13121
13324	12826
12316	11685
12254	11631
13475	12989
13094	12557
13597	13117
12478	11864
13322	12824
12416	11803
13095	12558
12990	12428
12651	12048
13313	12813
13584	13105
13188	12665
12883	12306
13507	13028
13307	12809
13035	12480
13310	12811
12166	11533
12195	11571
12460	11848
12422	11811
13718	13901
13741	13365
13901	13211
13770	13392
13709	13307
14490	13466
14245	13477
13967	13319
14530	13262
14221	13466
14529	13176
14526	13466
14111	13595
14678	13198
13907	13766
14140	13338
14652	13863
14434	13576
14694	13466
14111	13387
14356	13337
13901	13230
14307	13868
14261	13255
14588	13904
14017	13712
14081	13466
14663	13277
14694	13766
14148	13898
14113	13766
13857	13766
13835	13226
14131	13201
14107	13466
14111	13523
14025	13830
14148	13716
14077	13825
14637	13904
14009	13218
13901	13859
13774	13980
14535	13211
14140	13382
14368	13726
13801	13254
14567	13622
14380	13466
13976	13270
13770	13480
14401	13578
14687	13466
14637	13901
13770	13203
13698	13852
14130	13581
14214	13435
14541	13860
14155	13368
14458	13859
14401	13869
14280	13331
14663	13367
13941	13900
13990	13382
14148	13242
14670	13904
14148	13389
14401	13269
14401	13653
13732	13217
13901	13804
14584	13766
14115	13408
13856	13273
14252	13578
13738	13365
14458	13176
14049	13466
13885	13246
14340	13651
13994	13209
14695	13821
14277	13741
13770	13724
14641	13828
13901	13870
13766	13720
14111	13365
13901	13213
13901	13395
14401	13647
14148	13792
14611	13408
13801	13595
14447	13866
13995	13716
14633	13382
14261	13242
14458	13382
14316	13595
14517	13479
13885	13408
14214	13365
13770	13194
13937	13466
14381	13570
14061	13388
14252	13365
14261	13766
14458	13246
14401	13904
14143	13292
14608	13387
13801	13360
14229	13307
14003	13766
14663	13382
14148	13901
13901	13804
13972	13980
13892	13669
14401	13766
14145	13843
13801	13384
14401	13300
14490	13904
14694	13395
13776	13365
14268	13347
14382	13798
13801	13549
13835	13211
14561	13880
14319	13466
14113	13658
13950	13830
14434	13576
14027	13921
13726	13435
14227	13408
13901	13929
14631	13656
13835	13331
13874	13331
14093	13904
13789	13765
13961	13365
13755	13651
14111	13602
14567	13952
13717	13382
14401	13365
14207	13782
13994	13248
14216	13559
14631	13365
14356	13480
13776	13694
13885	13500
14278	13228
14061	13697
14672	13747
13887	13466
14255	13408
14506	13979
13698	13693
14494	13331
14026	13766
14252	13880
14101	13911
14608	13566
14561	13307
14250	13382
13742	13408
14231	13523
14628	13500
14558	13766
13885	13904
14402	13566
14148	13734
14543	13864
14111	13595
13801	13211
14144	13545
14212	13566
14173	13246
14148	13650
14401	13573
13929	13428
14631	13444
13817	13898
14641	13296
14401	13466
13901	13830
13676	13790
13757	13412
13703	13222
14458	13372
13678	13431
14401	13307
14148	13252
13912	13857
14641	13466
14499	13980
14631	13466
13901	13272
14252	13219
13824	13413
14492	13898
13835	13435
13885	13650
14622	13818
14696	13408
14412	13307
13801	13722
14561	13904
13724	13210
14458	13246
14588	13606
14178	13242
13740	13481
14567	13727
14480	13766
14664	13277
14545	13178
14148	13421
14287	13334
13966	13382
13995	13466
14657	13370
14521	13427
14013	13407
13789	13576
13994	13766
13835	13216
14561	13772
13835	13766
14562	13843
14567	13412
14383	13792
14694	13402
13824	13766
14490	13821
13805	13408
14148	13605
13757	13621
14694	13230
14267	13638
14447	13766
14268	13242
14285	13435
14439	13634
13698	13408
14201	13406
14587	13744
13901	13679
14694	13798
14206	13466
14384	13507
14287	13513
14358	13466
14285	13375
13972	13604
14010	13382
13815	13294
14129	13859
14401	13792
14694	13365
13912	13435
13801	13264
14142	13277
14401	13566
14401	13561
14493	13828
14361	13406
14358	13382
13901	13224
14401	13435
14458	13693
14065	13508
14518	13536
13990	13766
14694	13466
14641	13466
14148	13382
13801	13281
14148	13536
13892	13752
14294	13578
14148	13494
13706	13408
13933	13771
14287	13860
13726	13444
14567	13365
13770	13365
14663	13891
13770	13613
14358	13273
14248	13216
14082	13230
14148	13202
14458	13500
13789	13901
14339	13671
14337	13288
14080	13367
14519	13227
14401	13980
13920	13358
14458	13668
14178	13739
13853	13908
14002	13333
14662	13382
13828	13357
14655	13980
13801	13455
14507	13387
13994	13792
14148	13651
13786	13382
14695	13591
14543	13864
14373	13786
13994	13435
14622	13507
14214	13211
14401	13903
14229	13308
13726	13818
13838	13487
13801	13599
14401	13495
13824	13566
14695	13273
14694	13980
14464	13408
13801	13980
14373	13408
14490	13750
14129	13712
13952	13466
14542	13408
14543	13478
14678	13685
13763	13230
14148	13901
14124	13365
13835	13495
14318	13676
13774	13566
14252	13566
14490	13970
14117	13530
13824	13269
14319	13856
14186	13300
14401	13288
14148	13724
13950	13578
14663	13246
14252	13533
14252	13766
14458	13277
14624	13382
14395	13483
13936	13761
13882	13265
14664	13536
13726	13211
14157	13869
14234	13305
14221	13791
14080	13947
13770	13693
14148	13461
13853	13324
14537	13513
13943	13673
14052	13761
14148	13878
14111	13573
14299	13365
13770	13648
14252	13566
14261	13338
14093	13766
13694	13766
14221	13870
13801	13307
14455	13668
13774	13261
14401	13230
14458	13778
13768	13819
14461	13695
13835	13828
13801	13595
14694	13230
13734	13576
14148	13955
14356	13242
13994	13360
14148	13408
13885	13898
13695	13724
14418	13466
14401	13716
14663	13767
13847	13940
13859	13975
14458	13694
14148	13204
13972	13365
13770	13693
13994	13904
14383	13307
14252	13980
14276	13466
13801	13766
13681	13324
14458	13428
13994	13843
13770	13277
14622	13507
13824	13830
13897	13428
14341	13466
13801	13695
14458	13547
13789	13576
14002	13451
14401	13535
13954	13372
14441	13435
14418	13625
13961	13694
14434	13954
14169	13903
13770	13576
14682	13211
13815	13294
13929	13421
14148	13979
13885	13767
14261	13664
13782	13247
14611	13408
14507	13365
13711	13277
13789	13347
14044	13408
13901	13578
14080	13365
14252	13507
14617	13595
14129	13639
14464	13934
13847	13940
14694	13830
13716	13766
14605	13219
14682	13732
14663	13576
14458	13421
14694	13510
14052	13211
13994	13815
14345	13195
13770	13408
14261	13280
14299	13307
13901	13435
13901	13786
14252	13656
14000	13307
13801	13761
13901	13880
14111	13219
14694	13679
14301	13825
13896	13575
13757	13748
14426	13489
13901	13976
13772	13336
13801	13435
14023	13588
14243	13586
13994	13466
14637	13382
14026	13452
14236	13766
13924	13466
14055	13938
14662	13742
14458	13547
13792	13853
13801	13692
14695	13591
14180	13327
14401	13582
13890	13792
14458	13365
14317	13898
14307	13407
14278	13224
13692	13656
13961	13636
14163	13780
14024	13466
14401	13211
14365	13481
14049	13466
14432	13749
14401	13928
14617	13922
13801	13466
13901	13387
14229	13487
14202	13211
13824	13578
14458	13480
14145	13435
14140	13203
14458	13651
14048	13820
13694	13435
14148	13947
14328	13651
14341	13771
14285	13866
14401	13500
14383	13466
14252	13904
13775	13833
14694	13656
14622	13466
14148	13277
14148	13466
14561	13880
14429	13370
13726	13766
13801	13925
14415	13355
14694	13748
13853	13908
13912	13766
13994	13435
14124	13211
14172	13242
13757	13748
13717	13699
14458	13500
13824	13980
14077	13515
13801	13843
14400	13466
13979	13766
14543	13408
13901	13205
13667	13382
14460	13724
14526	13273
13833	13466
13994	13772
14129	13382
14113	13392
13770	13654
13856	13273
14144	13365
14556	13524
13994	13397
13698	13576
13695	13766
14651	13766
13726	13365
14663	13347
13961	13693
14401	13695
13835	13641
13946	13305
14355	13437
13859	13694
13734	13350
14525	13212
13801	13219
14140	13500
13859	13382
14080	13766
14003	13970
13825	13766
14458	13651
13938	13408
14694	13272
13726	13466
13901	13858
14468	13398
13901	13466
14117	13530
14694	13611
14401	13845
13938	13408
13824	13904
14148	13389
14287	13828
13801	13360
14287	13935
14223	13500
14385	13792
13901	13397
13801	13408
14214	13442
14535	13859
13699	13421
14256	13288
14146	13408
14129	13382
14252	13766
14383	13591
14111	13533
13946	13808
14356	13382
14356	13347
14124	13766
14530	13855
14561	13792
13901	13952
14624	13693
13924	13219
14482	13430
14221	13365
14380	13880
14148	13599
13695	13408
13762	13808
14077	13887
14252	13595
13709	13307
14641	13211
13901	13288
13885	13767
14694	13766
14356	13500
14282	13904
14207	13466
13901	13481
13726	13487
13801	13466
13695	13766
14473	13586
14279	13576
14694	13566
13901	13382
13770	13698
13726	13953
13676	13790
14337	13408
13757	13656
14285	13435
13770	13598
13692	13325
13744	13490
14356	13382
13901	13381
14252	13300
14295	13711
14148	13451
14585	13408
13947	13200
13820	13766
13948	13381
14261	13576
13801	13294
14610	13408
14663	13792
14287	13782
14401	13435
14293	13656
13770	13451
14502	13343
13901	13566
14145	13828
14225	13382
14160	13576
14383	13875
13924	13748
14158	13556
14429	13979
14299	13969
13817	13850
13901	13856
13706	13693
13901	13466
13998	13347
14414	13828
13901	13408
14688	13435
14663	13347
13901	13766
14269	13512
13901	13671
13824	13766
14236	13234
14093	13980
14146	13392
13694	13792
14232	13576
13885	13658
14695	13307
14214	13549
13770	13651
13901	13915
14626	13397
14002	13451
14506	13656
13871	13766
13770	13273
13835	13256
14401	13724
13884	13705
14366	13723
13835	13405
13859	13943
14233	13904
14320	13365
13846	13766
13950	13487
13987	13859
13901	13798
14401	13805
13824	13300
14356	13500
14635	13382
14661	13920
13726	13381
14559	13876
13829	13766
14663	13500
13810	13466
13829	13465
14648	13211
13770	13600
14254	13911
14596	13901
14694	13880
14464	13756
14289	13424
13860	13179
14663	13194
13994	13903
14345	13859
13801	13300
14466	13609
13824	13656
13864	13231
14401	13866
13815	13331
13726	13647
14080	13382
14278	13822
14345	13565
13768	13199
14327	13453
14137	13693
14113	13408
14694	13980
14354	13707
14429	13873
14111	13230
14585	13273
14148	13887
13835	13330
14401	13408
14694	13830
13726	13880
14458	13977
14261	13500
14596	13382
14138	13794
14252	13870
14386	13408
13801	13387
14148	13500
14413	13382
14249	13779
14356	13390
14111	13507
14257	13980
14663	13372
14456	13583
13994	13828
13801	13408
14261	13576
14368	13365
14562	13843
13801	13307
14476	13767
14458	13576
14500	13541
13948	13365
14178	13451
13885	13382
14122	13981
13817	13291
14606	13479
14307	13365
14345	13408
14401	13189
13719	13755
14429	13782
14280	13440
14401	13219
14274	13833
13801	13771
14583	13382
14148	13595
14206	13435
14148	13428
13838	13578
14131	13201
13888	13724
14626	13466
14401	13827
14130	13272
14120	13778
14056	13502
14401	13475
13835	13307
14596	13765
14373	13346
13924	13830
14628	13634
13978	13693
14420	13526
14214	13973
14268	13312
14140	13277
13706	13766
14401	13219
14287	13586
13801	13365
14223	13408
14381	13203
14694	13904
13901	13656
13901	13748
14579	13782
14588	13466
14458	13786
13768	13828
14631	13595
14432	13663
14561	13365
14214	13380
13901	13487
13901	13791
14462	13766
14567	13621
13835	13766
14003	13365
14373	13742
13949	13313
13789	13693
14663	13254
13690	13682
14137	13770
14148	13693
13829	13465
14003	13766
13861	13840
13901	13307
13901	13720
14111	13566
13768	13435
14279	13367
14401	13930
14178	13382
13892	13978
13810	13466
14503	13466
13901	13980
14562	13444
14178	13408
13801	13904
14663	13821
14111	13980
14551	13823
13859	13365
14268	13392
14562	13766
14573	13305
13901	13523
14409	13408
14207	13408
13924	13269
13782	13374
14337	13281
13975	13408
14585	13536
13826	13466
14235	13188
14252	13973
14252	13980
13801	13980
14678	13766
14669	13507
13924	13487
14561	13766
14261	13658
13901	13963
14206	13365
14252	13230
14322	13813
13946	13898
13801	13460
14071	13797
14229	13487
13801	13693
13792	13382
14114	13766
13901	13219
13726	13561
14628	13536
14601	13656
14458	13408
14111	13592
13901	13365
14664	13694
13912	13360
14138	13210
14044	13193
14287	13331
14694	13595
14124	13211
14337	13500
13726	13766
14663	13273
14631	13656
14450	13980
14429	13656
14086	13846
14543	13766
13746	13980
14287	13294
14008	13239
14137	13766
14137	13766
13824	13365
13924	13885
13789	13767
14080	13576
13815	13782
14447	13199
14516	13360
13924	13766
14561	13466
13783	13694
14608	13766
13846	13365
14401	13828
14145	13397
14316	13387
13901	13230
14145	13211
13816	13393
14401	13270
13859	13904
14162	13341
13990	13901
14401	13360
14145	13296
13798	13904
13835	13360
13829	13538
14525	13212
14148	13694
14195	13307
13817	13712
14207	13527
13901	13798
14422	13311
14080	13698
14682	13798
13896	13575
14622	13880
13908	13307
13955	13768
13901	13331
13994	13375
14617	13980
13901	13430
13901	13824
13801	13472
13954	13943
14637	13382
14000	13616
13901	13800
14287	13526
13969	13389
13824	13980
14130	13711
13901	13773
14401	13382
13976	13854
13769	13415
13924	13595
14179	13399
14458	13176
13801	13866
14080	13254
13737	13371
14458	13204
13835	13792
14344	13306
13695	13600
14434	13382
14356	13408
14279	13408
13717	13382
13815	13513
14252	13368
14148	13650
14532	13448
14401	13481
14457	13661
14401	13381
14254	13766
14694	13269
14550	13766
14573	13712
13835	13591
14206	13435
14362	13520
13824	13549
14544	13819
14111	13766
13901	13211
14458	13901
13835	13397
13988	13941
13834	13296
14006	13766
13994	13211
14207	13766
13910	13466
14418	13792
13901	13659
13901	13880
14216	13559
14401	13549
14458	13853
13935	13571
14171	13389
14694	13295
14287	13487
14695	13875
14121	13767
13901	13318
14557	13694
14268	13277
14297	13487
13695	13724
13994	13466
14076	13482
13764	13980
14203	13717
14243	13524
14424	13599
14280	13656
14687	13679
13770	13536
14243	13741
13768	13189
14601	13766
13999	13559
13770	13849
14069	13382
13760	13656
14133	13429
14493	13862
14316	13466
14254	13332
14694	13219
14278	13927
13870	13955
14080	13423
14061	13614
14663	13382
14377	13282
14010	13536
14145	13360
14446	13537
14318	13466
13789	13766
13869	13455
14645	13339
13859	13408
14669	13269
14639	13695
14695	13875
13997	13438
14148	13766
14211	13733
13929	13382
13714	13408
14401	13830
13757	13325
14343	13828
14622	13365
13835	13307
14494	13568
14137	13398
13801	13449
14450	13527
13801	13743
14148	13709
14240	13628
13855	13901
14145	13435
14111	13381
13767	13251
13770	13950
14641	13365
14230	13917
13817	13382
14345	13408
14287	13307
14082	13766
14148	13923
13815	13828
13770	13767
13824	13595
14623	13714
14631	13466
14278	13927
14186	13368
14622	13272
13801	13557
14507	13300
13901	13904
14010	13650
13768	13435
14472	13693
13972	13904
13770	13648
14680	13319
14401	13595
14154	13548
14047	13590
14373	13277
14439	13536
14377	13466
14694	13289
14124	13980
13901	13365
14458	13365
14148	13493
14695	13821
14031	13480
15013	14486
15327	14230
14928	14127
15101	14245
14826	14402
15419	14355
15391	14038
15101	14561
15264	14402
14699	14537
14826	14355
15348	14534
14943	14539
15491	14076
15012	14112
15229	14047
15023	14113
15006	14305
15399	14000
14855	14300
15576	14271
15236	14079
15340	14127
15236	14195
15445	14502
14822	14292
14894	14390
14857	14148
14714	14122
15375	14348
15234	14585
14917	14038
15152	14071
15551	13997
15036	14184
14737	14292
14855	14563
15190	14496
14924	14122
15510	14207
14989	14352
15224	14226
15049	14271
15346	14352
14883	13997
15083	14420
15346	14041
15234	14195
14735	14412
14737	14071
15204	14064
15415	14408
15432	14122
14735	14561
14980	14112
14780	14355
14718	14038
15167	14102
15115	14170
14735	14245
14792	14300
14793	14025
15384	14258
15420	14143
15217	14352
15072	14195
14849	14420
15472	14303
15392	14415
15266	14363
15095	14140
14855	14355
15240	14038
15458	13997
14891	14271
14793	14335
14737	13997
15556	14026
14867	14325
14826	13997
14994	14061
15316	14420
15189	14322
15284	14355
14792	14060
14734	14472
15417	14127
15526	14127
15536	14085
15115	13998
15115	14141
15255	14299
15109	14177
15115	14026
15384	13997
15272	14292
15082	14297
14930	14185
14792	14149
15407	14120
15303	14053
15250	14132
14739	14538
15015	14287
14855	14433
14773	14355
15575	14168
14826	14433
14773	14400
15170	14300
15470	14362
14826	14101
14746	14148
14828	14364
14853	14252
14849	14292
14737	14144
15566	14143
15476	14083
15478	14127
15001	14501
15177	14314
15115	14032
15430	14292
15244	14079
14699	14079
15327	14124
15156	14398
15438	14412
14878	14303
14857	14271
14792	14355
15113	14473
15346	14120
15234	14315
15115	14558
15479	14554
15394	14158
14793	14461
15327	14355
15053	14380
14773	14120
14737	14340
15220	14334
14864	14015
15469	14271
15340	14120
15115	14079
15557	14127
14917	14299
15063	14219
14714	14007
15115	14343
15167	14195
15393	14122
15417	14560
14808	14578
15234	14496
15499	14433
14737	14575
15346	13997
15458	14163
14827	14197
15327	14392
14792	14561
14841	14352
15216	14079
15115	14355
15364	14420
14917	14362
15266	14195
15113	14344
15575	14495
15407	14560
14735	14355
15392	14300
15234	14580
15403	13997
15437	14018
14792	14292
14859	14025
15349	14038
15101	14355
15220	14560
15474	14023
15023	14402
15425	14079
14917	14213
14792	14382
15236	14059
15575	14576
15452	14505
14878	14098
15101	14300
15399	14113
15381	14420
15465	14239
15067	14420
14945	14292
14823	14052
15116	14472
14738	14580
15353	14278
15201	14239
15111	14362
15367	14328
14984	14127
14826	14292
15209	14536
15489	14355
15116	14446
15182	14207
15378	14271
14883	14076
14793	13997
15394	14122
14773	14510
15407	14300
14792	14127
15228	13984
14968	14263
14851	14293
15033	14198
14709	14292
15551	14140
15567	14148
14826	14336
15303	14120
14760	14113
15101	14382
15524	14067
14762	14300
14773	14148
14772	14079
15214	14181
15257	14120
15167	14214
14917	14168
15099	14278
14786	14472
14826	14038
15431	14585
15013	14293
14917	14292
14705	14438
15574	14455
15234	14160
14737	14534
14792	14319
15485	14532
15371	14249
15167	14148
15491	14301
14826	14472
14762	14552
14917	14061
15461	14195
15250	14355
15036	14184
14776	14363
15252	14026
15526	14087
15011	14435
15429	14110
15529	13997
14826	14207
15234	14336
15342	14420
15476	14198
15168	14027
15115	14373
14902	14046
14761	14122
14737	14193
15396	14528
15250	13997
14735	14120
14924	14195
14840	14057
14826	14210
14905	14033
14902	14493
15115	14120
15234	14102
14917	14303
14762	14143
14737	14072
15088	14126
14917	14402
15092	14254
14880	14461
15115	14319
15508	14576
15515	14392
15297	14160
15201	14072
14883	14340
14735	14181
15508	14178
15010	14300
14761	14205
14785	14402
15517	14476
15373	14271
14737	14195
14840	14527
15115	14148
14832	14195
14826	14059
15565	14435
15016	14148
14702	14148
14773	14245
14793	14538
14881	14567
15417	14433
14714	14292
14857	14017
14917	14271
15346	14122
14826	14195
14857	14537
15378	14059
15186	14217
15539	14507
14762	14148
15314	14435
15381	14579
15238	14342
14784	14355
15368	14420
15206	14442
15170	14127
14715	14420
15055	14264
14826	14187
15476	14122
15268	14038
15494	14235
15190	14492
15515	14127
14818	14049
15233	14487
14917	14195
15212	14282
14706	14171
14920	14469
15220	14127
15572	14587
14792	14124
14826	14449
15053	14127
15000	14310
15241	14127
15575	14079
14762	14026
15346	14205
15115	14509
14855	14245
14855	14120
15569	14342
15043	14293
14721	14293
15286	14544
15016	14170
14737	14472
15101	14143
15384	14353
14946	14475
15234	14342
15303	14433
14737	14122
15059	14148
15010	14148
15136	14002
15575	14076
14715	13997
15566	14355
14836	14588
15195	14420
14826	14271
15421	14148
15156	14200
15297	14197
15346	14292
15220	14207
15195	14182
15381	14122
14796	13997
14826	14094
14792	14565
15407	14400
15411	14195
15183	13997
15566	14085
15127	14467
15115	14433
15412	14148
14804	14148
15326	14420
14851	14120
15190	14213
15115	14068
14793	14352
15552	14292
15364	14192
14826	14372
15530	14521
14820	14340
15346	14213
14944	14158
15234	14271
14857	14079
14723	14127
15207	13984
15085	14355
15010	14420
15346	14493
14792	14472
14712	14127
15101	14127
14960	14537
14854	14122
14737	14271
15467	14521
14792	14552
15101	14148
14917	14494
15010	14355
15242	14198
14810	14420
15027	14033
15307	14159
15395	14122
15321	14472
15298	14413
14792	14214
15195	14271
15400	13997
14878	14122
15465	14512
15364	14007
14792	14433
14917	13984
14872	14093
14857	14195
15115	14254
15507	14315
15526	14403
15167	14411
15469	14244
15303	14148
14793	14537
15013	14319
15575	14271
14735	14300
14886	14102
14826	14393
15303	14143
14826	14120
14944	14122
15346	14115
14896	14012
14756	14010
14857	14084
15201	14413
15115	14382
15493	14256
15115	14392
15227	14245
15170	14120
15469	14097
14855	14148
15101	14373
14941	14493
15554	14114
15186	14319
14917	14538
15048	14420
15122	14420
15575	14025
15170	14122
14851	14148
15084	14435
15218	14208
14826	14076
14857	14076
15236	14076
15407	14356
14735	14124
15391	14008
14699	14195
14737	14496
14792	14195
14849	14038
15310	14147
15013	14127
15057	13997
15346	14087
15430	13997
15359	14381
15568	14538
14860	14100
15038	14470
15414	14433
14826	14091
14780	14245
14781	14026
14834	14195
14956	14300
14764	14292
15392	14148
14826	14493
15575	14352
15476	14059
14857	14059
15491	14534
15569	14420
15038	14433
15466	14271
14977	14102
14826	14534
14728	14290
14819	14148
15208	14538
14747	14001
15023	14112
14826	14496
15115	14385
15489	14043
15455	14538
15399	14112
14880	14038
14917	14408
15174	14380
15476	14303
14793	14158
15566	14397
15222	14127
14715	14292
15096	14120
15370	14214
15327	14148
14826	14191
14912	14280
15633	14647
15622	14609
15656	14656
15601	14649
15667	14621
15608	14647
15637	14606
15617	14624
15645	14647
15673	14683
15633	14684
15593	14602
15622	14629
15599	14629
15622	14676
15611	14616
15643	14660
15632	14663
15622	14668
15635	14663
15622	14601
15651	14642
15582	14657
15655	14629
15622	14640
15632	14643
15657	14629
15622	14635
15660	14688
15588	14629
15622	14626
15632	14689
15578	14657
15619	14626
15632	14655
15663	14666
15664	14671
15646	14663
15637	14637
15666	14676
15629	14636
15602	14651
15631	14635
15628	14617
15622	14595
15624	14685
15658	14663
15662	14663
15662	14629
15598	14606
15613	14618
15622	14624
15622	14657
15627	14607
15622	14616
15614	14663
15829	14970
15936	15130
15836	15130
15960	15150
15956	15181
15912	15054
15706	14994
15698	15237
15766	14830
15844	14919
15705	15237
15863	15130
15859	15237
15834	15130
15796	15237
15913	15189
15863	14696
15764	14912
15964	15116
15951	14807
15718	14971
15714	14984
15691	15147
15821	14906
15906	15004
15868	15053
15812	14840
15755	15019
15949	15208
15958	14774
15895	15110
15707	15069
15888	15166
15933	14904
15693	15113
15684	14701
15979	15167
15823	14816
15706	14787
15774	15130
15714	15150
15712	15237
15852	15126
15735	15150
15713	14764
15863	14907
15866	14824
15815	14961
15951	14943
15970	14827
15691	15240
15729	14904
15677	15177
15748	14811
15929	15170
15863	14778
15682	14960
15785	15221
15854	14994
15912	14779
15875	14894
15721	15126
15914	15234
15726	15130
15682	15130
15724	15239
15706	15244
15844	14919
15709	14995
15888	14811
15863	15130
15847	14904
15860	15237
15706	14984
15691	15240
15851	14738
15750	15105
15972	15237
15861	14958
15797	15064
15863	14902
15821	15213
15843	14982
15884	14759
15828	14904
15682	15218
15738	14904
15801	14740
15978	14817
15775	14829
15792	15145
15914	15237
15687	15189
15707	15069
15935	15175
15809	15209
15763	14813
15916	15236
15963	14989
15914	15237
15743	14777
15726	15150
15914	15130
15808	15057
15864	14843
15808	14860
15914	15234
15934	15130
15979	14896
15706	14934
15706	15244
15938	14748
15791	15150
15813	14904
15732	15144
15899	14728
15790	15058
15769	15237
15924	14918
15915	14813
15755	15019
15706	14861
15979	14896
15721	15126
15707	15033
15850	14854
15697	15252
15682	15237
15687	14919
15914	14696
15968	15130
16075	15488
16014	15391
16172	15494
16173	15500
16138	15466
16001	15466
16018	15473
16042	15415
16097	15447
16070	15382
16172	15378
16086	15391
16007	15499
16084	15281
16084	15281
16045	15506
16142	15472
16001	15466
16002	15485
16031	15492
16056	15299
16028	15413
16117	15377
15982	15390
16113	15324
16171	15375
16005	15480
16088	15391
16114	15299
16105	15349
16112	15285
16114	15261
16059	15485
15988	15503
16068	15391
16165	15289
16036	15499
16115	15419
16182	15493
16083	15395
16105	15349
16112	15285
15982	15390
16034	15261
16095	15368
16136	15484
16102	15424
16171	15303
16096	15485
16091	15343
16088	15391
16008	15399
16089	15397
15986	15322
16040	15420
16030	15345
16080	15330
16096	15485
16125	15341
16131	15263
16069	15356
16180	15422
16090	15299
16121	15410
15992	15461
16111	15431
16097	15447
16117	15377
16130	15411
16026	15262
16092	15442
16156	15391
16161	15482
16004	15286
16042	15415
16034	15261
16086	15391
16023	15480
16031	15492
16134	15354
16057	15506
15989	15464
16010	15395
16021	15483
16050	15351
16102	15498
16059	15485
16028	15439
16152	15353
16083	15466
16094	15282
16034	15361
16150	15485
16180	15422
16141	15321
16010	15303
16143	15474
15996	15392
16044	15409
15981	15350
16018	15473
16090	15480
16052	15421
16143	15474
16123	15450
16182	15493
16171	15466
16005	15480
16125	15341
16137	15338
16189	15520
16183	15513
16193	15525
16195	15530
16195	15530
16189	15520
16190	15521
16194	15528
16196	15531
16187	15518
16188	15519
16193	15525
16184	15515
16196	15531
16233	15638
16230	15566
16233	15566
16257	15629
16211	15563
16233	15551
16247	15566
16290	15569
16230	15550
16257	15656
16210	15569
16294	15560
16233	15571
16268	15566
16227	15592
16223	15598
16233	15638
16284	15617
16293	15596
16211	15601
16223	15628
16233	15566
16233	15569
16233	15644
16248	15569
16258	15644
16223	15662
16275	15566
16290	15551
16254	15559
16233	15645
16240	15665
16268	15576
16296	15617
16290	15609
16223	15644
16287	15566
16233	15576
16233	15661
16252	15647
16240	15658
16227	15566
16241	15581
16233	15646
16240	15558
16298	15605
16263	15569
16228	15558
16211	15569
16274	15656
16248	15566
16203	15661
16203	15566
16228	15644
16284	15635
16223	15607
16240	15644
16223	15644
16240	15566
16217	15556
16293	15596
16233	15622
16240	15644
16253	15613
16235	15551
16214	15569
16230	15566
16262	15595
16300	15576
16230	15550
16277	15637
16290	15551
16203	15566
16231	15569
16253	15629
16233	15661
16261	15536
16286	15655
16234	15569
16262	15638
16240	15661
16235	15551
16259	15550
16240	15625
16298	15605
16233	15646
16223	15619
16233	15605
16233	15595
16289	15551
16248	15566
16275	15566
16223	15603
16283	15614
16223	15556
16228	15566
16299	15659
16240	15601
16223	15550
16233	15556
16219	15607
16233	15539
16217	15569
16223	15665
16274	15629
16214	15661
16219	15607
16227	15551
16248	15595
16219	15566
16274	15660
16248	15551
16227	15646
16214	15551
16231	15551
16284	15629
16261	15549
16274	15635
16270	15619
16248	15628
16248	15661
16227	15595
16203	15625
16233	15583
16301	15569
16233	15576
16261	15605
16223	15636
16217	15556
16223	15665
16256	15566
16248	15628
16253	15614
16263	15655
16248	15576
16227	15569
16261	15569
16223	15569
16219	15566
16223	15630
16240	15569
16233	15618
16224	15639
16242	15644
16261	15604
16263	15655
16284	15660
16253	15660
16230	15625
16262	15661
16231	15566
16268	15616
16301	15569
16248	15569
16242	15566
16294	15560
16221	15555
16227	15655
16258	15566
16505	15901
16852	16292
16425	15823
16463	15995
16763	16188
17028	16385
16742	16180
16625	16426
16736	15762
16976	16437
16366	16376
16771	16192
16705	16128
16967	15721
16817	16248
16607	16319
16334	16019
16462	15838
16998	16454
16962	16420
16331	15722
16731	15931
16509	15903
16942	16369
16486	15883
17008	16493
16472	16276
16648	16449
16669	16082
16636	15699
16321	16457
17040	16506
16474	15996
16804	16236
16603	16006
16685	16108
16331	15699
16538	15832
17060	16535
17039	16503
16374	15766
16867	16349
16776	16413
16384	16138
16593	15999
16848	15931
16968	15735
16336	15717
16538	15799
16308	15674
16794	16222
16647	16055
16452	16141
16327	15762
16423	15822
16815	15799
17018	15711
16336	16361
16366	15848
16684	16102
16788	16382
16607	16370
16536	15680
16586	15992
16538	16245
16527	16468
16820	15848
16800	16231
16331	15708
16835	16092
17061	16266
16536	16130
16846	16157
16959	16426
17039	16503
16604	16541
16408	15804
16538	16217
16635	15999
17009	16013
16773	15692
16327	16078
17065	16541
16364	16361
16611	15699
16910	16347
16742	15942
16832	16264
16861	15924
16715	15782
16715	15934
16778	16201
16396	15714
16744	16301
16966	16089
16860	16275
16534	16363
17041	16508
16694	16116
16588	16301
16709	15903
16795	16226
16954	16410
16708	16005
16510	15904
16808	15999
16822	15941
17038	16531
16815	16322
16519	15919
17060	16187
16881	15762
16709	15903
16571	15976
16495	15890
16914	16352
16478	15872
16788	16228
16789	16219
16820	15992
16752	16169
16927	16370
16887	16217
16304	16332
16694	16116
16615	16019
16371	15762
16867	16275
16314	16005
16400	16412
16366	16301
16910	16023
16777	15848
16972	16429
17065	16541
16318	16019
16341	15680
16532	15934
16976	16437
16697	16118
17018	16215
16987	15735
16536	16305
17019	16480
16538	15798
16838	16271
16659	16535
16704	16382
16835	16092
16924	15708
16411	15806
17043	16116
16642	15699
17048	16520
17008	15735
16462	16007
16997	16013
17048	16520
16450	15852
16707	15953
16427	15825
16336	16138
17000	16213
16665	16269
16823	16299
16772	16193
16638	16041
16756	15992
16780	16426
16772	16193
16673	16089
16480	16243
16442	16317
16831	16263
16304	15666
16961	16419
16335	15854
16406	15802
16436	16033
16521	15924
17065	16057
16968	16426
17065	15903
16968	16250
16667	16217
16378	16269
17033	16499
16366	16376
16956	16412
16973	16431
16968	15839
16641	16541
16306	15669
16756	16235
17060	16535
16863	15831
17001	15798
16708	16264
16392	16400
16787	16318
16709	16264
16675	16482
17044	16512
16437	15840
16693	16250
16684	16102
17058	16019
17026	16492
17013	16475
16912	16350
16968	16522
16832	16264
16814	16535
16746	16162
16885	16019
16687	16150
16963	16423
16591	15996
16584	16508
17029	16496
16538	16258
16436	15862
16378	16269
16787	16217
16859	16296
17009	16469
16835	15867
16637	16039
17032	16089
16336	16437
16533	16269
17062	16539
16942	16531
16850	16290
16787	16448
16715	16004
16867	15735
16476	15871
16974	16113
16751	16250
16788	16510
16955	16012
17045	15703
16984	16445
16968	15839
16567	16479
16349	15992
16521	15888
16828	15942
16654	16060
16651	16250
16912	15941
16366	15992
16671	16086
16850	16290
16726	16142
16809	16242
16334	16455
16387	15781
16467	15942
16835	15795
16655	15785
16462	15838
16472	15886
16437	15840
16671	16086
16514	15909
16423	15822
16451	15853
16561	15968
16392	16376
17050	16523
16937	16390
17060	16019
16445	16105
17038	16531
16305	15668
16826	16468
16438	16301
16675	16269
16521	16113
16332	15710
16788	16489
16554	16250
16465	16438
16598	16192
16585	15854
16523	15928
16538	16217
16611	16509
16693	15924
16318	16382
16820	16376
16557	15871
16604	15760
16918	15968
16968	16507
16554	15848
16604	16541
16394	16468
16619	15951
16602	16380
16491	15799
16879	16315
16778	16201
17016	15962
16795	16226
16383	15779
17008	15735
16678	16094
16630	15708
16472	16123
16602	16007
16787	16066
16853	16170
16675	16092
16944	16401
16681	16100
16693	16113
16452	15854
16693	16301
17028	16493
16692	16111
16867	15968
16681	16100
16586	15848
17057	16531
16708	16264
16673	16166
16507	15680
17008	16369
16411	15806
16527	16451
16737	15811
16631	16036
16835	16269
16787	16250
16327	15699
16538	16254
16745	16159
16417	15812
16519	15919
16839	16272
16554	16250
16662	16073
16402	15798
16313	15676
16673	16166
16552	15961
16446	15849
16405	15801
16787	16038
16944	16401
17045	15886
16641	16130
16946	16402
17011	16471
16468	15867
16329	15702
16923	16361
16421	16347
16787	16061
16692	16111
16776	16413
16744	16366
16304	16469
16989	15831
16440	15841
16765	16190
16787	16369
16589	15995
16886	16320
16352	15714
16993	16451
16402	16067
16757	16013
16881	15860
16736	15699
16784	16465
16726	15965
16805	16237
16787	16371
16538	15942
16717	16318
17008	16397
16843	16113
16371	15762
16625	16426
16820	15848
16988	16369
16931	16269
16769	16426
16942	16397
16614	15690
16787	16468
16615	16382
17066	16542
16839	16272
16835	16025
16927	16370
16369	15794
16513	15906
16820	16250
16787	16355
16316	15686
16655	16301
16936	16046
16793	16221
16306	15669
16654	16060
16851	16105
16327	16044
16835	15959
16430	15778
16861	15891
16615	16019
16602	16457
16867	16369
16825	16501
16701	16124
16765	16190
16404	15800
16440	15841
17063	16378
16499	15896
16641	15903
16538	15866
17041	16508
16669	16082
16515	15912
16708	16541
16414	16009
16538	16350
16536	15886
16624	16031
17008	16468
16602	15905
16538	15747
16362	16006
16637	16039
16674	16090
16736	15699
16334	15943
16377	15769
16426	16272
17008	16369
17028	15735
16327	16034
16756	16406
16746	16162
16532	15934
16726	16142
16942	15742
16602	16460
16436	15839
16306	16361
16502	15900
16687	15992
16832	16130
16320	16489
17025	16430
16457	15857
16787	16316
16653	16479
16855	16231
16502	16105
16673	15666
16619	16250
16861	16301
16554	16376
16404	15800
16838	16271
16642	16044
16611	16115
16908	16446
16682	15900
16402	16361
16970	16427
16986	16361
16602	15824
16694	16180
17028	15735
16464	15861
16304	15738
16699	16120
17038	16377
16336	15717
16304	16382
16321	16007
16538	15832
16781	16206
16422	16406
16818	16531
16750	15963
16304	16080
16604	16130
16764	16189
17015	16476
16526	15999
16538	16245
16992	16490
16561	16133
16438	15785
16979	16412
16564	16116
16578	16189
16876	16356
16405	15801
16336	16437
16912	16217
16849	16162
16398	15668
16885	16382
16891	16269
16787	15714
16538	15799
16622	16028
16628	16034
16334	15714
16893	16326
16327	15767
16366	16250
16362	16209
17006	16465
16785	15908
16858	16295
16536	15680
17006	16465
16820	16376
16686	16406
16920	16357
17033	16499
16814	16535
16787	16402
16554	16376
16365	15699
16371	15699
16558	16250
16946	16013
16327	16034
16752	16169
16557	15871
16828	15941
16727	16144
16534	16135
16406	15802
